time,open,high,low,close,Up Trend,Down Trend,EMA,EMA,Daily Pivot,Daily BC,Daily TC,Daily R1,Daily R2,Daily S1,Daily S2,Daily S3,Volume
2026-01-06T14:00:00+05:30,26151.95,26172.3,26151.9,26152.9,,26198.68429466459,26165.129320689997,26159.551761205075,26277.850000000002,26264.075000000004,26291.625,26345.650000000005,26441.000000000004,26182.500000000004,26114.7,26019.350000000002,5557820
2026-01-06T14:05:00+05:30,26153.15,26162.65,26136.05,26139.15,,26198.68429466459,26162.6550996719,26155.471408964062,26277.850000000002,26264.075000000004,26291.625,26345.650000000005,26441.000000000004,26182.500000000004,26114.7,26019.350000000002,5975571
2026-01-06T14:10:00+05:30,26138.15,26140.75,26125.8,26133.15,,26182.612603504258,26159.84509017934,26151.00712717125,26277.850000000002,26264.075000000004,26291.625,26345.650000000005,26441.000000000004,26182.500000000004,26114.7,26019.350000000002,4199623
2026-01-06T14:15:00+05:30,26133.25,26139.5,26131.2,26134.75,,26182.243843153832,26157.455081590833,26147.755701737,26277.850000000002,26264.075000000004,26291.625,26345.650000000005,26441.000000000004,26182.500000000004,26114.7,26019.350000000002,5486699
2026-01-06T14:20:00+05:30,26134.9,26142.4,26125.3,26141.1,,26181.18445883845,26155.897454772658,26146.424561389602,26277.850000000002,26264.075000000004,26291.625,26345.650000000005,26441.000000000004,26182.500000000004,26114.7,26019.350000000002,6223626
2026-01-06T14:25:00+05:30,26140.3,26148.05,26137.25,26148.05,,26181.18445883845,26155.15007812764,26146.74964911168,26277.850000000002,26264.075000000004,26291.625,26345.650000000005,26441.000000000004,26182.500000000004,26114.7,26019.350000000002,4939765
2026-01-06T14:30:00+05:30,26147.75,26150.95,26139.6,26144.5,,26181.18445883845,26154.135784972626,26146.299719289345,26277.850000000002,26264.075000000004,26291.625,26345.650000000005,26441.000000000004,26182.500000000004,26114.7,26019.350000000002,3763888
2026-01-06T14:35:00+05:30,26144.6,26149.35,26124.75,26143.25,,26181.18445883845,26153.099043546663,26145.689775431478,26277.850000000002,26264.075000000004,26291.625,26345.650000000005,26441.000000000004,26182.500000000004,26114.7,26019.350000000002,5767196
2026-01-06T14:40:00+05:30,26142.45,26153.85,26142.45,26149.7,,26181.18445883845,26152.77532511365,26146.49182034518,26277.850000000002,26264.075000000004,26291.625,26345.650000000005,26441.000000000004,26182.500000000004,26114.7,26019.350000000002,4595966
2026-01-06T14:45:00+05:30,26149.8,26165.5,26147.65,26165.15,,26181.18445883845,26153.953865579017,26150.223456276144,26277.850000000002,26264.075000000004,26291.625,26345.650000000005,26441.000000000004,26182.500000000004,26114.7,26019.350000000002,6149984
2026-01-06T14:50:00+05:30,26164.15,26169.8,26155.5,26156.75,,26181.18445883845,26154.2201640953,26151.528765020914,26277.850000000002,26264.075000000004,26291.625,26345.650000000005,26441.000000000004,26182.500000000004,26114.7,26019.350000000002,3874670
2026-01-06T14:55:00+05:30,26157.15,26164.55,26155.15,26164,,26181.18445883845,26155.151577038603,26154.023012016733,26277.850000000002,26264.075000000004,26291.625,26345.650000000005,26441.000000000004,26182.500000000004,26114.7,26019.350000000002,4225815
2026-01-06T15:00:00+05:30,26165.05,26182.85,26165.05,26178.5,,26181.18445883845,26157.37523636826,26158.918409613387,26277.850000000002,26264.075000000004,26291.625,26345.650000000005,26441.000000000004,26182.500000000004,26114.7,26019.350000000002,8320246
2026-01-06T15:05:00+05:30,26177.8,26187.7,26169.8,26178.75,,26181.18445883845,26159.41092814271,26162.88472769071,26277.850000000002,26264.075000000004,26291.625,26345.650000000005,26441.000000000004,26182.500000000004,26114.7,26019.350000000002,8738392
2026-01-06T15:10:00+05:30,26177.75,26183.6,26166.45,26175.95,,26181.18445883845,26160.986077843405,26165.497782152568,26277.850000000002,26264.075000000004,26291.625,26345.650000000005,26441.000000000004,26182.500000000004,26114.7,26019.350000000002,7992249
2026-01-06T15:15:00+05:30,26175,26182.95,26172.1,26181.25,26132.06231022536,,26162.915975191652,26168.648225722056,26277.850000000002,26264.075000000004,26291.625,26345.650000000005,26441.000000000004,26182.500000000004,26114.7,26019.350000000002,10636634
2026-01-06T15:20:00+05:30,26181.35,26186.1,26179.5,26183.2,26139.687724154286,,26164.84778707816,26171.558580577646,26277.850000000002,26264.075000000004,26291.625,26345.650000000005,26441.000000000004,26182.500000000004,26114.7,26019.350000000002,12310652
2026-01-06T15:25:00+05:30,26184.9,26186.5,26170.85,26174.65,26139.687724154286,,26165.781331165956,26172.17686446212,26277.850000000002,26264.075000000004,26291.625,26345.650000000005,26441.000000000004,26182.500000000004,26114.7,26019.350000000002,9266488
2026-01-07T09:15:00+05:30,26160.5,26166,26104.3,26125.65,,26195.40144343503,26161.95929962634,26162.871491569695,26192.466666666664,26185.58333333333,26199.35,26260.183333333327,26341.666666666664,26110.983333333326,26043.266666666663,25961.783333333326,16967288
2026-01-07T09:20:00+05:30,26128.5,26160.55,26125.4,26154.6,,26195.40144343503,26161.258413947642,26161.217193255754,26192.466666666664,26185.58333333333,26199.35,26260.183333333327,26341.666666666664,26110.983333333326,26043.266666666663,25961.783333333326,7511920
2026-01-07T09:25:00+05:30,26155.65,26155.65,26113.95,26120.35,,26195.40144343503,26157.36237452406,26153.0437546046,26192.466666666664,26185.58333333333,26199.35,26260.183333333327,26341.666666666664,26110.983333333326,26043.266666666663,25961.783333333326,5125556
2026-01-07T09:30:00+05:30,26121.75,26141.85,26119.05,26133.3,,26195.40144343503,26155.07071980748,26149.09500368368,26192.466666666664,26185.58333333333,26199.35,26260.183333333327,26341.666666666664,26110.983333333326,26043.266666666663,25961.783333333326,5696158
2026-01-07T09:35:00+05:30,26134,26149.65,26130.9,26144.2,,26195.40144343503,26154.03541315915,26148.116002946943,26192.466666666664,26185.58333333333,26199.35,26260.183333333327,26341.666666666664,26110.983333333326,26043.266666666663,25961.783333333326,5239882
2026-01-07T09:40:00+05:30,26145.25,26150.95,26106.15,26108.2,,26195.40144343503,26149.67013571542,26140.132802357555,26192.466666666664,26185.58333333333,26199.35,26260.183333333327,26341.666666666664,26110.983333333326,26043.266666666663,25961.783333333326,4556856
2026-01-07T09:45:00+05:30,26108.1,26125.55,26101.85,26114.95,,26188.90322540055,26146.363456123476,26135.096241886044,26192.466666666664,26185.58333333333,26199.35,26260.183333333327,26341.666666666664,26110.983333333326,26043.266666666663,25961.783333333326,4373172
2026-01-07T09:50:00+05:30,26115.25,26118.2,26096.65,26108.05,,26181.572902860502,26142.714555540286,26129.686993508836,26192.466666666664,26185.58333333333,26199.35,26260.183333333327,26341.666666666664,26110.983333333326,26043.266666666663,25961.783333333326,3805405
2026-01-07T09:55:00+05:30,26108.65,26139.05,26107.1,26138.8,,26181.572902860502,26142.341740726926,26131.50959480707,26192.466666666664,26185.58333333333,26199.35,26260.183333333327,26341.666666666664,26110.983333333326,26043.266666666663,25961.783333333326,7832024
2026-01-07T10:00:00+05:30,26138.95,26153.3,26132.9,26146.15,,26181.572902860502,26142.704432086266,26134.437675845656,26192.466666666664,26185.58333333333,26199.35,26260.183333333327,26341.666666666664,26110.983333333326,26043.266666666663,25961.783333333326,4319509
2026-01-07T10:05:00+05:30,26146.25,26163.55,26139.3,26162.9,,26181.572902860502,26144.627819506622,26140.130140676527,26192.466666666664,26185.58333333333,26199.35,26260.183333333327,26341.666666666664,26110.983333333326,26043.266666666663,25961.783333333326,4566984
2026-01-07T10:10:00+05:30,26163.6,26168.2,26155.9,26167.25,,26181.572902860502,26146.782312886946,26145.55411254122,26192.466666666664,26185.58333333333,26199.35,26260.183333333327,26341.666666666664,26110.983333333326,26043.266666666663,25961.783333333326,4852321
2026-01-07T10:15:00+05:30,26167.75,26187.15,26156.05,26159.75,,26181.572902860502,26148.017330707236,26148.393290032975,26192.466666666664,26185.58333333333,26199.35,26260.183333333327,26341.666666666664,26110.983333333326,26043.266666666663,25961.783333333326,4443313
2026-01-07T10:20:00+05:30,26159.65,26171.3,26150.15,26151.5,,26181.572902860502,26148.349013497023,26149.01463202638,26192.466666666664,26185.58333333333,26199.35,26260.183333333327,26341.666666666664,26110.983333333326,26043.266666666663,25961.783333333326,3411632
2026-01-07T10:25:00+05:30,26152.25,26155.45,26129.75,26134,,26181.572902860502,26146.98244078302,26146.011705621106,26192.466666666664,26185.58333333333,26199.35,26260.183333333327,26341.666666666664,26110.983333333326,26043.266666666663,25961.783333333326,4296223
2026-01-07T10:30:00+05:30,26135.6,26143.7,26129.6,26131.45,,26181.572902860502,26145.503160708446,26143.099364496884,26192.466666666664,26185.58333333333,26199.35,26260.183333333327,26341.666666666664,26110.983333333326,26043.266666666663,25961.783333333326,3107223
2026-01-07T10:35:00+05:30,26131.5,26137.55,26125.2,26136.4,,26181.572902860502,26144.63619302193,26141.759491597506,26192.466666666664,26185.58333333333,26199.35,26260.183333333327,26341.666666666664,26110.983333333326,26043.266666666663,25961.783333333326,2590786
2026-01-07T10:40:00+05:30,26136.55,26145.25,26134.9,26141.9,,26181.572902860502,26144.375603210316,26141.787593278004,26192.466666666664,26185.58333333333,26199.35,26260.183333333327,26341.666666666664,26110.983333333326,26043.266666666663,25961.783333333326,2718969
2026-01-07T10:45:00+05:30,26142.4,26149.15,26133.8,26141.35,,26181.572902860502,26144.087450523617,26141.700074622404,26192.466666666664,26185.58333333333,26199.35,26260.183333333327,26341.666666666664,26110.983333333326,26043.266666666663,25961.783333333326,2832448
2026-01-07T10:50:00+05:30,26142.15,26167.95,26139.2,26165.85,,26181.572902860502,26146.16007428327,26146.53005969792,26192.466666666664,26185.58333333333,26199.35,26260.183333333327,26341.666666666664,26110.983333333326,26043.266666666663,25961.783333333326,3265655
2026-01-07T10:55:00+05:30,26166.35,26175.7,26155.6,26163.35,,26181.572902860502,26147.797210065815,26149.89404775834,26192.466666666664,26185.58333333333,26199.35,26260.183333333327,26341.666666666664,26110.983333333326,26043.266666666663,25961.783333333326,3682402
2026-01-07T11:00:00+05:30,26164.5,26179.75,26159.35,26179.05,,26181.572902860502,26150.773666250025,26155.72523820667,26192.466666666664,26185.58333333333,26199.35,26260.183333333327,26341.666666666664,26110.983333333326,26043.266666666663,25961.783333333326,3715752
2026-01-07T11:05:00+05:30,26179.7,26184.75,26171.55,26171.65,,26181.572902860502,26152.761888511926,26158.910190565337,26192.466666666664,26185.58333333333,26199.35,26260.183333333327,26341.666666666664,26110.983333333326,26043.266666666663,25961.783333333326,4056350
2026-01-07T11:10:00+05:30,26172.35,26172.35,26150.55,26151.6,,26181.572902860502,26152.651232463173,26157.44815245227,26192.466666666664,26185.58333333333,26199.35,26260.183333333327,26341.666666666664,26110.983333333326,26043.266666666663,25961.783333333326,5131662
2026-01-07T11:15:00+05:30,26151.7,26153.7,26140.2,26152.85,,26181.572902860502,26152.670162704777,26156.528521961816,26192.466666666664,26185.58333333333,26199.35,26260.183333333327,26341.666666666664,26110.983333333326,26043.266666666663,25961.783333333326,5403162
2026-01-07T11:20:00+05:30,26153.05,26155.5,26131.8,26138.85,,26181.572902860502,26151.35395673289,26152.99281756945,26192.466666666664,26185.58333333333,26199.35,26260.183333333327,26341.666666666664,26110.983333333326,26043.266666666663,25961.783333333326,4053117
2026-01-07T11:25:00+05:30,26139.1,26156.8,26138.35,26142.4,,26181.572902860502,26150.50119894881,26150.87425405556,26192.466666666664,26185.58333333333,26199.35,26260.183333333327,26341.666666666664,26110.983333333326,26043.266666666663,25961.783333333326,15412045
2026-01-07T11:30:00+05:30,26143.25,26162.15,26142.65,26158.15,,26181.572902860502,26151.22965619178,26152.32940324445,26192.466666666664,26185.58333333333,26199.35,26260.183333333327,26341.666666666664,26110.983333333326,26043.266666666663,25961.783333333326,2913619
2026-01-07T11:35:00+05:30,26159.55,26166.45,26140.8,26146.15,,26181.572902860502,26150.74587941161,26151.09352259556,26192.466666666664,26185.58333333333,26199.35,26260.183333333327,26341.666666666664,26110.983333333326,26043.266666666663,25961.783333333326,2811941
2026-01-07T11:40:00+05:30,26146.6,26150.8,26142.05,26143.2,,26181.572902860502,26150.02722422955,26149.514818076448,26192.466666666664,26185.58333333333,26199.35,26260.183333333327,26341.666666666664,26110.983333333326,26043.266666666663,25961.783333333326,4313137
2026-01-07T11:45:00+05:30,26143.8,26144.35,26128.85,26135.65,,26181.572902860502,26148.65796477912,26146.741854461157,26192.466666666664,26185.58333333333,26199.35,26260.183333333327,26341.666666666664,26110.983333333326,26043.266666666663,25961.783333333326,3152649
2026-01-07T11:50:00+05:30,26135.5,26140.65,26121.45,26121.45,,26181.572902860502,26146.066730038252,26141.683483568926,26192.466666666664,26185.58333333333,26199.35,26260.183333333327,26341.666666666664,26110.983333333326,26043.266666666663,25961.783333333326,2891060
2026-01-07T11:55:00+05:30,26122.55,26130.6,26118.95,26120.65,,26179.481129055806,26143.646089082227,26137.476786855143,26192.466666666664,26185.58333333333,26199.35,26260.183333333327,26341.666666666664,26110.983333333326,26043.266666666663,25961.783333333326,2918241
2026-01-07T12:00:00+05:30,26121.55,26123.3,26112.15,26115.2,,26170.305516150223,26140.936937741062,26133.021429484113,26192.466666666664,26185.58333333333,26199.35,26260.183333333327,26341.666666666664,26110.983333333326,26043.266666666663,25961.783333333326,2759834
2026-01-07T12:05:00+05:30,26115.7,26118.15,26106.2,26112,,26163.082464535204,26138.18103890858,26128.81714358729,26192.466666666664,26185.58333333333,26199.35,26260.183333333327,26341.666666666664,26110.983333333326,26043.266666666663,25961.783333333326,2930720
2026-01-07T12:10:00+05:30,26112.1,26115.8,26108.25,26112.1,,26160.106718081683,26135.697130441098,26125.473714869833,26192.466666666664,26185.58333333333,26199.35,26260.183333333327,26341.666666666664,26110.983333333326,26043.266666666663,25961.783333333326,2260971
2026-01-07T12:15:00+05:30,26112.55,26115.55,26102.75,26102.75,,26156.263546273516,26132.55930849433,26120.928971895868,26192.466666666664,26185.58333333333,26199.35,26260.183333333327,26341.666666666664,26110.983333333326,26043.266666666663,25961.783333333326,2558542
2026-01-07T12:20:00+05:30,26103.55,26110.55,26099.3,26103.6,,26150.70219164616,26129.801279113915,26117.463177516693,26192.466666666664,26185.58333333333,26199.35,26260.183333333327,26341.666666666664,26110.983333333326,26043.266666666663,25961.783333333326,3725216
2026-01-07T12:25:00+05:30,26104,26112.1,26096.45,26098.05,,26150.169472481546,26126.777347769734,26113.580542013355,26192.466666666664,26185.58333333333,26199.35,26260.183333333327,26341.666666666664,26110.983333333326,26043.266666666663,25961.783333333326,3184572
2026-01-07T12:30:00+05:30,26098.9,26110.3,26097.75,26106.25,,26149.095025233393,26124.822362267856,26112.114433610685,26192.466666666664,26185.58333333333,26199.35,26260.183333333327,26341.666666666664,26110.983333333326,26043.266666666663,25961.783333333326,4866107
2026-01-07T12:35:00+05:30,26106.55,26108.45,26097.25,26106.7,,26146.77302271005,26123.096423004252,26111.03154688855,26192.466666666664,26185.58333333333,26199.35,26260.183333333327,26341.666666666664,26110.983333333326,26043.266666666663,25961.783333333326,2764799
2026-01-07T12:40:00+05:30,26107.5,26108.25,26078.55,26083.25,,26141.84072043905,26119.301525575276,26105.47523751084,26192.466666666664,26185.58333333333,26199.35,26260.183333333327,26341.666666666664,26110.983333333326,26043.266666666663,25961.783333333326,2167009
2026-01-07T12:45:00+05:30,26083.45,26088.2,26077,26081.2,,26129.55664839514,26115.672808853822,26100.62019000867,26192.466666666664,26185.58333333333,26199.35,26260.183333333327,26341.666666666664,26110.983333333326,26043.266666666663,25961.783333333326,2568254
2026-01-07T12:50:00+05:30,26081.4,26089.8,26080.7,26086.4,,26129.55664839514,26112.884922296314,26097.776152006936,26192.466666666664,26185.58333333333,26199.35,26260.183333333327,26341.666666666664,26110.983333333326,26043.266666666663,25961.783333333326,2454563
2026-01-07T12:55:00+05:30,26087.55,26099.45,26086.85,26098,,26129.55664839514,26111.467310649048,26097.820921605547,26192.466666666664,26185.58333333333,26199.35,26260.183333333327,26341.666666666664,26110.983333333326,26043.266666666663,25961.783333333326,3576310
2026-01-07T13:00:00+05:30,26098.6,26109.05,26096.8,26107,,26129.55664839514,26111.041852491995,26099.656737284437,26192.466666666664,26185.58333333333,26199.35,26260.183333333327,26341.666666666664,26110.983333333326,26043.266666666663,25961.783333333326,2601327
2026-01-07T13:05:00+05:30,26107.45,26109.55,26100.65,26106.15,,26129.55664839514,26110.57596177847,26100.955389827548,26192.466666666664,26185.58333333333,26199.35,26260.183333333327,26341.666666666664,26110.983333333326,26043.266666666663,25961.783333333326,2869625
2026-01-07T13:10:00+05:30,26106.3,26114,26102.65,26102.9,,26129.55664839514,26109.844917799568,26101.344311862038,26192.466666666664,26185.58333333333,26199.35,26260.183333333327,26341.666666666664,26110.983333333326,26043.266666666663,25961.783333333326,2788052
2026-01-07T13:15:00+05:30,26103.25,26104.85,26094.75,26098.7,,26129.55664839514,26108.783497056753,26100.81544948963,26192.466666666664,26185.58333333333,26199.35,26260.183333333327,26341.666666666664,26110.983333333326,26043.266666666663,25961.783333333326,3274824
2026-01-07T13:20:00+05:30,26098.9,26099.55,26089.8,26089.8,,26129.55664839514,26106.97554495611,26098.612359591705,26192.466666666664,26185.58333333333,26199.35,26260.183333333327,26341.666666666664,26110.983333333326,26043.266666666663,25961.783333333326,2568702
2026-01-07T13:25:00+05:30,26090.25,26091.65,26069.3,26073,,26122.270522227605,26103.739778769814,26093.489887673364,26192.466666666664,26185.58333333333,26199.35,26260.183333333327,26341.666666666664,26110.983333333326,26043.266666666663,25961.783333333326,4381470
2026-01-07T13:30:00+05:30,26073.25,26078.35,26068.7,26071.1,,26114.035970004847,26100.631228410784,26089.01191013869,26192.466666666664,26185.58333333333,26199.35,26260.183333333327,26341.666666666664,26110.983333333326,26043.266666666663,25961.783333333326,3692909
2026-01-07T13:35:00+05:30,26071.75,26084.95,26070.05,26081.25,,26114.035970004847,26098.785397133568,26087.459528110954,26192.466666666664,26185.58333333333,26199.35,26260.183333333327,26341.666666666664,26110.983333333326,26043.266666666663,25961.783333333326,3098458
2026-01-07T13:40:00+05:30,26081.7,26082.05,26067.9,26076.1,,26114.035970004847,26096.624883120847,26085.187622488764,26192.466666666664,26185.58333333333,26199.35,26260.183333333327,26341.666666666664,26110.983333333326,26043.266666666663,25961.783333333326,5794947
2026-01-07T13:45:00+05:30,26076.6,26084.15,26071.15,26082.9,,26114.035970004847,26095.31775139505,26084.73009799101,26192.466666666664,26185.58333333333,26199.35,26260.183333333327,26341.666666666664,26110.983333333326,26043.266666666663,25961.783333333326,3246838
2026-01-07T13:50:00+05:30,26083.35,26086.2,26070.7,26081.2,,26114.035970004847,26093.97320364314,26084.02407839281,26192.466666666664,26185.58333333333,26199.35,26260.183333333327,26341.666666666664,26110.983333333326,26043.266666666663,25961.783333333326,3444928
2026-01-07T13:55:00+05:30,26081.8,26093.4,26078.05,26092.5,,26114.035970004847,26093.83289853427,26085.719262714247,26192.466666666664,26185.58333333333,26199.35,26260.183333333327,26341.666666666664,26110.983333333326,26043.266666666663,25961.783333333326,2700191
2026-01-07T14:00:00+05:30,26093.45,26100,26082.2,26099.15,,26114.035970004847,26094.339289150055,26088.4054101714,26192.466666666664,26185.58333333333,26199.35,26260.183333333327,26341.666666666664,26110.983333333326,26043.266666666663,25961.783333333326,2763745
2026-01-07T14:05:00+05:30,26099.45,26103,26093.25,26099.9,,26114.035970004847,26094.868880659575,26090.70432813712,26192.466666666664,26185.58333333333,26199.35,26260.183333333327,26341.666666666664,26110.983333333326,26043.266666666663,25961.783333333326,3000947
2026-01-07T14:10:00+05:30,26100.1,26106.15,26098.2,26098.85,,26114.035970004847,26095.248034882472,26092.333462509694,26192.466666666664,26185.58333333333,26199.35,26260.183333333327,26341.666666666664,26110.983333333326,26043.266666666663,25961.783333333326,2603095
2026-01-07T14:15:00+05:30,26099.25,26099.55,26087.65,26091.3,,26114.035970004847,26094.87203156033,26092.126770007755,26192.466666666664,26185.58333333333,26199.35,26260.183333333327,26341.666666666664,26110.983333333326,26043.266666666663,25961.783333333326,3626799
2026-01-07T14:20:00+05:30,26092.65,26098.25,26084,26088.15,,26114.035970004847,26094.231838078395,26091.331416006204,26192.466666666664,26185.58333333333,26199.35,26260.183333333327,26341.666666666664,26110.983333333326,26043.266666666663,25961.783333333326,2690373
2026-01-07T14:25:00+05:30,26088.75,26097.75,26085.35,26096.2,,26114.035970004847,26094.41928207093,26092.305132804962,26192.466666666664,26185.58333333333,26199.35,26260.183333333327,26341.666666666664,26110.983333333326,26043.266666666663,25961.783333333326,2573099
2026-01-07T14:30:00+05:30,26096.45,26099.85,26083.2,26087.2,,26114.035970004847,26093.731731397507,26091.28410624397,26192.466666666664,26185.58333333333,26199.35,26260.183333333327,26341.666666666664,26110.983333333326,26043.266666666663,25961.783333333326,3410510
2026-01-07T14:35:00+05:30,26089.6,26100.55,26086.75,26099.3,,26114.035970004847,26094.262042692983,26092.887284995177,26192.466666666664,26185.58333333333,26199.35,26260.183333333327,26341.666666666664,26110.983333333326,26043.266666666663,25961.783333333326,2637273
2026-01-07T14:40:00+05:30,26099.25,26111.45,26095.5,26109,,26114.035970004847,26095.665657674603,26096.10982799614,26192.466666666664,26185.58333333333,26199.35,26260.183333333327,26341.666666666664,26110.983333333326,26043.266666666663,25961.783333333326,3824282
2026-01-07T14:45:00+05:30,26109.35,26109.8,26094.1,26097.25,,26114.035970004847,26095.81654741988,26096.33786239691,26192.466666666664,26185.58333333333,26199.35,26260.183333333327,26341.666666666664,26110.983333333326,26043.266666666663,25961.783333333326,5070812
2026-01-07T14:50:00+05:30,26097.3,26121.3,26095.4,26119.25,26067.167630689153,,26098.04830480846,26100.92028991753,26192.466666666664,26185.58333333333,26199.35,26260.183333333327,26341.666666666664,26110.983333333326,26043.266666666663,25961.783333333326,4674444
2026-01-07T14:55:00+05:30,26119.2,26120.75,26111.65,26117.35,26072.49665836855,,26099.886561493367,26104.206231934022,26192.466666666664,26185.58333333333,26199.35,26260.183333333327,26341.666666666664,26110.983333333326,26043.266666666663,25961.783333333326,5278713
2026-01-07T15:00:00+05:30,26122.25,26135.35,26119.6,26128.4,26082.74199253169,,26102.602127065427,26109.044985547218,26192.466666666664,26185.58333333333,26199.35,26260.183333333327,26341.666666666664,26110.983333333326,26043.266666666663,25961.783333333326,8565490
2026-01-07T15:05:00+05:30,26129.85,26146.8,26128.9,26145.5,26092.070293278524,,26106.68763877348,26116.335988437775,26192.466666666664,26185.58333333333,26199.35,26260.183333333327,26341.666666666664,26110.983333333326,26043.266666666663,25961.783333333326,8393511
2026-01-07T15:10:00+05:30,26146.05,26152.95,26140.75,26151.8,26101.98826395067,,26110.98405412839,26123.42879075022,26192.466666666664,26185.58333333333,26199.35,26260.183333333327,26341.666666666664,26110.983333333326,26043.266666666663,25961.783333333326,8883372
2026-01-07T15:15:00+05:30,26153.4,26153.6,26136.3,26140.5,26101.98826395067,,26113.795096592352,26126.843032600176,26192.466666666664,26185.58333333333,26199.35,26260.183333333327,26341.666666666664,26110.983333333326,26043.266666666663,25961.783333333326,9874350
2026-01-07T15:20:00+05:30,26141.4,26141.4,26133.75,26137.45,26101.98826395067,,26116.047944535938,26128.96442608014,26192.466666666664,26185.58333333333,26199.35,26260.183333333327,26341.666666666664,26110.983333333326,26043.266666666663,25961.783333333326,10928764
2026-01-07T15:25:00+05:30,26138.1,26149.15,26136.05,26142.9,26101.98826395067,,26118.605283151563,26131.751540864112,26192.466666666664,26185.58333333333,26199.35,26260.183333333327,26341.666666666664,26110.983333333326,26043.266666666663,25961.783333333326,9085937
2026-01-08T09:15:00+05:30,26097.25,26133.2,26074.85,26123.25,26101.98826395067,,26119.04763713713,26130.05123269129,26131.933333333334,26127.525,26136.341666666667,26195.966666666667,26251.183333333334,26076.716666666667,26012.683333333334,25957.466666666667,15605729
2026-01-08T09:20:00+05:30,26119.85,26119.85,26090.9,26096.75,,26159.903341631452,26116.92405264788,26123.390986153034,26131.933333333334,26127.525,26136.341666666667,26195.966666666667,26251.183333333334,26076.716666666667,26012.683333333334,25957.466666666667,7546627
2026-01-08T09:25:00+05:30,26096.6,26097,26063.75,26064.5,,26146.89737846779,26111.93128572903,26111.612788922426,26131.933333333334,26127.525,26136.341666666667,26195.966666666667,26251.183333333334,26076.716666666667,26012.683333333334,25957.466666666667,5693344
2026-01-08T09:30:00+05:30,26065,26070.05,26049.85,26060.7,,26125.88014062101,26107.0521156596,26101.43023113794,26131.933333333334,26127.525,26136.341666666667,26195.966666666667,26251.183333333334,26076.716666666667,26012.683333333334,25957.466666666667,5156152
2026-01-08T09:35:00+05:30,26060.8,26095.9,26053.25,26092.45,,26125.88014062101,26105.661437977735,26099.634184910352,26131.933333333334,26127.525,26136.341666666667,26195.966666666667,26251.183333333334,26076.716666666667,26012.683333333334,25957.466666666667,5579399
2026-01-08T09:40:00+05:30,26092.85,26103.35,26087.3,26090.7,,26125.88014062101,26104.236539122714,26097.84734792828,26131.933333333334,26127.525,26136.341666666667,26195.966666666667,26251.183333333334,26076.716666666667,26012.683333333334,25957.466666666667,5725168
2026-01-08T09:45:00+05:30,26090.65,26091.3,26068.45,26082.2,,26125.88014062101,26102.137821111028,26094.717878342624,26131.933333333334,26127.525,26136.341666666667,26195.966666666667,26251.183333333334,26076.716666666667,26012.683333333334,25957.466666666667,5551259
2026-01-08T09:50:00+05:30,26081.75,26099.1,26066.2,26096.75,,26125.88014062101,26101.62469529093,26095.1243026741,26131.933333333334,26127.525,26136.341666666667,26195.966666666667,26251.183333333334,26076.716666666667,26012.683333333334,25957.466666666667,4147707
2026-01-08T09:55:00+05:30,26096.65,26098.65,26084.55,26091.7,,26125.88014062101,26100.679486215606,26094.43944213928,26131.933333333334,26127.525,26136.341666666667,26195.966666666667,26251.183333333334,26076.716666666667,26012.683333333334,25957.466666666667,3804123
2026-01-08T10:00:00+05:30,26091.05,26091.65,26064.75,26066.05,,26125.88014062101,26097.381439909357,26088.76155371142,26131.933333333334,26127.525,26136.341666666667,26195.966666666667,26251.183333333334,26076.716666666667,26012.683333333334,25957.466666666667,12033089
2026-01-08T10:05:00+05:30,26065.9,26072.05,26053.15,26055.4,,26125.88014062101,26093.383207537037,26082.089242969138,26131.933333333334,26127.525,26136.341666666667,26195.966666666667,26251.183333333334,26076.716666666667,26012.683333333334,25957.466666666667,5331115
2026-01-08T10:10:00+05:30,26055.55,26065.1,26047.9,26061.15,,26123.978496888532,26090.313378247796,26077.90139437531,26131.933333333334,26127.525,26136.341666666667,26195.966666666667,26251.183333333334,26076.716666666667,26012.683333333334,25957.466666666667,3710095
2026-01-08T10:15:00+05:30,26061.8,26062,26037.15,26037.15,,26117.76064719968,26085.250199367052,26069.751115500247,26131.933333333334,26127.525,26136.341666666667,26195.966666666667,26251.183333333334,26076.716666666667,26012.683333333334,25957.466666666667,2371865
2026-01-08T10:20:00+05:30,26036.95,26041.85,26026.15,26034.8,,26100.07708247971,26080.445418474952,26062.760892400198,26131.933333333334,26127.525,26136.341666666667,26195.966666666667,26251.183333333334,26076.716666666667,26012.683333333334,25957.466666666667,3376680
2026-01-08T10:25:00+05:30,26035.5,26041.85,26030.75,26039.95,,26099.09937423174,26076.58871195353,26058.19871392016,26131.933333333334,26127.525,26136.341666666667,26195.966666666667,26251.183333333334,26076.716666666667,26012.683333333334,25957.466666666667,5217925
2026-01-08T10:30:00+05:30,26040.15,26041.8,26029.15,26037.8,,26095.78943680856,26072.894548910335,26054.118971136126,26131.933333333334,26127.525,26136.341666666667,26195.966666666667,26251.183333333334,26076.716666666667,26012.683333333334,25957.466666666667,3089720
2026-01-08T10:35:00+05:30,26038.5,26042.55,26026.6,26031.15,,26093.642993127705,26068.91887758554,26049.5251769089,26131.933333333334,26127.525,26136.341666666667,26195.966666666667,26251.183333333334,26076.716666666667,26012.683333333334,25957.466666666667,3006065
2026-01-08T10:40:00+05:30,26030.85,26037.3,26025,26031.6,,26088.00119381494,26065.36469876787,26045.94014152712,26131.933333333334,26127.525,26136.341666666667,26195.966666666667,26251.183333333334,26076.716666666667,26012.683333333334,25957.466666666667,3714869
2026-01-08T10:45:00+05:30,26031.85,26035.75,26027,26027,,26085.166074433444,26061.710917932833,26042.152113221695,26131.933333333334,26127.525,26136.341666666667,26195.966666666667,26251.183333333334,26076.716666666667,26012.683333333334,25957.466666666667,3890843
2026-01-08T10:50:00+05:30,26027.1,26031.3,26013.4,26021.55,,26076.1319669901,26057.886068605898,26038.031690577354,26131.933333333334,26127.525,26136.341666666667,26195.966666666667,26251.183333333334,26076.716666666667,26012.683333333334,25957.466666666667,3815416
2026-01-08T10:55:00+05:30,26021.75,26024.5,26012.8,26016.9,,26070.56377029109,26053.982633500575,26033.805352461884,26131.933333333334,26127.525,26136.341666666667,26195.966666666667,26251.183333333334,26076.716666666667,26012.683333333334,25957.466666666667,4698706
2026-01-08T11:00:00+05:30,26017.55,26017.75,26006.4,26016.8,,26062.20239326198,26050.441430310042,26030.404281969506,26131.933333333334,26127.525,26136.341666666667,26195.966666666667,26251.183333333334,26076.716666666667,26012.683333333334,25957.466666666667,3900941
2026-01-08T11:05:00+05:30,26016.3,26016.65,26008.25,26014.5,,26060.129653935783,26047.018436947183,26027.223425575605,26131.933333333334,26127.525,26136.341666666667,26195.966666666667,26251.183333333334,26076.716666666667,26012.683333333334,25957.466666666667,4518530
2026-01-08T11:10:00+05:30,26013.8,26013.8,26000.95,26003.8,,26054.351688542203,26042.902395333163,26022.538740460484,26131.933333333334,26127.525,26136.341666666667,26195.966666666667,26251.183333333334,26076.716666666667,26012.683333333334,25957.466666666667,3734135
2026-01-08T11:15:00+05:30,26001.65,26008.2,25993.6,25999,,26047.559019687986,26038.721214825244,26017.83099236839,26131.933333333334,26127.525,26136.341666666667,26195.966666666667,26251.183333333334,26076.716666666667,26012.683333333334,25957.466666666667,3986408
2026-01-08T11:20:00+05:30,25997.8,25998.3,25967.8,25969,,26034.403117719186,26032.0810991276,26008.06479389471,26131.933333333334,26127.525,26136.341666666667,26195.966666666667,26251.183333333334,26076.716666666667,26012.683333333334,25957.466666666667,4296357
2026-01-08T11:25:00+05:30,25970.1,25976.15,25963.65,25975.6,,26019.86780594727,26026.701946829733,26001.57183511577,26131.933333333334,26127.525,26136.341666666667,26195.966666666667,26251.183333333334,26076.716666666667,26012.683333333334,25957.466666666667,3553396
2026-01-08T11:30:00+05:30,25975.2,25975.35,25961.8,25968.45,,26017.686025352537,26021.15414236976,25994.947468092618,26131.933333333334,26127.525,26136.341666666667,26195.966666666667,26251.183333333334,26076.716666666667,26012.683333333334,25957.466666666667,3230300
2026-01-08T11:35:00+05:30,25968.15,25985,25968.15,25982.4,,26017.686025352537,26017.46327166788,25992.437974474095,26131.933333333334,26127.525,26136.341666666667,26195.966666666667,26251.183333333334,26076.716666666667,26012.683333333334,25957.466666666667,3760810
2026-01-08T11:40:00+05:30,25982.2,25988.6,25973.2,25974.15,,26017.686025352537,26013.3381981757,25988.780379579275,26131.933333333334,26127.525,26136.341666666667,26195.966666666667,26251.183333333334,26076.716666666667,26012.683333333334,25957.466666666667,3299113
2026-01-08T11:45:00+05:30,25974.2,25978.5,25958.15,25958.95,,26017.686025352537,26008.158369778015,25982.81430366342,26131.933333333334,26127.525,26136.341666666667,26195.966666666667,26251.183333333334,26076.716666666667,26012.683333333334,25957.466666666667,4147425
2026-01-08T11:50:00+05:30,25958.75,25967.4,25954.35,25960.35,,26009.9335387338,26003.60519170392,25978.321442930737,26131.933333333334,26127.525,26136.341666666667,26195.966666666667,26251.183333333334,26076.716666666667,26012.683333333334,25957.466666666667,3408899
2026-01-08T11:55:00+05:30,25960.6,25962.1,25935.9,25938.3,,26001.01268486042,25997.38564963688,25970.31715434459,26131.933333333334,26127.525,26136.341666666667,26195.966666666667,26251.183333333334,26076.716666666667,26012.683333333334,25957.466666666667,3164060
2026-01-08T12:00:00+05:30,25938.1,25943.2,25916.45,25917.45,,25984.66141637438,25989.77273062384,25959.743723475673,26131.933333333334,26127.525,26136.341666666667,26195.966666666667,26251.183333333334,26076.716666666667,26012.683333333334,25957.466666666667,3905201
2026-01-08T12:05:00+05:30,25915.35,25922.85,25884.15,25921.4,,25964.462774736938,25983.261041993,25952.07497878054,26131.933333333334,26127.525,26136.341666666667,26195.966666666667,26251.183333333334,26076.716666666667,26012.683333333334,25957.466666666667,4487032
2026-01-08T12:10:00+05:30,25921.35,25935.75,25916.15,25933.75,,25964.462774736938,25978.545704660333,25948.40998302443,26131.933333333334,26127.525,26136.341666666667,26195.966666666667,26251.183333333334,26076.716666666667,26012.683333333334,25957.466666666667,3259886
2026-01-08T12:15:00+05:30,25934,25945.4,25928.5,25930.85,,25964.462774736938,25974.003256597443,25944.897986419543,26131.933333333334,26127.525,26136.341666666667,26195.966666666667,26251.183333333334,26076.716666666667,26012.683333333334,25957.466666666667,3533726
2026-01-08T12:20:00+05:30,25930.25,25933.5,25919.9,25923.3,,25964.462774736938,25969.174375016733,25940.578389135633,26131.933333333334,26127.525,26136.341666666667,26195.966666666667,26251.183333333334,26076.716666666667,26012.683333333334,25957.466666666667,2820318
2026-01-08T12:25:00+05:30,25922.7,25941.5,25922.7,25935.8,,25964.462774736938,25965.995863110376,25939.622711308508,26131.933333333334,26127.525,26136.341666666667,26195.966666666667,26251.183333333334,26076.716666666667,26012.683333333334,25957.466666666667,2356302
2026-01-08T12:30:00+05:30,25935.7,25938.15,25916.15,25917.9,,25964.462774736938,25961.415304718914,25935.278169046807,26131.933333333334,26127.525,26136.341666666667,26195.966666666667,26251.183333333334,26076.716666666667,26012.683333333334,25957.466666666667,3801040
2026-01-08T12:35:00+05:30,25917.5,25929.95,25912.25,25925.25,,25964.462774736938,25957.97098998378,25933.272535237447,26131.933333333334,26127.525,26136.341666666667,26195.966666666667,26251.183333333334,26076.716666666667,26012.683333333334,25957.466666666667,3326981
2026-01-08T12:40:00+05:30,25924.5,25928.35,25916.3,25924.45,,25964.462774736938,25954.778514747228,25931.508028189957,26131.933333333334,26127.525,26136.341666666667,26195.966666666667,26251.183333333334,26076.716666666667,26012.683333333334,25957.466666666667,3009657
2026-01-08T12:45:00+05:30,25924.75,25926,25909.5,25913.95,,25964.462774736938,25950.8900847713,25927.996422551965,26131.933333333334,26127.525,26136.341666666667,26195.966666666667,26251.183333333334,26076.716666666667,26012.683333333334,25957.466666666667,3069438
2026-01-08T12:50:00+05:30,25913.7,25920.9,25903.15,25914.75,,25964.462774736938,25947.44817193594,25925.347138041572,26131.933333333334,26127.525,26136.341666666667,26195.966666666667,26251.183333333334,26076.716666666667,26012.683333333334,25957.466666666667,3711822
2026-01-08T12:55:00+05:30,25915.25,25919.15,25910,25911.7,,25964.462774736938,25944.043584132516,25922.617710433256,26131.933333333334,26127.525,26136.341666666667,26195.966666666667,26251.183333333334,26076.716666666667,26012.683333333334,25957.466666666667,2302083
2026-01-08T13:00:00+05:30,25912.05,25924,25900.75,25923.75,,25964.462774736938,25942.110861834182,25922.844168346604,26131.933333333334,26127.525,26136.341666666667,26195.966666666667,26251.183333333334,26076.716666666667,26012.683333333334,25957.466666666667,2827584
2026-01-08T13:05:00+05:30,25923.65,25928.5,25912.75,25922.6,,25964.462774736938,25940.25268451664,25922.795334677285,26131.933333333334,26127.525,26136.341666666667,26195.966666666667,26251.183333333334,26076.716666666667,26012.683333333334,25957.466666666667,2433690
2026-01-08T13:10:00+05:30,25922.8,25928.2,25919.2,25926.1,,25964.462774736938,25938.90480980077,25923.45626774183,26131.933333333334,26127.525,26136.341666666667,26195.966666666667,26251.183333333334,26076.716666666667,26012.683333333334,25957.466666666667,2196282
2026-01-08T13:15:00+05:30,25925.25,25928.2,25910.4,25915.25,,25964.462774736938,25936.651970772124,25921.815014193464,26131.933333333334,26127.525,26136.341666666667,26195.966666666667,26251.183333333334,26076.716666666667,26012.683333333334,25957.466666666667,2317876
2026-01-08T13:20:00+05:30,25915.2,25917.1,25906.65,25909.75,,25960.864610343724,25934.089878317634,25919.40201135477,26131.933333333334,26127.525,26136.341666666667,26195.966666666667,26251.183333333334,26076.716666666667,26012.683333333334,25957.466666666667,2469989
2026-01-08T13:25:00+05:30,25910.05,25913.15,25893.5,25893.5,,25953.31064930935,25930.22417562072,25914.221609083816,26131.933333333334,26127.525,26136.341666666667,26195.966666666667,26251.183333333334,26076.716666666667,26012.683333333334,25957.466666666667,2575632
2026-01-08T13:30:00+05:30,25894.15,25907.2,25886.4,25902.25,,25948.02708437842,25927.559968418744,25911.827287267053,26131.933333333334,26127.525,26136.341666666667,26195.966666666667,26251.183333333334,26076.716666666667,26012.683333333334,25957.466666666667,3116870
2026-01-08T13:35:00+05:30,25902.5,25911.2,25902.05,25905.35,,25948.02708437842,25925.444733331246,25910.53182981364,26131.933333333334,26127.525,26136.341666666667,26195.966666666667,26251.183333333334,26076.716666666667,26012.683333333334,25957.466666666667,2897817
2026-01-08T13:40:00+05:30,25904.2,25909.5,25898.2,25907.6,,25948.02708437842,25923.745234918744,25909.945463850912,26131.933333333334,26127.525,26136.341666666667,26195.966666666667,26251.183333333334,26076.716666666667,26012.683333333334,25957.466666666667,2794994
2026-01-08T13:45:00+05:30,25907.3,25928.6,25905.2,25919.2,,25948.02708437842,25923.312355402675,25911.79637108073,26131.933333333334,26127.525,26136.341666666667,26195.966666666667,26251.183333333334,26076.716666666667,26012.683333333334,25957.466666666667,3506182
2026-01-08T13:50:00+05:30,25919.15,25924.85,25910.05,25921,,25948.02708437842,25923.09213107861,25913.637096864586,26131.933333333334,26127.525,26136.341666666667,26195.966666666667,26251.183333333334,26076.716666666667,26012.683333333334,25957.466666666667,2524820
2026-01-08T13:55:00+05:30,25921.4,25939,25920.3,25929.35,,25948.02708437842,25923.688118594935,25916.779677491668,26131.933333333334,26127.525,26136.341666666667,26195.966666666667,26251.183333333334,26076.716666666667,26012.683333333334,25957.466666666667,3127431
2026-01-08T14:00:00+05:30,25929,25941.7,25921.25,25928.1,,25948.02708437842,25924.10829777637,25919.043741993333,26131.933333333334,26127.525,26136.341666666667,26195.966666666667,26251.183333333334,26076.716666666667,26012.683333333334,25957.466666666667,2789771
2026-01-08T14:05:00+05:30,25928.15,25942.2,25917.25,25919.2,,25948.02708437842,25923.640840845288,25919.074993594666,26131.933333333334,26127.525,26136.341666666667,26195.966666666667,26251.183333333334,26076.716666666667,26012.683333333334,25957.466666666667,4467901
2026-01-08T14:10:00+05:30,25920.7,25930,25915.4,25926.95,,25948.02708437842,25923.955998860023,25920.649994875734,26131.933333333334,26127.525,26136.341666666667,26195.966666666667,26251.183333333334,26076.716666666667,26012.683333333334,25957.466666666667,2566320
2026-01-08T14:15:00+05:30,25926.3,25939.75,25925.4,25935.7,,25948.02708437842,25925.07447515907,25923.659995900587,26131.933333333334,26127.525,26136.341666666667,26195.966666666667,26251.183333333334,26076.716666666667,26012.683333333334,25957.466666666667,2650584
2026-01-08T14:20:00+05:30,25935.85,25946.2,25925.7,25927.3,,25948.02708437842,25925.286429905824,25924.38799672047,26131.933333333334,26127.525,26136.341666666667,26195.966666666667,26251.183333333334,26076.716666666667,26012.683333333334,25957.466666666667,3033068
2026-01-08T14:25:00+05:30,25927.2,25931.2,25900.45,25905.45,,25948.02708437842,25923.39724610527,25920.600397376376,26131.933333333334,26127.525,26136.341666666667,26195.966666666667,26251.183333333334,26076.716666666667,26012.683333333334,25957.466666666667,3794981
2026-01-08T14:30:00+05:30,25906.9,25936.85,25902.1,25932.5,,25948.02708437842,25924.264175047625,25922.9803179011,26131.933333333334,26127.525,26136.341666666667,26195.966666666667,26251.183333333334,26076.716666666667,26012.683333333334,25957.466666666667,4846548
2026-01-08T14:35:00+05:30,25932.95,25940.95,25927.65,25930.3,,25948.02708437842,25924.83901551928,25924.44425432088,26131.933333333334,26127.525,26136.341666666667,26195.966666666667,26251.183333333334,26076.716666666667,26012.683333333334,25957.466666666667,2840622
2026-01-08T14:40:00+05:30,25929.35,25932.5,25919.9,25928.2,,25948.02708437842,25925.15910927935,25925.195403456702,26131.933333333334,26127.525,26136.341666666667,26195.966666666667,26251.183333333334,26076.716666666667,26012.683333333334,25957.466666666667,3053608
2026-01-08T14:45:00+05:30,25928.55,25940.2,25922.85,25930.95,,25948.02708437842,25925.710622681316,25926.346322765363,26131.933333333334,26127.525,26136.341666666667,26195.966666666667,26251.183333333334,26076.716666666667,26012.683333333334,25957.466666666667,3497175
2026-01-08T14:50:00+05:30,25930.55,25933.4,25916.8,25920.5,,25948.02708437842,25925.214372902145,25925.17705821229,26131.933333333334,26127.525,26136.341666666667,26195.966666666667,26251.183333333334,26076.716666666667,26012.683333333334,25957.466666666667,4221650
2026-01-08T14:55:00+05:30,25919.95,25923.6,25910.25,25911.15,,25948.02708437842,25923.874908816226,25922.371646569834,26131.933333333334,26127.525,26136.341666666667,26195.966666666667,26251.183333333334,26076.716666666667,26012.683333333334,25957.466666666667,4477146
2026-01-08T15:00:00+05:30,25912.1,25917.7,25868.15,25868.45,,25948.02708437842,25918.596346071823,25911.587317255868,26131.933333333334,26127.525,26136.341666666667,26195.966666666667,26251.183333333334,26076.716666666667,26012.683333333334,25957.466666666667,8094564
2026-01-08T15:05:00+05:30,25867.95,25879.35,25860.2,25871.85,,25932.82513493555,25914.144313112603,25903.639853804692,26131.933333333334,26127.525,26136.341666666667,26195.966666666667,26251.183333333334,26076.716666666667,26012.683333333334,25957.466666666667,7969188
2026-01-08T15:10:00+05:30,25870.3,25884.35,25870.3,25878.05,,25932.82513493555,25910.706759482833,25898.521883043755,26131.933333333334,26127.525,26136.341666666667,26195.966666666667,26251.183333333334,26076.716666666667,26012.683333333334,25957.466666666667,8815698
2026-01-08T15:15:00+05:30,25880.6,25880.6,25863.6,25874.1,,25932.06410929779,25907.220401436847,25893.637506435003,26131.933333333334,26127.525,26136.341666666667,26195.966666666667,26251.183333333334,26076.716666666667,26012.683333333334,25957.466666666667,9692300
2026-01-08T15:20:00+05:30,25872.05,25882.15,25872.05,25875.8,,25932.06410929779,25904.227982252385,25890.070005148,26131.933333333334,26127.525,26136.341666666667,26195.966666666667,26251.183333333334,26076.716666666667,26012.683333333334,25957.466666666667,10432936
2026-01-08T15:25:00+05:30,25873.95,25877.55,25858.45,25868.9,,25925.027928531214,25900.863412514063,25885.836004118402,26131.933333333334,26127.525,26136.341666666667,26195.966666666667,26251.183333333334,26076.716666666667,26012.683333333334,25957.466666666667,9109039
2026-01-09T09:15:00+05:30,25866.1,25940.6,25840.2,25938.8,25820.102301631985,,25904.47642084606,25896.428803294722,25956.166666666668,25916.508333333335,25995.825,26053.883333333335,26230.916666666668,25779.133333333335,25681.416666666668,25504.383333333335,15564024
2026-01-09T09:20:00+05:30,25938.85,25938.85,25861.25,25862.35,25820.102301631985,,25900.464380765483,25889.613042635778,25956.166666666668,25916.508333333335,25995.825,26053.883333333335,26230.916666666668,25779.133333333335,25681.416666666668,25504.383333333335,8268532
2026-01-09T09:25:00+05:30,25862.3,25872.25,25839.15,25840.9,25820.102301631985,,25894.791582597343,25879.870434108623,25956.166666666668,25916.508333333335,25995.825,26053.883333333335,26230.916666666668,25779.133333333335,25681.416666666668,25504.383333333335,8093437
2026-01-09T09:30:00+05:30,25841.1,25873.1,25820.8,25837.15,25820.102301631985,,25889.301908064263,25871.3263472869,25956.166666666668,25916.508333333335,25995.825,26053.883333333335,26230.916666666668,25779.133333333335,25681.416666666668,25504.383333333335,8586552
2026-01-09T09:35:00+05:30,25836.05,25848.6,25818.35,25830.1,25820.102301631985,,25883.663631105763,25863.08107782952,25956.166666666668,25916.508333333335,25995.825,26053.883333333335,26230.916666666668,25779.133333333335,25681.416666666668,25504.383333333335,11903379
2026-01-09T09:40:00+05:30,25830.9,25876.7,25819.6,25876.7,25820.102301631985,,25883.00042814331,25865.804862263616,25956.166666666668,25916.508333333335,25995.825,26053.883333333335,26230.916666666668,25779.133333333335,25681.416666666668,25504.383333333335,6894731
2026-01-09T09:45:00+05:30,25876.85,25897.65,25849.65,25887.7,25820.102301631985,,25883.448006415376,25870.183889810894,25956.166666666668,25916.508333333335,25995.825,26053.883333333335,26230.916666666668,25779.133333333335,25681.416666666668,25504.383333333335,6926432
2026-01-09T09:50:00+05:30,25889.55,25889.75,25852.45,25877.3,25820.102301631985,,25882.862481994864,25871.607111848716,25956.166666666668,25916.508333333335,25995.825,26053.883333333335,26230.916666666668,25779.133333333335,25681.416666666668,25504.383333333335,4009767
2026-01-09T09:55:00+05:30,25877.8,25897,25876.7,25894.05,25820.102301631985,,25883.927959900113,25876.095689478974,25956.166666666668,25916.508333333335,25995.825,26053.883333333335,26230.916666666668,25779.133333333335,25681.416666666668,25504.383333333335,4491761
2026-01-09T10:00:00+05:30,25894.2,25901.95,25861.55,25872.55,25820.102301631985,,25882.844344671532,25875.38655158318,25956.166666666668,25916.508333333335,25995.825,26053.883333333335,26230.916666666668,25779.133333333335,25681.416666666668,25504.383333333335,3314579
2026-01-09T10:05:00+05:30,25875.05,25886.05,25860.8,25873.45,25820.102301631985,,25881.949645179004,25874.99924126654,25956.166666666668,25916.508333333335,25995.825,26053.883333333335,26230.916666666668,25779.133333333335,25681.416666666668,25504.383333333335,18524002
2026-01-09T10:10:00+05:30,25875.05,25878.45,25850.35,25856.6,25820.102301631985,,25879.535393257192,25871.319393013233,25956.166666666668,25916.508333333335,25995.825,26053.883333333335,26230.916666666668,25779.133333333335,25681.416666666668,25504.383333333335,2662337
2026-01-09T10:15:00+05:30,25858,25867.35,25854.3,25862.7,25820.102301631985,,25877.93202247079,25869.595514410586,25956.166666666668,25916.508333333335,25995.825,26053.883333333335,26230.916666666668,25779.133333333335,25681.416666666668,25504.383333333335,2500997
2026-01-09T10:20:00+05:30,25861.5,25881.35,25854.1,25870.45,25820.102301631985,,25877.219448902146,25869.766411528468,25956.166666666668,25916.508333333335,25995.825,26053.883333333335,26230.916666666668,25779.133333333335,25681.416666666668,25504.383333333335,3108801
2026-01-09T10:25:00+05:30,25871.9,25896.85,25858.05,25887.85,25820.102301631985,,25878.23188234004,25873.383129222773,25956.166666666668,25916.508333333335,25995.825,26053.883333333335,26230.916666666668,25779.133333333335,25681.416666666668,25504.383333333335,3381436
2026-01-09T10:30:00+05:30,25888.45,25890.75,25852.25,25853.1,25820.102301631985,,25875.838369736226,25869.32650337822,25956.166666666668,25916.508333333335,25995.825,26053.883333333335,26230.916666666668,25779.133333333335,25681.416666666668,25504.383333333335,3377001
2026-01-09T10:35:00+05:30,25853.15,25858.2,25838.55,25851,25820.102301631985,,25873.472810713727,25865.661202702577,25956.166666666668,25916.508333333335,25995.825,26053.883333333335,26230.916666666668,25779.133333333335,25681.416666666668,25504.383333333335,2652794
2026-01-09T10:40:00+05:30,25852.55,25864.15,25843.9,25856.45,25820.102301631985,,25871.851590645754,25863.818962162062,25956.166666666668,25916.508333333335,25995.825,26053.883333333335,26230.916666666668,25779.133333333335,25681.416666666668,25504.383333333335,2354388
2026-01-09T10:45:00+05:30,25856.85,25868.4,25853.3,25855.4,25820.102301631985,,25870.284772489016,25862.13516972965,25956.166666666668,25916.508333333335,25995.825,26053.883333333335,26230.916666666668,25779.133333333335,25681.416666666668,25504.383333333335,3436133
2026-01-09T10:50:00+05:30,25855.75,25861.6,25827.25,25831.65,25820.102301631985,,25866.605270347205,25856.038135783718,25956.166666666668,25916.508333333335,25995.825,26053.883333333335,26230.916666666668,25779.133333333335,25681.416666666668,25504.383333333335,2748524
2026-01-09T10:55:00+05:30,25831.2,25834.2,25806.8,25821.65,25820.102301631985,,25862.323816028424,25849.160508626974,25956.166666666668,25916.508333333335,25995.825,26053.883333333335,26230.916666666668,25779.133333333335,25681.416666666668,25504.383333333335,3024016
2026-01-09T11:00:00+05:30,25821.3,25822.05,25806,25810.65,,25898.033775677737,25857.402500216194,25841.45840690158,25956.166666666668,25916.508333333335,25995.825,26053.883333333335,26230.916666666668,25779.133333333335,25681.416666666668,25504.383333333335,3407772
2026-01-09T11:05:00+05:30,25811,25819,25806.8,25817.1,,25892.167898109965,25853.56416686227,25836.586725521265,25956.166666666668,25916.508333333335,25995.825,26053.883333333335,26230.916666666668,25779.133333333335,25681.416666666668,25504.383333333335,3784196
2026-01-09T11:10:00+05:30,25817.25,25824.3,25798.8,25799,,25890.541108298967,25848.367579542053,25829.06938041701,25956.166666666668,25916.508333333335,25995.825,26053.883333333335,26230.916666666668,25779.133333333335,25681.416666666668,25504.383333333335,3035039
2026-01-09T11:15:00+05:30,25800.15,25807.55,25793.65,25796.05,,25875.861997469066,25843.384952919,25822.46550433361,25956.166666666668,25916.508333333335,25995.825,26053.883333333335,26230.916666666668,25779.133333333335,25681.416666666668,25504.383333333335,3004306
2026-01-09T11:20:00+05:30,25797.05,25800.95,25790.95,25792.75,,25866.685797722163,25838.562576450524,25816.522403466886,25956.166666666668,25916.508333333335,25995.825,26053.883333333335,26230.916666666668,25779.133333333335,25681.416666666668,25504.383333333335,3243001
2026-01-09T11:25:00+05:30,25793.15,25806.7,25792.45,25804.5,,25866.685797722163,25835.318521550475,25814.11792277351,25956.166666666668,25916.508333333335,25995.825,26053.883333333335,26230.916666666668,25779.133333333335,25681.416666666668,25504.383333333335,3052884
2026-01-09T11:30:00+05:30,25805.2,25821.65,25791.65,25791.75,,25866.685797722163,25831.16913854567,25809.644338218808,25956.166666666668,25916.508333333335,25995.825,26053.883333333335,26230.916666666668,25779.133333333335,25681.416666666668,25504.383333333335,2705577
2026-01-09T11:35:00+05:30,25791.55,25791.55,25753.75,25759.95,,25847.179146539456,25824.386363446083,25799.705470575045,25956.166666666668,25916.508333333335,25995.825,26053.883333333335,26230.916666666668,25779.133333333335,25681.416666666668,25504.383333333335,3813428
2026-01-09T11:40:00+05:30,25761.45,25766.75,25753.7,25755.35,,25831.216231885508,25817.811471689314,25790.834376460036,25956.166666666668,25916.508333333335,25995.825,26053.883333333335,26230.916666666668,25779.133333333335,25681.416666666668,25504.383333333335,3168397
2026-01-09T11:45:00+05:30,25754.95,25761.7,25743.5,25746.75,,25821.952108696958,25811.04371248081,25782.01750116803,25956.166666666668,25916.508333333335,25995.825,26053.883333333335,26230.916666666668,25779.133333333335,25681.416666666668,25504.383333333335,2462050
2026-01-09T11:50:00+05:30,25747.85,25751.6,25735.15,25741.75,,25810.726897827262,25804.44431129216,25773.964000934422,25956.166666666668,25916.508333333335,25995.825,26053.883333333335,26230.916666666668,25779.133333333335,25681.416666666668,25504.383333333335,3537287
2026-01-09T11:55:00+05:30,25742.6,25751.3,25737.8,25743.25,,25809.216708044536,25798.61628164529,25767.821200747538,25956.166666666668,25916.508333333335,25995.825,26053.883333333335,26230.916666666668,25779.133333333335,25681.416666666668,25504.383333333335,2512474
2026-01-09T12:00:00+05:30,25743.9,25757.2,25737.3,25756.05,,25809.216708044536,25794.562350060023,25765.46696059803,25956.166666666668,25916.508333333335,25995.825,26053.883333333335,26230.916666666668,25779.133333333335,25681.416666666668,25504.383333333335,2252030
2026-01-09T12:05:00+05:30,25756.75,25761.75,25749.85,25750.05,,25809.216708044536,25790.323078625734,25762.383568478424,25956.166666666668,25916.508333333335,25995.825,26053.883333333335,26230.916666666668,25779.133333333335,25681.416666666668,25504.383333333335,2458330
2026-01-09T12:10:00+05:30,25750.25,25753.35,25734.1,25739.35,,25804.690730164468,25785.468499708997,25757.77685478274,25956.166666666668,25916.508333333335,25995.825,26053.883333333335,26230.916666666668,25779.133333333335,25681.416666666668,25504.383333333335,2928501
2026-01-09T12:15:00+05:30,25740.45,25756.65,25740.2,25745.15,,25804.690730164468,25781.628642593856,25755.251483826192,25956.166666666668,25916.508333333335,25995.825,26053.883333333335,26230.916666666668,25779.133333333335,25681.416666666668,25504.383333333335,3984900
2026-01-09T12:20:00+05:30,25746.3,25746.65,25730.45,25731.1,,25797.463241433223,25776.81639091825,25750.421187060954,25956.166666666668,25916.508333333335,25995.825,26053.883333333335,26230.916666666668,25779.133333333335,25681.416666666668,25504.383333333335,2759073
2026-01-09T12:25:00+05:30,25731.75,25738.55,25714.85,25716.75,,25786.831917289896,25771.09578225937,25743.686949648763,25956.166666666668,25916.508333333335,25995.825,26053.883333333335,26230.916666666668,25779.133333333335,25681.416666666668,25504.383333333335,2668258
2026-01-09T12:30:00+05:30,25717,25729,25713.6,25718.65,,25780.03872556091,25766.100945853716,25738.67955971901,25956.166666666668,25916.508333333335,25995.825,26053.883333333335,26230.916666666668,25779.133333333335,25681.416666666668,25504.383333333335,3358358
2026-01-09T12:35:00+05:30,25718,25718,25681.1,25695.2,,25763.679853004818,25759.348474820028,25729.983647775207,25956.166666666668,25916.508333333335,25995.825,26053.883333333335,26230.916666666668,25779.133333333335,25681.416666666668,25504.383333333335,4433378
2026-01-09T12:40:00+05:30,25694.9,25695.15,25674.5,25689.15,,25748.751867704337,25752.662905789548,25721.816918220167,25956.166666666668,25916.508333333335,25995.825,26053.883333333335,26230.916666666668,25779.133333333335,25681.416666666668,25504.383333333335,3396011
2026-01-09T12:45:00+05:30,25688.95,25690.1,25665.15,25673.45,,25742.6441809339,25745.118819523876,25712.143534576135,25956.166666666668,25916.508333333335,25995.825,26053.883333333335,26230.916666666668,25779.133333333335,25681.416666666668,25504.383333333335,3019023
2026-01-09T12:50:00+05:30,25673.8,25698.8,25672.85,25692.9,,25742.6441809339,25740.14559861684,25708.29482766091,25956.166666666668,25916.508333333335,25995.825,26053.883333333335,26230.916666666668,25779.133333333335,25681.416666666668,25504.383333333335,6223980
2026-01-09T12:55:00+05:30,25691.9,25699.45,25683.3,25689.7,,25742.6441809339,25735.341255891428,25704.575862128728,25956.166666666668,25916.508333333335,25995.825,26053.883333333335,26230.916666666668,25779.133333333335,25681.416666666668,25504.383333333335,14284955
2026-01-09T13:00:00+05:30,25691.3,25697.85,25680.65,25689.25,,25742.6441809339,25730.951612473196,25701.510689702984,25956.166666666668,25916.508333333335,25995.825,26053.883333333335,26230.916666666668,25779.133333333335,25681.416666666668,25504.383333333335,3385660
2026-01-09T13:05:00+05:30,25688.55,25695.65,25683.25,25688.35,,25742.6441809339,25726.89431604718,25698.878551762387,25956.166666666668,25916.508333333335,25995.825,26053.883333333335,26230.916666666668,25779.133333333335,25681.416666666668,25504.383333333335,2818481
2026-01-09T13:10:00+05:30,25689.2,25698.3,25686.35,25691.05,,25742.6441809339,25723.480571661734,25697.31284140991,25956.166666666668,25916.508333333335,25995.825,26053.883333333335,26230.916666666668,25779.133333333335,25681.416666666668,25504.383333333335,2693684
2026-01-09T13:15:00+05:30,25690.85,25703.15,25685.25,25702.5,,25742.6441809339,25721.482421979665,25698.350273127926,25956.166666666668,25916.508333333335,25995.825,26053.883333333335,26230.916666666668,25779.133333333335,25681.416666666668,25504.383333333335,2284415
2026-01-09T13:20:00+05:30,25703.1,25716.35,25700.9,25702.35,,25742.6441809339,25719.66028655303,25699.150218502342,25956.166666666668,25916.508333333335,25995.825,26053.883333333335,26230.916666666668,25779.133333333335,25681.416666666668,25504.383333333335,2827916
2026-01-09T13:25:00+05:30,25702.45,25710,25699,25709.15,,25742.6441809339,25718.659306881313,25701.150174801875,25956.166666666668,25916.508333333335,25995.825,26053.883333333335,26230.916666666668,25779.133333333335,25681.416666666668,25504.383333333335,3363216
2026-01-09T13:30:00+05:30,25708.6,25710.8,25688.1,25694.7,,25742.6441809339,25716.37746813071,25699.8601398415,25956.166666666668,25916.508333333335,25995.825,26053.883333333335,26230.916666666668,25779.133333333335,25681.416666666668,25504.383333333335,3269591
2026-01-09T13:35:00+05:30,25695.85,25730.4,25695.85,25716.1,,25742.6441809339,25716.35104259445,25703.1081118732,25956.166666666668,25916.508333333335,25995.825,26053.883333333335,26230.916666666668,25779.133333333335,25681.416666666668,25504.383333333335,3215981
2026-01-09T13:40:00+05:30,25716.35,25716.35,25681.3,25683.8,,25742.6441809339,25713.250943299743,25699.24648949856,25956.166666666668,25916.508333333335,25995.825,26053.883333333335,26230.916666666668,25779.133333333335,25681.416666666668,25504.383333333335,2980482
2026-01-09T13:45:00+05:30,25684.9,25691.95,25670.65,25681.5,,25742.6441809339,25710.227043937863,25695.697191598847,25956.166666666668,25916.508333333335,25995.825,26053.883333333335,26230.916666666668,25779.133333333335,25681.416666666668,25504.383333333335,4328589
2026-01-09T13:50:00+05:30,25681.6,25687.6,25666.4,25671.65,,25741.91382100559,25706.553039753304,25690.88775327908,25956.166666666668,25916.508333333335,25995.825,26053.883333333335,26230.916666666668,25779.133333333335,25681.416666666668,25504.383333333335,3568464
2026-01-09T13:55:00+05:30,25671.7,25687.65,25664.85,25683.85,,25741.51243890503,25704.390845491085,25689.480202623265,25956.166666666668,25916.508333333335,25995.825,26053.883333333335,26230.916666666668,25779.133333333335,25681.416666666668,25504.383333333335,2786462
2026-01-09T14:00:00+05:30,25683.9,25692.95,25671.5,25682.6,,25741.51243890503,25702.315526872888,25688.10416209861,25956.166666666668,25916.508333333335,25995.825,26053.883333333335,26230.916666666668,25779.133333333335,25681.416666666668,25504.383333333335,2933794
2026-01-09T14:05:00+05:30,25683.1,25689.25,25671.75,25680.4,,25741.51243890503,25700.228333837375,25686.563329678887,25956.166666666668,25916.508333333335,25995.825,26053.883333333335,26230.916666666668,25779.133333333335,25681.416666666668,25504.383333333335,2598329
2026-01-09T14:10:00+05:30,25681.9,25682.65,25658.75,25660.15,,25735.383667961767,25696.411349662387,25681.28066374311,25956.166666666668,25916.508333333335,25995.825,26053.883333333335,26230.916666666668,25779.133333333335,25681.416666666668,25504.383333333335,3568650
2026-01-09T14:15:00+05:30,25662.85,25675.85,25654.6,25661.35,,25729.81530116559,25693.072173504064,25677.294530994488,25956.166666666668,25916.508333333335,25995.825,26053.883333333335,26230.916666666668,25779.133333333335,25681.416666666668,25504.383333333335,3187552
2026-01-09T14:20:00+05:30,25663.35,25669.9,25655.9,25660.1,,25725.231271049033,25689.93196650368,25673.85562479559,25956.166666666668,25916.508333333335,25995.825,26053.883333333335,26230.916666666668,25779.133333333335,25681.416666666668,25504.383333333335,3687125
2026-01-09T14:25:00+05:30,25662.1,25673.75,25651.9,25652.05,,25725.231271049033,25686.324160169996,25669.49449983647,25956.166666666668,25916.508333333335,25995.825,26053.883333333335,26230.916666666668,25779.133333333335,25681.416666666668,25504.383333333335,3415958
2026-01-09T14:30:00+05:30,25653.8,25662.3,25648.4,25661.25,,25715.907829549713,25683.93614491571,25667.845599869175,25956.166666666668,25916.508333333335,25995.825,26053.883333333335,26230.916666666668,25779.133333333335,25681.416666666668,25504.383333333335,3720558
2026-01-09T14:35:00+05:30,25662.15,25670.65,25652.1,25652.9,,25715.907829549713,25680.980321590407,25664.85647989534,25956.166666666668,25916.508333333335,25995.825,26053.883333333335,26230.916666666668,25779.133333333335,25681.416666666668,25504.383333333335,3898610
2026-01-09T14:40:00+05:30,25653,25662.25,25623,25657.3,,25708.46034193527,25678.72505286751,25663.345183916274,25956.166666666668,25916.508333333335,25995.825,26053.883333333335,26230.916666666668,25779.133333333335,25681.416666666668,25504.383333333335,5449873
2026-01-09T14:45:00+05:30,25658.75,25671.2,25657.25,25669.95,,25708.46034193527,25677.889333546795,25664.66614713302,25956.166666666668,25916.508333333335,25995.825,26053.883333333335,26230.916666666668,25779.133333333335,25681.416666666668,25504.383333333335,5321726
2026-01-09T14:50:00+05:30,25671.3,25673.15,25658.35,25669.75,,25708.46034193527,25677.11415892329,25665.682917706414,25956.166666666668,25916.508333333335,25995.825,26053.883333333335,26230.916666666668,25779.133333333335,25681.416666666668,25504.383333333335,3717154
2026-01-09T14:55:00+05:30,25672.05,25684.35,25668.85,25674.7,,25708.46034193527,25676.884239025832,25667.486334165133,25956.166666666668,25916.508333333335,25995.825,26053.883333333335,26230.916666666668,25779.133333333335,25681.416666666668,25504.383333333335,4290972
2026-01-09T15:00:00+05:30,25679.9,25684.6,25661.05,25679.45,,25708.46034193527,25677.128597213847,25669.879067332105,25956.166666666668,25916.508333333335,25995.825,26053.883333333335,26230.916666666668,25779.133333333335,25681.416666666668,25504.383333333335,7692601
2026-01-09T15:05:00+05:30,25681.35,25696.8,25676.9,25688.75,,25708.46034193527,25678.235397479195,25673.653253865683,25956.166666666668,25916.508333333335,25995.825,26053.883333333335,26230.916666666668,25779.133333333335,25681.416666666668,25504.383333333335,6473501
2026-01-09T15:10:00+05:30,25689.05,25703,25685.9,25695.05,,25708.46034193527,25679.836788195462,25677.932603092548,25956.166666666668,25916.508333333335,25995.825,26053.883333333335,26230.916666666668,25779.133333333335,25681.416666666668,25504.383333333335,7226213
2026-01-09T15:15:00+05:30,25694.15,25694.15,25677.05,25678,,25708.46034193527,25679.66185598637,25677.946082474038,25956.166666666668,25916.508333333335,25995.825,26053.883333333335,26230.916666666668,25779.133333333335,25681.416666666668,25504.383333333335,7260100
2026-01-09T15:20:00+05:30,25679.95,25697.35,25678.85,25685.85,,25708.46034193527,25680.25120303529,25679.52686597923,25956.166666666668,25916.508333333335,25995.825,26053.883333333335,26230.916666666668,25779.133333333335,25681.416666666668,25504.383333333335,10510564
2026-01-09T15:25:00+05:30,25686.05,25703.7,25681.5,25703.7,,25708.46034193527,25682.484421793833,25684.361492783384,25956.166666666668,25916.508333333335,25995.825,26053.883333333335,26230.916666666668,25779.133333333335,25681.416666666668,25504.383333333335,9360498
2026-01-12T09:15:00+05:30,25676.9,25700.95,25610.55,25611.05,,25708.46034193527,25675.681143527752,25669.69919422671,25748.966666666664,25716.133333333328,25781.8,25874.933333333327,26066.566666666666,25557.33333333333,25431.366666666665,25239.73333333333,9657622
2026-01-12T09:20:00+05:30,25609.95,25610.65,25554.9,25559.8,,25673.361835734475,25664.644844144157,25647.719355381367,25748.966666666664,25716.133333333328,25781.8,25874.933333333327,26066.566666666666,25557.33333333333,25431.366666666665,25239.73333333333,6870300
2026-01-12T09:25:00+05:30,25558.85,25566.05,25529.05,25532.45,,25640.178152161025,25652.054858987573,25624.665484305093,25748.966666666664,25716.133333333328,25781.8,25874.933333333327,26066.566666666666,25557.33333333333,25431.366666666665,25239.73333333333,6294685
2026-01-12T09:30:00+05:30,25532.35,25579.15,25530.2,25568.75,,25640.178152161025,25644.12106289352,25613.482387444074,25748.966666666664,25716.133333333328,25781.8,25874.933333333327,26066.566666666666,25557.33333333333,25431.366666666665,25239.73333333333,5038283
2026-01-12T09:35:00+05:30,25569.1,25597.1,25560.6,25583.85,,25640.178152161025,25638.380961665564,25607.55590995526,25748.966666666664,25716.133333333328,25781.8,25874.933333333327,26066.566666666666,25557.33333333333,25431.366666666665,25239.73333333333,8607816
2026-01-12T09:40:00+05:30,25582.05,25582.05,25543.65,25557.6,,25640.178152161025,25630.687536745034,25597.564727964207,25748.966666666664,25716.133333333328,25781.8,25874.933333333327,26066.566666666666,25557.33333333333,25431.366666666665,25239.73333333333,3853801
2026-01-12T09:45:00+05:30,25558.4,25595.55,25546,25595.45,,25640.178152161025,25627.331580864553,25597.141782371367,25748.966666666664,25716.133333333328,25781.8,25874.933333333327,26066.566666666666,25557.33333333333,25431.366666666665,25239.73333333333,4185958
2026-01-12T09:50:00+05:30,25596.25,25608.55,25575.6,25589.9,,25640.178152161025,25623.766668401262,25595.693425897094,25748.966666666664,25716.133333333328,25781.8,25874.933333333327,26066.566666666666,25557.33333333333,25431.366666666665,25239.73333333333,3540936
2026-01-12T09:55:00+05:30,25590.1,25601.15,25557.55,25557.55,,25640.178152161025,25617.460319029713,25588.064740717677,25748.966666666664,25716.133333333328,25781.8,25874.933333333327,26066.566666666666,25557.33333333333,25431.366666666665,25239.73333333333,2968004
2026-01-12T10:00:00+05:30,25557.9,25591.8,25557.45,25589.7,,25640.178152161025,25614.81647912212,25588.39179257414,25748.966666666664,25716.133333333328,25781.8,25874.933333333327,26066.566666666666,25557.33333333333,25431.366666666665,25239.73333333333,3506486
2026-01-12T10:05:00+05:30,25588.95,25596.25,25575.05,25580.3,,25640.178152161025,25611.529195396204,25586.773434059312,25748.966666666664,25716.133333333328,25781.8,25874.933333333327,26066.566666666666,25557.33333333333,25431.366666666665,25239.73333333333,2834020
2026-01-12T10:10:00+05:30,25579.45,25579.6,25556.4,25556.9,,25640.178152161025,25606.326414882282,25580.79874724745,25748.966666666664,25716.133333333328,25781.8,25874.933333333327,26066.566666666666,25557.33333333333,25431.366666666665,25239.73333333333,2683561
2026-01-12T10:15:00+05:30,25557.35,25587.05,25545.95,25583.6,,25640.178152161025,25604.161994417304,25581.358997797957,25748.966666666664,25716.133333333328,25781.8,25874.933333333327,26066.566666666666,25557.33333333333,25431.366666666665,25239.73333333333,2844242
2026-01-12T10:20:00+05:30,25583.3,25591.65,25574.85,25585.45,,25640.178152161025,25602.379899710893,25582.177198238365,25748.966666666664,25716.133333333328,25781.8,25874.933333333327,26066.566666666666,25557.33333333333,25431.366666666665,25239.73333333333,3051693
2026-01-12T10:25:00+05:30,25585.15,25598.2,25571.5,25583.15,,25640.178152161025,25600.54848069081,25582.371758590692,25748.966666666664,25716.133333333328,25781.8,25874.933333333327,26066.566666666666,25557.33333333333,25431.366666666665,25239.73333333333,2741684
2026-01-12T10:30:00+05:30,25582.85,25593,25566.4,25570.95,,25640.178152161025,25597.729577767877,25580.087406872553,25748.966666666664,25716.133333333328,25781.8,25874.933333333327,26066.566666666666,25557.33333333333,25431.366666666665,25239.73333333333,2458013
2026-01-12T10:35:00+05:30,25570.9,25575.25,25560.85,25560.85,,25640.178152161025,25594.21723702808,25576.23992549804,25748.966666666664,25716.133333333328,25781.8,25874.933333333327,26066.566666666666,25557.33333333333,25431.366666666665,25239.73333333333,2882594
2026-01-12T10:40:00+05:30,25559.85,25574.2,25558.25,25563.15,,25640.178152161025,25591.258452549213,25573.621940398432,25748.966666666664,25716.133333333328,25781.8,25874.933333333327,26066.566666666666,25557.33333333333,25431.366666666665,25239.73333333333,2645730
2026-01-12T10:45:00+05:30,25561.8,25573.05,25538.8,25569.45,,25640.178152161025,25589.181457068335,25572.787552318747,25748.966666666664,25716.133333333328,25781.8,25874.933333333327,26066.566666666666,25557.33333333333,25431.366666666665,25239.73333333333,2925071
2026-01-12T10:50:00+05:30,25569.25,25582.65,25551.85,25556.7,,25640.178152161025,25586.087984966587,25569.570041854997,25748.966666666664,25716.133333333328,25781.8,25874.933333333327,26066.566666666666,25557.33333333333,25431.366666666665,25239.73333333333,2796671
2026-01-12T10:55:00+05:30,25556.35,25561.85,25545.6,25547.35,,25636.94939957937,25582.398653065007,25565.126033483997,25748.966666666664,25716.133333333328,25781.8,25874.933333333327,26066.566666666666,25557.33333333333,25431.366666666665,25239.73333333333,2593308
2026-01-12T11:00:00+05:30,25547.6,25551.5,25541.25,25547.35,,25624.351959621436,25579.060686106433,25561.570826787196,25748.966666666664,25716.133333333328,25781.8,25874.933333333327,26066.566666666666,25557.33333333333,25431.366666666665,25239.73333333333,2209690
2026-01-12T11:05:00+05:30,25547.15,25549.45,25534.8,25541.4,,25616.69926365929,25575.4739540963,25557.536661429756,25748.966666666664,25716.133333333328,25781.8,25874.933333333327,26066.566666666666,25557.33333333333,25431.366666666665,25239.73333333333,3055471
2026-01-12T11:10:00+05:30,25541.05,25547.4,25529.55,25532.85,,25610.946837293362,25571.41452989665,25552.599329143806,25748.966666666664,25716.133333333328,25781.8,25874.933333333327,26066.566666666666,25557.33333333333,25431.366666666665,25239.73333333333,2559890
2026-01-12T11:15:00+05:30,25531.9,25532.95,25509.5,25514.95,,25593.484653564028,25566.03695562078,25545.069463315045,25748.966666666664,25716.133333333328,25781.8,25874.933333333327,26066.566666666666,25557.33333333333,25431.366666666665,25239.73333333333,2237394
2026-01-12T11:20:00+05:30,25515.35,25521.2,25503.05,25507.35,,25582.603688207626,25560.447721752134,25537.525570652037,25748.966666666664,25716.133333333328,25781.8,25874.933333333327,26066.566666666666,25557.33333333333,25431.366666666665,25239.73333333333,3635486
2026-01-12T11:25:00+05:30,25507.75,25517.05,25501.65,25502.4,,25577.40081938686,25554.91936729955,25530.50045652163,25748.966666666664,25716.133333333328,25781.8,25874.933333333327,26066.566666666666,25557.33333333333,25431.366666666665,25239.73333333333,2684529
2026-01-12T11:30:00+05:30,25501.95,25502.5,25473.4,25475,,25557.925737448175,25547.307998985307,25519.400365217305,25748.966666666664,25716.133333333328,25781.8,25874.933333333327,26066.566666666666,25557.33333333333,25431.366666666665,25239.73333333333,4228740
2026-01-12T11:35:00+05:30,25475.65,25493.2,25474.75,25482.7,,25552.488163703358,25541.154856224803,25512.060292173843,25748.966666666664,25716.133333333328,25781.8,25874.933333333327,26066.566666666666,25557.33333333333,25431.366666666665,25239.73333333333,3585487
2026-01-12T11:40:00+05:30,25483,25489,25473.4,25480.6,,25547.541847333025,25535.387727060537,25505.768233739072,25748.966666666664,25716.133333333328,25781.8,25874.933333333327,26066.566666666666,25557.33333333333,25431.366666666665,25239.73333333333,2596362
2026-01-12T11:45:00+05:30,25481.45,25499.95,25474.5,25490.85,,25547.541847333025,25531.146038769057,25502.784586991256,25748.966666666664,25716.133333333328,25781.8,25874.933333333327,26066.566666666666,25557.33333333333,25431.366666666665,25239.73333333333,2394947
2026-01-12T11:50:00+05:30,25491,25496.9,25483.9,25492.15,,25547.541847333025,25527.43213031486,25500.657669593005,25748.966666666664,25716.133333333328,25781.8,25874.933333333327,26066.566666666666,25557.33333333333,25431.366666666665,25239.73333333333,2829528
2026-01-12T11:55:00+05:30,25491.3,25502.85,25491.25,25501.55,,25547.541847333025,25524.96716552297,25500.836135674403,25748.966666666664,25716.133333333328,25781.8,25874.933333333327,26066.566666666666,25557.33333333333,25431.366666666665,25239.73333333333,3059228
2026-01-12T12:00:00+05:30,25501.45,25516.95,25496.2,25501,,25547.541847333025,25522.684578330303,25500.868908539524,25748.966666666664,25716.133333333328,25781.8,25874.933333333327,26066.566666666666,25557.33333333333,25431.366666666665,25239.73333333333,3043322
2026-01-12T12:05:00+05:30,25501.1,25530.45,25500.75,25520,,25547.541847333025,25522.428904203607,25504.69512683162,25748.966666666664,25716.133333333328,25781.8,25874.933333333327,26066.566666666666,25557.33333333333,25431.366666666665,25239.73333333333,2935050
2026-01-12T12:10:00+05:30,25520.45,25578.9,25511,25578.3,25466.657871161493,,25527.74996094612,25519.416101465296,25748.966666666664,25716.133333333328,25781.8,25874.933333333327,26066.566666666666,25557.33333333333,25431.366666666665,25239.73333333333,3793798
2026-01-12T12:15:00+05:30,25577.5,25613.3,25566.25,25601.3,25505.197084045343,,25534.7547265703,25535.792881172238,25748.966666666664,25716.133333333328,25781.8,25874.933333333327,26066.566666666666,25557.33333333333,25431.366666666665,25239.73333333333,4479828
2026-01-12T12:20:00+05:30,25601.9,25667.5,25601.05,25644.85,25538.21987564081,,25545.23999070646,25557.60430493779,25748.966666666664,25716.133333333328,25781.8,25874.933333333327,26066.566666666666,25557.33333333333,25431.366666666665,25239.73333333333,5083038
2026-01-12T12:25:00+05:30,25642.55,25678.9,25634.9,25660.8,25557.25038807673,,25556.245705877274,25578.243443950232,25748.966666666664,25716.133333333328,25781.8,25874.933333333327,26066.566666666666,25557.33333333333,25431.366666666665,25239.73333333333,4465460
2026-01-12T12:30:00+05:30,25660.95,25702.8,25656.45,25697.5,25576.035349269056,,25569.698495793724,25602.094755160186,25748.966666666664,25716.133333333328,25781.8,25874.933333333327,26066.566666666666,25557.33333333333,25431.366666666665,25239.73333333333,4388595
2026-01-12T12:35:00+05:30,25696.95,25707.85,25676.1,25680.75,25589.219314342146,,25580.274829527654,25617.825804128148,25748.966666666664,25716.133333333328,25781.8,25874.933333333327,26066.566666666666,25557.33333333333,25431.366666666665,25239.73333333333,4477119
2026-01-12T12:40:00+05:30,25680.85,25737.25,25679.5,25723.05,25598.569882907934,,25593.872464810735,25638.870643302518,25748.966666666664,25716.133333333328,25781.8,25874.933333333327,26066.566666666666,25557.33333333333,25431.366666666665,25239.73333333333,4099706
2026-01-12T12:45:00+05:30,25723.35,25738.4,25710.6,25710.6,25617.33539461714,,25604.989372924,25653.216514642016,25748.966666666664,25716.133333333328,25781.8,25874.933333333327,26066.566666666666,25557.33333333333,25431.366666666665,25239.73333333333,4090530
2026-01-12T12:50:00+05:30,25710.9,25727.4,25710.9,25726.5,25617.661855155427,,25616.561813597906,25667.873211713613,25748.966666666664,25716.133333333328,25781.8,25874.933333333327,26066.566666666666,25557.33333333333,25431.366666666665,25239.73333333333,3419835
2026-01-12T12:55:00+05:30,25725.95,25728.3,25708.85,25709.05,25621.40066963988,,25625.370212302867,25676.108569370892,25748.966666666664,25716.133333333328,25781.8,25874.933333333327,26066.566666666666,25557.33333333333,25431.366666666665,25239.73333333333,2683183
2026-01-12T13:00:00+05:30,25709.5,25710.95,25673.1,25699.4,25621.40066963988,,25632.420668274022,25680.766855496713,25748.966666666664,25716.133333333328,25781.8,25874.933333333327,26066.566666666666,25557.33333333333,25431.366666666665,25239.73333333333,3633430
2026-01-12T13:05:00+05:30,25698.85,25720.55,25698.25,25717.1,25621.40066963988,,25640.485366533638,25688.03348439737,25748.966666666664,25716.133333333328,25781.8,25874.933333333327,26066.566666666666,25557.33333333333,25431.366666666665,25239.73333333333,2950975
2026-01-12T13:10:00+05:30,25717.4,25726.55,25706.45,25722.3,25624.411363167474,,25648.277236387577,25694.886787517895,25748.966666666664,25716.133333333328,25781.8,25874.933333333327,26066.566666666666,25557.33333333333,25431.366666666665,25239.73333333333,3229906
2026-01-12T13:15:00+05:30,25721.8,25728.25,25703.8,25705.2,25625.81022685073,,25653.698451969714,25696.949430014316,25748.966666666664,25716.133333333328,25781.8,25874.933333333327,26066.566666666666,25557.33333333333,25431.366666666665,25239.73333333333,2671388
2026-01-12T13:20:00+05:30,25705.45,25710,25694.6,25706.65,25625.81022685073,,25658.741456544027,25698.889544011454,25748.966666666664,25716.133333333328,25781.8,25874.933333333327,26066.566666666666,25557.33333333333,25431.366666666665,25239.73333333333,2865159
2026-01-12T13:25:00+05:30,25704.3,25705.9,25687.25,25689.05,25625.81022685073,,25661.627984492214,25696.921635209164,25748.966666666664,25716.133333333328,25781.8,25874.933333333327,26066.566666666666,25557.33333333333,25431.366666666665,25239.73333333333,2605498
2026-01-12T13:30:00+05:30,25689.15,25746.5,25689.15,25745.25,25625.84323037418,,25669.591985969146,25706.58730816733,25748.966666666664,25716.133333333328,25781.8,25874.933333333327,26066.566666666666,25557.33333333333,25431.366666666665,25239.73333333333,3156462
2026-01-12T13:35:00+05:30,25745.4,25757.9,25727.6,25738.95,25650.87640733676,,25676.19751111494,25713.059846533866,25748.966666666664,25716.133333333328,25781.8,25874.933333333327,26066.566666666666,25557.33333333333,25431.366666666665,25239.73333333333,2762050
2026-01-12T13:40:00+05:30,25739.15,25755.3,25730.05,25730.45,25652.413766603084,,25681.36441481828,25716.537877227092,25748.966666666664,25716.133333333328,25781.8,25874.933333333327,26066.566666666666,25557.33333333333,25431.366666666665,25239.73333333333,2601792
2026-01-12T13:45:00+05:30,25730.55,25745.65,25730.45,25738.9,25652.413766603084,,25686.843994359395,25721.010301781673,25748.966666666664,25716.133333333328,25781.8,25874.933333333327,26066.566666666666,25557.33333333333,25431.366666666665,25239.73333333333,2263865
2026-01-12T13:50:00+05:30,25738.4,25746.6,25727.4,25746.35,25654.0244009485,,25692.511232991834,25726.078241425337,25748.966666666664,25716.133333333328,25781.8,25874.933333333327,26066.566666666666,25557.33333333333,25431.366666666665,25239.73333333333,3230833
2026-01-12T13:55:00+05:30,25745.7,25748.5,25727.9,25741.7,25657.34196085365,,25697.195877468803,25729.20259314027,25748.966666666664,25716.133333333328,25781.8,25874.933333333327,26066.566666666666,25557.33333333333,25431.366666666665,25239.73333333333,2515404
2026-01-12T14:00:00+05:30,25741.3,25742.7,25715.1,25730.25,25657.34196085365,,25700.34388913844,25729.412074512216,25748.966666666664,25716.133333333328,25781.8,25874.933333333327,26066.566666666666,25557.33333333333,25431.366666666665,25239.73333333333,2952950
2026-01-12T14:05:00+05:30,25730.35,25743.3,25726.1,25741.7,25657.34196085365,,25704.28256636335,25731.869659609772,25748.966666666664,25716.133333333328,25781.8,25874.933333333327,26066.566666666666,25557.33333333333,25431.366666666665,25239.73333333333,2526347
2026-01-12T14:10:00+05:30,25741.5,25743.65,25726.95,25728.45,25659.993689462313,,25706.584226709696,25731.185727687818,25748.966666666664,25716.133333333328,25781.8,25874.933333333327,26066.566666666666,25557.33333333333,25431.366666666665,25239.73333333333,2862414
2026-01-12T14:15:00+05:30,25727.95,25743.1,25727,25731.1,25662.44432051608,,25708.919062261153,25731.168582150254,25748.966666666664,25716.133333333328,25781.8,25874.933333333327,26066.566666666666,25557.33333333333,25431.366666666665,25239.73333333333,2476606
2026-01-12T14:20:00+05:30,25730.5,25766.45,25727.05,25763.55,25669.58488846447,,25714.12200871247,25737.6448657202,25748.966666666664,25716.133333333328,25781.8,25874.933333333327,26066.566666666666,25557.33333333333,25431.366666666665,25239.73333333333,2920365
2026-01-12T14:25:00+05:30,25763.35,25770.9,25749.85,25755.7,25684.61139961802,,25718.08181740652,25741.255892576162,25748.966666666664,25716.133333333328,25781.8,25874.933333333327,26066.566666666666,25557.33333333333,25431.366666666665,25239.73333333333,2569951
2026-01-12T14:30:00+05:30,25756,25761.25,25730.9,25733,25684.61139961802,,25719.50259670114,25739.60471406093,25748.966666666664,25716.133333333328,25781.8,25874.933333333327,26066.566666666666,25557.33333333333,25431.366666666665,25239.73333333333,2946855
2026-01-12T14:35:00+05:30,25732.95,25747.65,25704.65,25744.9,25684.61139961802,,25721.921397015318,25740.663771248743,25748.966666666664,25716.133333333328,25781.8,25874.933333333327,26066.566666666666,25557.33333333333,25431.366666666665,25239.73333333333,3759164
2026-01-12T14:40:00+05:30,25744.65,25763.7,25742.85,25760.8,25684.61139961802,,25725.624121109096,25744.691016998993,25748.966666666664,25716.133333333328,25781.8,25874.933333333327,26066.566666666666,25557.33333333333,25431.366666666665,25239.73333333333,2839907
2026-01-12T14:45:00+05:30,25760.35,25771.5,25755.2,25765.7,25686.035456789385,,25729.44087147966,25748.892813599196,25748.966666666664,25716.133333333328,25781.8,25874.933333333327,26066.566666666666,25557.33333333333,25431.366666666665,25239.73333333333,3227823
2026-01-12T14:50:00+05:30,25765.2,25795,25765.2,25787.85,25701.576911110446,,25735.003645624452,25756.684250879356,25748.966666666664,25716.133333333328,25781.8,25874.933333333327,26066.566666666666,25557.33333333333,25431.366666666665,25239.73333333333,3544755
2026-01-12T14:55:00+05:30,25787.2,25813.15,25786.85,25810.45,25721.4392199994,,25742.189012707837,25767.437400703486,25748.966666666664,25716.133333333328,25781.8,25874.933333333327,26066.566666666666,25557.33333333333,25431.366666666665,25239.73333333333,4184632
2026-01-12T15:00:00+05:30,25808.95,25808.95,25778.05,25783.85,25721.4392199994,,25746.15672578328,25770.719920562788,25748.966666666664,25716.133333333328,25781.8,25874.933333333327,26066.566666666666,25557.33333333333,25431.366666666665,25239.73333333333,4962957
2026-01-12T15:05:00+05:30,25783.8,25791.15,25775.1,25785.2,25721.4392199994,,25749.87513285154,25773.61593645023,25748.966666666664,25716.133333333328,25781.8,25874.933333333327,26066.566666666666,25557.33333333333,25431.366666666665,25239.73333333333,5328674
2026-01-12T15:10:00+05:30,25785,25788.15,25776.15,25778.5,25721.4392199994,,25752.601310675203,25774.592749160183,25748.966666666664,25716.133333333328,25781.8,25874.933333333327,26066.566666666666,25557.33333333333,25431.366666666665,25239.73333333333,5149059
2026-01-12T15:15:00+05:30,25778.3,25791.5,25778.3,25785.7,25721.4392199994,,25755.753566801373,25776.814199328146,25748.966666666664,25716.133333333328,25781.8,25874.933333333327,26066.566666666666,25557.33333333333,25431.366666666665,25239.73333333333,7005980
2026-01-12T15:20:00+05:30,25786.2,25798.05,25782.6,25797.25,25722.933218017442,,25759.705608058386,25780.901359462518,25748.966666666664,25716.133333333328,25781.8,25874.933333333327,26066.566666666666,25557.33333333333,25431.366666666665,25239.73333333333,5817646
2026-01-12T15:25:00+05:30,25797.65,25807.95,25792.8,25806.1,25735.1773962157,,25764.124121576635,25785.941087570012,25748.966666666664,25716.133333333328,25781.8,25874.933333333327,26066.566666666666,25557.33333333333,25431.366666666665,25239.73333333333,7746506
2026-01-13T09:15:00+05:30,25898,25899.8,25836.4,25846.25,25781.31215659413,,25771.94563380743,25798.00287005601,25692.266666666666,25643.275,25741.25833333333,25911.13333333333,26032.01666666667,25571.38333333333,25352.516666666666,25231.63333333333,18262333
2026-01-13T09:20:00+05:30,25845.75,25852.65,25813.75,25836.3,25781.31215659413,,25778.074621063864,25805.662296044808,25692.266666666666,25643.275,25741.25833333333,25911.13333333333,26032.01666666667,25571.38333333333,25352.516666666666,25231.63333333333,8087757
2026-01-13T09:25:00+05:30,25836.75,25836.75,25760.05,25762.85,,25854.629757758397,25776.62465715302,25797.099836835845,25692.266666666666,25643.275,25741.25833333333,25911.13333333333,26032.01666666667,25571.38333333333,25352.516666666666,25231.63333333333,9134339
2026-01-13T09:30:00+05:30,25761.4,25778,25731.55,25745.35,,25854.629757758397,25773.646118376542,25786.749869468676,25692.266666666666,25643.275,25741.25833333333,25911.13333333333,26032.01666666667,25571.38333333333,25352.516666666666,25231.63333333333,5765935
2026-01-13T09:35:00+05:30,25744.7,25756,25725,25736.3,,25846.428534058592,25770.089345197823,25776.65989557494,25692.266666666666,25643.275,25741.25833333333,25911.13333333333,26032.01666666667,25571.38333333333,25352.516666666666,25231.63333333333,5941166
2026-01-13T09:40:00+05:30,25735.75,25735.9,25709.85,25730.2,,25826.145680652735,25766.290359940886,25767.367916459953,25692.266666666666,25643.275,25741.25833333333,25911.13333333333,26032.01666666667,25571.38333333333,25352.516666666666,25231.63333333333,4575849
2026-01-13T09:45:00+05:30,25732.4,25789.75,25732.4,25739.2,,25826.145680652735,25763.710325660802,25761.734333167962,25692.266666666666,25643.275,25741.25833333333,25911.13333333333,26032.01666666667,25571.38333333333,25352.516666666666,25231.63333333333,7089583
2026-01-13T09:50:00+05:30,25737.9,25769.05,25730.55,25743.4,,25826.145680652735,25761.776008931203,25758.06746653437,25692.266666666666,25643.275,25741.25833333333,25911.13333333333,26032.01666666667,25571.38333333333,25352.516666666666,25231.63333333333,4110792
2026-01-13T09:55:00+05:30,25744,25744.75,25700.85,25709.85,,25826.145680652735,25756.830674747278,25748.423973227495,25692.266666666666,25643.275,25741.25833333333,25911.13333333333,26032.01666666667,25571.38333333333,25352.516666666666,25231.63333333333,4481652
2026-01-13T10:00:00+05:30,25710.15,25751.8,25705.2,25749.6,,25826.145680652735,25756.14203905706,25748.659178581995,25692.266666666666,25643.275,25741.25833333333,25911.13333333333,26032.01666666667,25571.38333333333,25352.516666666666,25231.63333333333,3585443
2026-01-13T10:05:00+05:30,25748.6,25767.2,25736.35,25760.65,,25826.145680652735,25756.571368670673,25751.057342865595,25692.266666666666,25643.275,25741.25833333333,25911.13333333333,26032.01666666667,25571.38333333333,25352.516666666666,25231.63333333333,3121093
2026-01-13T10:10:00+05:30,25761.55,25771,25738.1,25738.1,,25826.145680652735,25754.812190702036,25748.465874292477,25692.266666666666,25643.275,25741.25833333333,25911.13333333333,26032.01666666667,25571.38333333333,25352.516666666666,25231.63333333333,2678246
2026-01-13T10:15:00+05:30,25738.9,25756.2,25726.1,25737.75,,25826.145680652735,25753.187220158983,25746.322699433982,25692.266666666666,25643.275,25741.25833333333,25911.13333333333,26032.01666666667,25571.38333333333,25352.516666666666,25231.63333333333,2909523
2026-01-13T10:20:00+05:30,25736.8,25774.45,25736.8,25759.15,,25826.145680652735,25753.755103953365,25748.888159547187,25692.266666666666,25643.275,25741.25833333333,25911.13333333333,26032.01666666667,25571.38333333333,25352.516666666666,25231.63333333333,4055424
2026-01-13T10:25:00+05:30,25761.05,25803.6,25757.45,25799.45,,25826.145680652735,25758.10699881495,25759.00052763775,25692.266666666666,25643.275,25741.25833333333,25911.13333333333,26032.01666666667,25571.38333333333,25352.516666666666,25231.63333333333,3916388
2026-01-13T10:30:00+05:30,25799.3,25827.05,25795.55,25806.2,,25826.145680652735,25762.6872846421,25768.440422110198,25692.266666666666,25643.275,25741.25833333333,25911.13333333333,26032.01666666667,25571.38333333333,25352.516666666666,25231.63333333333,4263354
2026-01-13T10:35:00+05:30,25805.45,25809.2,25766.15,25776.3,,25826.145680652735,25763.983733723802,25770.012337688157,25692.266666666666,25643.275,25741.25833333333,25911.13333333333,26032.01666666667,25571.38333333333,25352.516666666666,25231.63333333333,3084752
2026-01-13T10:40:00+05:30,25774.05,25776.1,25750.2,25767.7,,25826.145680652735,25764.337663845345,25769.549870150524,25692.266666666666,25643.275,25741.25833333333,25911.13333333333,26032.01666666667,25571.38333333333,25352.516666666666,25231.63333333333,3080375
2026-01-13T10:45:00+05:30,25766.9,25782.45,25754.95,25777.2,,25826.145680652735,25765.562648241026,25771.07989612042,25692.266666666666,25643.275,25741.25833333333,25911.13333333333,26032.01666666667,25571.38333333333,25352.516666666666,25231.63333333333,3380868
2026-01-13T10:50:00+05:30,25776.45,25799.6,25770.65,25772.15,,25826.145680652735,25766.190015075215,25771.293916896335,25692.266666666666,25643.275,25741.25833333333,25911.13333333333,26032.01666666667,25571.38333333333,25352.516666666666,25231.63333333333,5974471
2026-01-13T10:55:00+05:30,25771.85,25787.8,25761.85,25778.9,,25826.145680652735,25767.400489829957,25772.81513351707,25692.266666666666,25643.275,25741.25833333333,25911.13333333333,26032.01666666667,25571.38333333333,25352.516666666666,25231.63333333333,3123395
2026-01-13T11:00:00+05:30,25779.75,25788.6,25759.65,25773.3,,25826.145680652735,25767.96234794139,25772.912106813656,25692.266666666666,25643.275,25741.25833333333,25911.13333333333,26032.01666666667,25571.38333333333,25352.516666666666,25231.63333333333,3653442
2026-01-13T11:05:00+05:30,25773.85,25796,25766.45,25795.6,,25826.145680652735,25770.594505280304,25777.449685450923,25692.266666666666,25643.275,25741.25833333333,25911.13333333333,26032.01666666667,25571.38333333333,25352.516666666666,25231.63333333333,3351132
2026-01-13T11:10:00+05:30,25795.45,25799.55,25778.85,25788.6,,25826.145680652735,25772.309314301227,25779.679748360737,25692.266666666666,25643.275,25741.25833333333,25911.13333333333,26032.01666666667,25571.38333333333,25352.516666666666,25231.63333333333,2721518
2026-01-13T11:15:00+05:30,25788,25795.9,25775.7,25785.8,,25826.145680652735,25773.59414151063,25780.90379868859,25692.266666666666,25643.275,25741.25833333333,25911.13333333333,26032.01666666667,25571.38333333333,25352.516666666666,25231.63333333333,2442194
2026-01-13T11:20:00+05:30,25784.55,25794.85,25776.15,25781.25,,25826.145680652735,25774.32327089057,25780.97303895087,25692.266666666666,25643.275,25741.25833333333,25911.13333333333,26032.01666666667,25571.38333333333,25352.516666666666,25231.63333333333,2273949
2026-01-13T11:25:00+05:30,25780.15,25803.95,25780.15,25795.9,,25826.145680652735,25776.378197472422,25783.958431160696,25692.266666666666,25643.275,25741.25833333333,25911.13333333333,26032.01666666667,25571.38333333333,25352.516666666666,25231.63333333333,2589382
2026-01-13T11:30:00+05:30,25794.3,25813.5,25787.7,25808.45,,25826.145680652735,25779.432654856002,25788.85674492856,25692.266666666666,25643.275,25741.25833333333,25911.13333333333,26032.01666666667,25571.38333333333,25352.516666666666,25231.63333333333,2507053
2026-01-13T11:35:00+05:30,25808.4,25819.3,25803.65,25810.35,,25826.145680652735,25782.377163917336,25793.155395942846,25692.266666666666,25643.275,25741.25833333333,25911.13333333333,26032.01666666667,25571.38333333333,25352.516666666666,25231.63333333333,2538219
2026-01-13T11:40:00+05:30,25809.65,25816.5,25786.75,25789.7,,25826.145680652735,25783.07457687759,25792.464316754278,25692.266666666666,25643.275,25741.25833333333,25911.13333333333,26032.01666666667,25571.38333333333,25352.516666666666,25231.63333333333,2297903
2026-01-13T11:45:00+05:30,25788.45,25790.4,25778.05,25781.5,,25826.145680652735,25782.924617174962,25790.271453403424,25692.266666666666,25643.275,25741.25833333333,25911.13333333333,26032.01666666667,25571.38333333333,25352.516666666666,25231.63333333333,2644748
2026-01-13T11:50:00+05:30,25781.85,25786,25753.65,25763.1,,25826.145680652735,25781.036558396394,25784.83716272274,25692.266666666666,25643.275,25741.25833333333,25911.13333333333,26032.01666666667,25571.38333333333,25352.516666666666,25231.63333333333,3535779
2026-01-13T11:55:00+05:30,25762.15,25782.6,25752.15,25754.2,,25826.145680652735,25778.480695691975,25778.70973017819,25692.266666666666,25643.275,25741.25833333333,25911.13333333333,26032.01666666667,25571.38333333333,25352.516666666666,25231.63333333333,4892006
2026-01-13T12:00:00+05:30,25753.65,25754,25739.05,25741.75,,25824.13430893277,25774.9825341975,25771.317784142553,25692.266666666666,25643.275,25741.25833333333,25911.13333333333,26032.01666666667,25571.38333333333,25352.516666666666,25231.63333333333,4412412
2026-01-13T12:05:00+05:30,25741.3,25743.4,25731.6,25742.8,,25810.888378039494,25771.917530940595,25765.614227314043,25692.266666666666,25643.275,25741.25833333333,25911.13333333333,26032.01666666667,25571.38333333333,25352.516666666666,25231.63333333333,5402859
2026-01-13T12:10:00+05:30,25742.15,25745.95,25712.95,25713.7,,25805.399540235547,25766.37300418435,25755.231381851234,25692.266666666666,25643.275,25741.25833333333,25911.13333333333,26032.01666666667,25571.38333333333,25352.516666666666,25231.63333333333,4724860
2026-01-13T12:15:00+05:30,25712.8,25730.85,25703.85,25728.25,,25793.80458621199,25762.74224188108,25749.835105480986,25692.266666666666,25643.275,25741.25833333333,25911.13333333333,26032.01666666667,25571.38333333333,25352.516666666666,25231.63333333333,3870591
2026-01-13T12:20:00+05:30,25728.15,25730.7,25704.65,25705.5,,25793.80458621199,25757.290599797165,25740.96808438479,25692.266666666666,25643.275,25741.25833333333,25911.13333333333,26032.01666666667,25571.38333333333,25352.516666666666,25231.63333333333,3136422
2026-01-13T12:25:00+05:30,25705.4,25732.85,25704.65,25732.6,,25793.80458621199,25754.939114102195,25739.294467507832,25692.266666666666,25643.275,25741.25833333333,25911.13333333333,26032.01666666667,25571.38333333333,25352.516666666666,25231.63333333333,2935987
2026-01-13T12:30:00+05:30,25731.4,25734.4,25706.05,25708,,25793.80458621199,25750.468722282938,25733.035574006266,25692.266666666666,25643.275,25741.25833333333,25911.13333333333,26032.01666666667,25571.38333333333,25352.516666666666,25231.63333333333,2755227
2026-01-13T12:35:00+05:30,25708.8,25724.85,25708.8,25711.25,,25792.246089013683,25746.73360587504,25728.678459205013,25692.266666666666,25643.275,25741.25833333333,25911.13333333333,26032.01666666667,25571.38333333333,25352.516666666666,25231.63333333333,2892579
2026-01-13T12:40:00+05:30,25711.85,25714.6,25687.95,25704.05,,25777.148980112317,25742.66850055361,25723.75276736401,25692.266666666666,25643.275,25741.25833333333,25911.13333333333,26032.01666666667,25571.38333333333,25352.516666666666,25231.63333333333,3277204
2026-01-13T12:45:00+05:30,25704.25,25707.6,25677.4,25685,,25769.846582101083,25737.176262405646,25716.00221389121,25692.266666666666,25643.275,25741.25833333333,25911.13333333333,26032.01666666667,25571.38333333333,25352.516666666666,25231.63333333333,2799114
2026-01-13T12:50:00+05:30,25683.75,25683.9,25654.65,25665.45,,25747.99192389098,25730.345189795586,25705.89177111297,25692.266666666666,25643.275,25741.25833333333,25911.13333333333,26032.01666666667,25571.38333333333,25352.516666666666,25231.63333333333,2825279
2026-01-13T12:55:00+05:30,25665.15,25667.8,25650.85,25653,,25735.255231501877,25722.978981243625,25695.313416890374,25692.266666666666,25643.275,25741.25833333333,25911.13333333333,26032.01666666667,25571.38333333333,25352.516666666666,25231.63333333333,2319981
2026-01-13T13:00:00+05:30,25651.45,25652.9,25627.4,25641.65,,25716.167208351693,25715.233363982326,25684.5807335123,25692.266666666666,25643.275,25741.25833333333,25911.13333333333,26032.01666666667,25571.38333333333,25352.516666666666,25231.63333333333,2897490
2026-01-13T13:05:00+05:30,25641.15,25650.05,25630.7,25648.65,,25714.59548751652,25708.892091222104,25677.394586809838,25692.266666666666,25643.275,25741.25833333333,25911.13333333333,26032.01666666667,25571.38333333333,25352.516666666666,25231.63333333333,2472423
2026-01-13T13:10:00+05:30,25649.25,25670.3,25645.7,25658.45,,25714.59548751652,25704.088082534283,25673.605669447872,25692.266666666666,25643.275,25741.25833333333,25911.13333333333,26032.01666666667,25571.38333333333,25352.516666666666,25231.63333333333,2471639
2026-01-13T13:15:00+05:30,25658.2,25662.55,25639.6,25656.75,,25714.59548751652,25699.579693721495,25670.2345355583,25692.266666666666,25643.275,25741.25833333333,25911.13333333333,26032.01666666667,25571.38333333333,25352.516666666666,25231.63333333333,2138540
2026-01-13T13:20:00+05:30,25656.4,25676.8,25650.2,25673.2,,25714.59548751652,25697.067341938495,25670.827628446637,25692.266666666666,25643.275,25741.25833333333,25911.13333333333,26032.01666666667,25571.38333333333,25352.516666666666,25231.63333333333,2508485
2026-01-13T13:25:00+05:30,25672.4,25675.3,25654.25,25654.35,,25714.59548751652,25692.999023658638,25667.532102757308,25692.266666666666,25643.275,25741.25833333333,25911.13333333333,26032.01666666667,25571.38333333333,25352.516666666666,25231.63333333333,3210099
2026-01-13T13:30:00+05:30,25655.1,25671.45,25649.45,25671.35,,25714.59548751652,25690.937211881625,25668.295682205848,25692.266666666666,25643.275,25741.25833333333,25911.13333333333,26032.01666666667,25571.38333333333,25352.516666666666,25231.63333333333,2151315
2026-01-13T13:35:00+05:30,25670.6,25681.2,25667.8,25672.65,,25714.59548751652,25689.195572654804,25669.166545764678,25692.266666666666,25643.275,25741.25833333333,25911.13333333333,26032.01666666667,25571.38333333333,25352.516666666666,25231.63333333333,2642855
2026-01-13T13:40:00+05:30,25673.6,25679.85,25647.65,25676.15,,25714.59548751652,25687.95313716387,25670.563236611742,25692.266666666666,25643.275,25741.25833333333,25911.13333333333,26032.01666666667,25571.38333333333,25352.516666666666,25231.63333333333,2691158
2026-01-13T13:45:00+05:30,25675.25,25678.15,25661.25,25665,,25714.59548751652,25685.767124100643,25669.450589289394,25692.266666666666,25643.275,25741.25833333333,25911.13333333333,26032.01666666667,25571.38333333333,25352.516666666666,25231.63333333333,2653578
2026-01-13T13:50:00+05:30,25664.9,25686.65,25664.9,25671.45,,25714.59548751652,25684.40358847201,25669.850471431517,25692.266666666666,25643.275,25741.25833333333,25911.13333333333,26032.01666666667,25571.38333333333,25352.516666666666,25231.63333333333,3003839
2026-01-13T13:55:00+05:30,25671.55,25672.35,25658.95,25663.65,,25714.59548751652,25682.427056236582,25668.610377145214,25692.266666666666,25643.275,25741.25833333333,25911.13333333333,26032.01666666667,25571.38333333333,25352.516666666666,25231.63333333333,3037934
2026-01-13T14:00:00+05:30,25662.95,25667.5,25644.8,25647.05,,25714.59548751652,25679.05781278548,25664.29830171617,25692.266666666666,25643.275,25741.25833333333,25911.13333333333,26032.01666666667,25571.38333333333,25352.516666666666,25231.63333333333,3178017
2026-01-13T14:05:00+05:30,25645.45,25651.55,25638.35,25649.2,,25708.864284839285,25676.214211567814,25661.278641372937,25692.266666666666,25643.275,25741.25833333333,25911.13333333333,26032.01666666667,25571.38333333333,25352.516666666666,25231.63333333333,2779878
2026-01-13T14:10:00+05:30,25648.9,25650.3,25620.95,25636.55,,25701.952856355358,25672.436667608974,25656.33291309835,25692.266666666666,25643.275,25741.25833333333,25911.13333333333,26032.01666666667,25571.38333333333,25352.516666666666,25231.63333333333,4165730
2026-01-13T14:15:00+05:30,25636.25,25649.05,25623.65,25638.2,,25701.952856355358,25669.176032598596,25652.706330478683,25692.266666666666,25643.275,25741.25833333333,25911.13333333333,26032.01666666667,25571.38333333333,25352.516666666666,25231.63333333333,2951046
2026-01-13T14:20:00+05:30,25637.5,25640.8,25614.6,25615.25,,25696.143563647838,25664.040219970157,25645.215064382945,25692.266666666666,25643.275,25741.25833333333,25911.13333333333,26032.01666666667,25571.38333333333,25352.516666666666,25231.63333333333,5462010
2026-01-13T14:25:00+05:30,25614.9,25622.8,25609.65,25612.6,,25681.769207283054,25659.14115140157,25638.692051506354,25692.266666666666,25643.275,25741.25833333333,25911.13333333333,26032.01666666667,25571.38333333333,25352.516666666666,25231.63333333333,5315604
2026-01-13T14:30:00+05:30,25611.65,25662.9,25603.3,25640.25,,25681.769207283054,25657.341994125232,25639.003641205083,25692.266666666666,25643.275,25741.25833333333,25911.13333333333,26032.01666666667,25571.38333333333,25352.516666666666,25231.63333333333,4763366
2026-01-13T14:35:00+05:30,25639.6,25674.2,25634.8,25662.2,,25681.769207283054,25657.8046613514,25643.642912964067,25692.266666666666,25643.275,25741.25833333333,25911.13333333333,26032.01666666667,25571.38333333333,25352.516666666666,25231.63333333333,4318247
2026-01-13T14:40:00+05:30,25661.1,25702.3,25658.85,25692.65,25606.407256736235,,25661.12326503222,25653.444330371254,25692.266666666666,25643.275,25741.25833333333,25911.13333333333,26032.01666666667,25571.38333333333,25352.516666666666,25231.63333333333,6930782
2026-01-13T14:45:00+05:30,25692.9,25712.85,25687.8,25690.65,25615.466225601584,,25663.935335029153,25660.885464297004,25692.266666666666,25643.275,25741.25833333333,25911.13333333333,26032.01666666667,25571.38333333333,25352.516666666666,25231.63333333333,6834671
2026-01-13T14:50:00+05:30,25689.9,25722.75,25688.5,25713.9,25618.977103041427,,25668.693874550187,25671.488371437605,25692.266666666666,25643.275,25741.25833333333,25911.13333333333,26032.01666666667,25571.38333333333,25352.516666666666,25231.63333333333,5128395
2026-01-13T14:55:00+05:30,25715.05,25726.05,25690.8,25707.95,25619.866892737286,,25672.432553164454,25678.780697150083,25692.266666666666,25643.275,25741.25833333333,25911.13333333333,26032.01666666667,25571.38333333333,25352.516666666666,25231.63333333333,6528116
2026-01-13T15:00:00+05:30,25711.85,25757.15,25702.05,25706.2,25633.367703463555,,25675.648500482126,25684.264557720067,25692.266666666666,25643.275,25741.25833333333,25911.13333333333,26032.01666666667,25571.38333333333,25352.516666666666,25231.63333333333,11518694
2026-01-13T15:05:00+05:30,25705.95,25747.55,25705.3,25746.95,25633.367703463555,,25682.439119483828,25696.801646176053,25692.266666666666,25643.275,25741.25833333333,25911.13333333333,26032.01666666667,25571.38333333333,25352.516666666666,25231.63333333333,10766007
2026-01-13T15:10:00+05:30,25746.15,25751.95,25733.65,25737.4,25647.954339805485,,25687.673489056797,25704.921316940843,25692.266666666666,25643.275,25741.25833333333,25911.13333333333,26032.01666666667,25571.38333333333,25352.516666666666,25231.63333333333,9002740
2026-01-13T15:15:00+05:30,25738.85,25749.65,25724.4,25726.85,25647.954339805485,,25691.404585337103,25709.307053552675,25692.266666666666,25643.275,25741.25833333333,25911.13333333333,26032.01666666667,25571.38333333333,25352.516666666666,25231.63333333333,8923469
2026-01-13T15:20:00+05:30,25729.45,25741.85,25719.6,25731,25647.954339805485,,25695.17557720976,25713.64564284214,25692.266666666666,25643.275,25741.25833333333,25911.13333333333,26032.01666666667,25571.38333333333,25352.516666666666,25231.63333333333,9513564
2026-01-13T15:25:00+05:30,25731.3,25736.8,25710.45,25714.2,25647.954339805485,,25696.98742699931,25713.75651427371,25692.266666666666,25643.275,25741.25833333333,25911.13333333333,26032.01666666667,25571.38333333333,25352.516666666666,25231.63333333333,8976073
2026-01-14T09:15:00+05:30,25653.45,25719.35,25638.35,25683.25,25647.954339805485,,25695.67910061842,25707.65521141897,25745.13333333333,25738.716666666664,25751.55,25886.966666666664,26041.633333333335,25590.466666666664,25448.63333333333,25293.966666666664,13470246
2026-01-14T09:20:00+05:30,25684.2,25742.3,25680.5,25705.15,25647.954339805485,,25696.581091035714,25707.154169135174,25745.13333333333,25738.716666666664,25751.55,25886.966666666664,26041.633333333335,25590.466666666664,25448.63333333333,25293.966666666664,9012582
2026-01-14T09:25:00+05:30,25704.6,25744.8,25704.15,25737.5,25647.954339805485,,25700.478129984695,25713.22333530814,25745.13333333333,25738.716666666664,25751.55,25886.966666666664,26041.633333333335,25590.466666666664,25448.63333333333,25293.966666666664,7588989
2026-01-14T09:30:00+05:30,25737.7,25750.45,25722.2,25734.2,25647.954339805485,,25703.689736652817,25717.41866824651,25745.13333333333,25738.716666666664,25751.55,25886.966666666664,26041.633333333335,25590.466666666664,25448.63333333333,25293.966666666664,6125997
2026-01-14T09:35:00+05:30,25733.95,25746.6,25726,25732.85,25647.954339805485,,25706.466904590645,25720.504934597207,25745.13333333333,25738.716666666664,25751.55,25886.966666666664,26041.633333333335,25590.466666666664,25448.63333333333,25293.966666666664,7143429
2026-01-14T09:40:00+05:30,25732.4,25739.6,25703.15,25706.65,25647.954339805485,,25706.484342248677,25717.733947677767,25745.13333333333,25738.716666666664,25751.55,25886.966666666664,26041.633333333335,25590.466666666664,25448.63333333333,25293.966666666664,5562281
2026-01-14T09:45:00+05:30,25704.9,25712.85,25674.4,25689.45,25647.954339805485,,25704.86202393928,25712.077158142212,25745.13333333333,25738.716666666664,25751.55,25886.966666666664,26041.633333333335,25590.466666666664,25448.63333333333,25293.966666666664,6534345
2026-01-14T09:50:00+05:30,25689.35,25743.6,25688.25,25742.45,25647.954339805485,,25708.441831183158,25718.15172651377,25745.13333333333,25738.716666666664,25751.55,25886.966666666664,26041.633333333335,25590.466666666664,25448.63333333333,25293.966666666664,4962804
2026-01-14T09:55:00+05:30,25743,25761.5,25715.7,25729.9,25647.954339805485,,25710.48546630857,25720.501381211016,25745.13333333333,25738.716666666664,25751.55,25886.966666666664,26041.633333333335,25590.466666666664,25448.63333333333,25293.966666666664,5093778
2026-01-14T10:00:00+05:30,25729.6,25733.8,25710.15,25717.25,25647.954339805485,,25711.129707612516,25719.851104968813,25745.13333333333,25738.716666666664,25751.55,25886.966666666664,26041.633333333335,25590.466666666664,25448.63333333333,25293.966666666664,6005473
2026-01-14T10:05:00+05:30,25715.65,25723.85,25700,25708.55,25647.954339805485,,25710.884021173228,25717.590883975052,25745.13333333333,25738.716666666664,25751.55,25886.966666666664,26041.633333333335,25590.466666666664,25448.63333333333,25293.966666666664,7308848
2026-01-14T10:10:00+05:30,25708.4,25708.4,25692.65,25696.8,25647.954339805485,,25709.542685823395,25713.43270718004,25745.13333333333,25738.716666666664,25751.55,25886.966666666664,26041.633333333335,25590.466666666664,25448.63333333333,25293.966666666664,5100719
2026-01-14T10:15:00+05:30,25697.9,25703.75,25670,25680.05,25647.954339805485,,25706.733858602118,25706.75616574403,25745.13333333333,25738.716666666664,25751.55,25886.966666666664,26041.633333333335,25590.466666666664,25448.63333333333,25293.966666666664,5438527
2026-01-14T10:20:00+05:30,25680.8,25686.25,25661.35,25676.1,25647.954339805485,,25703.816348259057,25700.624932595223,25745.13333333333,25738.716666666664,25751.55,25886.966666666664,26041.633333333335,25590.466666666664,25448.63333333333,25293.966666666664,6109431
2026-01-14T10:25:00+05:30,25676.6,25689.6,25670.45,25688.9,25647.954339805485,,25702.395743662957,25698.279946076178,25745.13333333333,25738.716666666664,25751.55,25886.966666666664,26041.633333333335,25590.466666666664,25448.63333333333,25293.966666666664,5789541
2026-01-14T10:30:00+05:30,25689.9,25691.85,25662.25,25686.6,25647.954339805485,,25700.89138712363,25695.94395686094,25745.13333333333,25738.716666666664,25751.55,25886.966666666664,26041.633333333335,25590.466666666664,25448.63333333333,25293.966666666664,4965256
2026-01-14T10:35:00+05:30,25686.95,25693.4,25669.7,25679.75,25647.954339805485,,25698.877921683285,25692.705165488755,25745.13333333333,25738.716666666664,25751.55,25886.966666666664,26041.633333333335,25590.466666666664,25448.63333333333,25293.966666666664,4682617
2026-01-14T10:40:00+05:30,25680.1,25718.9,25671.85,25675,25647.954339805485,,25696.603833903922,25689.164132391004,25745.13333333333,25738.716666666664,25751.55,25886.966666666664,26041.633333333335,25590.466666666664,25448.63333333333,25293.966666666664,7719261
2026-01-14T10:45:00+05:30,25674.95,25696.95,25662,25692.15,25647.954339805485,,25696.179659246405,25689.761305912805,25745.13333333333,25738.716666666664,25751.55,25886.966666666664,26041.633333333335,25590.466666666664,25448.63333333333,25293.966666666664,3534730
2026-01-14T10:50:00+05:30,25692.4,25705.35,25691.7,25703.65,25647.954339805485,,25696.891120270557,25692.539044730245,25745.13333333333,25738.716666666664,25751.55,25886.966666666664,26041.633333333335,25590.466666666664,25448.63333333333,25293.966666666664,4268710
2026-01-14T10:55:00+05:30,25704.55,25729,25700.35,25728.8,25647.954339805485,,25699.93006119717,25699.791235784196,25745.13333333333,25738.716666666664,25751.55,25886.966666666664,26041.633333333335,25590.466666666664,25448.63333333333,25293.966666666664,5180811
2026-01-14T11:00:00+05:30,25729.3,25736,25710.75,25733.15,25647.954339805485,,25703.09386489268,25706.462988627358,25745.13333333333,25738.716666666664,25751.55,25886.966666666664,26041.633333333335,25590.466666666664,25448.63333333333,25293.966666666664,4846007
2026-01-14T11:05:00+05:30,25733.8,25737.9,25713.45,25729.55,25647.954339805485,,25705.613496807662,25711.080390901887,25745.13333333333,25738.716666666664,25751.55,25886.966666666664,26041.633333333335,25590.466666666664,25448.63333333333,25293.966666666664,3486489
2026-01-14T11:10:00+05:30,25729.6,25737.75,25721.45,25726.25,25647.954339805485,,25707.578878064076,25714.11431272151,25745.13333333333,25738.716666666664,25751.55,25886.966666666664,26041.633333333335,25590.466666666664,25448.63333333333,25293.966666666664,4086561
2026-01-14T11:15:00+05:30,25723.7,25751.1,25720.3,25747,25650.809089776056,,25711.333270629402,25720.691450177208,25745.13333333333,25738.716666666664,25751.55,25886.966666666664,26041.633333333335,25590.466666666664,25448.63333333333,25293.966666666664,6661589
2026-01-14T11:20:00+05:30,25747.75,25754.95,25737.5,25737.5,25664.58818079845,,25713.82534009327,25724.053160141768,25745.13333333333,25738.716666666664,25751.55,25886.966666666664,26041.633333333335,25590.466666666664,25448.63333333333,25293.966666666664,6427755
2026-01-14T11:25:00+05:30,25737.9,25774.4,25732.7,25770.4,25667.56686271861,,25719.21340294153,25733.322528113415,25745.13333333333,25738.716666666664,25751.55,25886.966666666664,26041.633333333335,25590.466666666664,25448.63333333333,25293.966666666664,5990416
2026-01-14T11:30:00+05:30,25770.7,25775.8,25748.5,25769,25676.57517644675,,25723.954983613763,25740.458022490733,25745.13333333333,25738.716666666664,25751.55,25886.966666666664,26041.633333333335,25590.466666666664,25448.63333333333,25293.966666666664,5837865
2026-01-14T11:35:00+05:30,25769.1,25771.5,25758.85,25767.4,25684.36265880207,,25728.092604221976,25745.846417992587,25745.13333333333,25738.716666666664,25751.55,25886.966666666664,26041.633333333335,25590.466666666664,25448.63333333333,25293.966666666664,5631984
2026-01-14T11:40:00+05:30,25766.85,25777.35,25761.15,25761.15,25691.658892921867,,25731.240927629406,25748.90713439407,25745.13333333333,25738.716666666664,25751.55,25886.966666666664,26041.633333333335,25590.466666666664,25448.63333333333,25293.966666666664,3356227
2026-01-14T11:45:00+05:30,25760.95,25786.05,25759.4,25784.75,25694.898003629678,,25736.33702975994,25756.075707515258,25745.13333333333,25738.716666666664,25751.55,25886.966666666664,26041.633333333335,25590.466666666664,25448.63333333333,25293.966666666664,3080756
2026-01-14T11:50:00+05:30,25785.25,25785.25,25769.8,25776.5,25702.845703266714,,25740.162074544707,25760.160566012208,25745.13333333333,25738.716666666664,25751.55,25886.966666666664,26041.633333333335,25590.466666666664,25448.63333333333,25293.966666666664,3223621
2026-01-14T11:55:00+05:30,25775.7,25784.15,25771.95,25775.65,25707.178632940042,,25743.541876969022,25763.258452809765,25745.13333333333,25738.716666666664,25751.55,25886.966666666664,26041.633333333335,25590.466666666664,25448.63333333333,25293.966666666664,3813582
2026-01-14T12:00:00+05:30,25776.45,25791.75,25775.45,25786.95,25714.925769646034,,25747.675983924353,25767.99676224781,25745.13333333333,25738.716666666664,25751.55,25886.966666666664,26041.633333333335,25590.466666666664,25448.63333333333,25293.966666666664,3230320
2026-01-14T12:05:00+05:30,25786.3,25788.25,25760.75,25762.3,25714.925769646034,,25749.06874736013,25766.85740979825,25745.13333333333,25738.716666666664,25751.55,25886.966666666664,26041.633333333335,25590.466666666664,25448.63333333333,25293.966666666664,3534129
2026-01-14T12:10:00+05:30,25762.9,25766.35,25742.2,25743.35,25714.925769646034,,25748.5241047544,25762.155927838598,25745.13333333333,25738.716666666664,25751.55,25886.966666666664,26041.633333333335,25590.466666666664,25448.63333333333,25293.966666666664,3851150
2026-01-14T12:15:00+05:30,25743.7,25766.75,25734.5,25766.3,25714.925769646034,,25750.21704715874,25762.984742270877,25745.13333333333,25738.716666666664,25751.55,25886.966666666664,26041.633333333335,25590.466666666664,25448.63333333333,25293.966666666664,4248847
2026-01-14T12:20:00+05:30,25766.75,25774.9,25764.15,25767.75,25714.925769646034,,25751.88685219124,25763.9377938167,25745.13333333333,25738.716666666664,25751.55,25886.966666666664,26041.633333333335,25590.466666666664,25448.63333333333,25293.966666666664,2611381
2026-01-14T12:25:00+05:30,25767.9,25773.65,25751.5,25755.85,25714.925769646034,,25752.264294839693,25762.32023505336,25745.13333333333,25738.716666666664,25751.55,25886.966666666664,26041.633333333335,25590.466666666664,25448.63333333333,25293.966666666664,3248180
2026-01-14T12:30:00+05:30,25756.1,25767.55,25756.1,25765.15,25714.925769646034,,25753.49150485496,25762.88618804269,25745.13333333333,25738.716666666664,25751.55,25886.966666666664,26041.633333333335,25590.466666666664,25448.63333333333,25293.966666666664,3996317
2026-01-14T12:35:00+05:30,25765.1,25780.9,25764.75,25772.85,25714.925769646034,,25755.335171059247,25764.87895043415,25745.13333333333,25738.716666666664,25751.55,25886.966666666664,26041.633333333335,25590.466666666664,25448.63333333333,25293.966666666664,3074446
2026-01-14T12:40:00+05:30,25772.05,25777.5,25751.85,25753.45,25714.925769646034,,25755.155630958365,25762.593160347322,25745.13333333333,25738.716666666664,25751.55,25886.966666666664,26041.633333333335,25590.466666666664,25448.63333333333,25293.966666666664,2836735
2026-01-14T12:45:00+05:30,25753.5,25769.45,25752.25,25754.85,25714.925769646034,,25755.126523248044,25761.044528277856,25745.13333333333,25738.716666666664,25751.55,25886.966666666664,26041.633333333335,25590.466666666664,25448.63333333333,25293.966666666664,2531762
2026-01-14T12:50:00+05:30,25753.4,25756.1,25741.15,25747.85,25714.925769646034,,25754.433521033945,25758.405622622286,25745.13333333333,25738.716666666664,25751.55,25886.966666666664,26041.633333333335,25590.466666666664,25448.63333333333,25293.966666666664,2764592
2026-01-14T12:55:00+05:30,25747.65,25753.45,25741.75,25749.2,25714.925769646034,,25753.935090459283,25756.56449809783,25745.13333333333,25738.716666666664,25751.55,25886.966666666664,26041.633333333335,25590.466666666664,25448.63333333333,25293.966666666664,2521966
2026-01-14T13:00:00+05:30,25749.1,25754.05,25736.05,25740.5,25714.925769646034,,25752.65555803459,25753.351598478264,25745.13333333333,25738.716666666664,25751.55,25886.966666666664,26041.633333333335,25590.466666666664,25448.63333333333,25293.966666666664,2574451
2026-01-14T13:05:00+05:30,25740.45,25753.8,25740.45,25753.35,25714.925769646034,,25752.721695364628,25753.35127878261,25745.13333333333,25738.716666666664,25751.55,25886.966666666664,26041.633333333335,25590.466666666664,25448.63333333333,25293.966666666664,2535657
2026-01-14T13:10:00+05:30,25753,25761.5,25746,25747.15,25714.925769646034,,25752.191057710854,25752.11102302609,25745.13333333333,25738.716666666664,25751.55,25886.966666666664,26041.633333333335,25590.466666666664,25448.63333333333,25293.966666666664,3012043
2026-01-14T13:15:00+05:30,25746.75,25757.3,25740.3,25743.05,25714.925769646034,,25751.32048078601,25750.29881842087,25745.13333333333,25738.716666666664,25751.55,25886.966666666664,26041.633333333335,25590.466666666664,25448.63333333333,25293.966666666664,2413811
2026-01-14T13:20:00+05:30,25743.5,25744.2,25716.95,25717.15,25714.925769646034,,25748.06614928258,25743.669054736696,25745.13333333333,25738.716666666664,25751.55,25886.966666666664,26041.633333333335,25590.466666666664,25448.63333333333,25293.966666666664,4302066
2026-01-14T13:25:00+05:30,25716.9,25728.8,25705.6,25715.5,25714.925769646034,,25744.964611255666,25738.035243789356,25745.13333333333,25738.716666666664,25751.55,25886.966666666664,26041.633333333335,25590.466666666664,25448.63333333333,25293.966666666664,3357974
2026-01-14T13:30:00+05:30,25715.85,25718.55,25699.75,25700.35,,25767.927444015702,25740.71560065989,25730.498195031483,25745.13333333333,25738.716666666664,25751.55,25886.966666666664,26041.633333333335,25590.466666666664,25448.63333333333,25293.966666666664,2470346
2026-01-14T13:35:00+05:30,25699.75,25709.35,25671.2,25671.2,,25754.619699614133,25734.09506726371,25718.638556025187,25745.13333333333,25738.716666666664,25751.55,25886.966666666664,26041.633333333335,25590.466666666664,25448.63333333333,25293.966666666664,3411748
2026-01-14T13:40:00+05:30,25671.35,25683.1,25658.8,25659.35,,25736.150229652714,25726.976489429067,25706.78084482015,25745.13333333333,25738.716666666664,25751.55,25886.966666666664,26041.633333333335,25590.466666666664,25448.63333333333,25293.966666666664,4001394
2026-01-14T13:45:00+05:30,25659.85,25669.2,25650.95,25661.65,,25724.230206687447,25720.754919007253,25697.754675856122,25745.13333333333,25738.716666666664,25751.55,25886.966666666664,26041.633333333335,25590.466666666664,25448.63333333333,25293.966666666664,4207814
2026-01-14T13:50:00+05:30,25662.05,25670.85,25638.95,25638.95,,25722.2096860187,25712.963974339895,25685.9937406849,25745.13333333333,25738.716666666664,25751.55,25886.966666666664,26041.633333333335,25590.466666666664,25448.63333333333,25293.966666666664,3989893
2026-01-14T13:55:00+05:30,25639.65,25645.45,25631.2,25635.95,,25703.17871741683,25705.62931011705,25675.984992547917,25745.13333333333,25738.716666666664,25751.55,25886.966666666664,26041.633333333335,25590.466666666664,25448.63333333333,25293.966666666664,3221636
2026-01-14T14:00:00+05:30,25636.05,25656.9,25634.15,25638.15,,25703.17871741683,25699.20270915352,25668.417994038333,25745.13333333333,25738.716666666664,25751.55,25886.966666666664,26041.633333333335,25590.466666666664,25448.63333333333,25293.966666666664,3464576
2026-01-14T14:05:00+05:30,25637.75,25658.1,25632.2,25645.9,,25703.17871741683,25694.12626066271,25663.914395230666,25745.13333333333,25738.716666666664,25751.55,25886.966666666664,26041.633333333335,25590.466666666664,25448.63333333333,25293.966666666664,4005723
2026-01-14T14:10:00+05:30,25645.3,25664.1,25644,25663.2,,25703.17871741683,25691.180902504355,25663.771516184534,25745.13333333333,25738.716666666664,25751.55,25886.966666666664,26041.633333333335,25590.466666666664,25448.63333333333,25293.966666666664,3179680
2026-01-14T14:15:00+05:30,25663.25,25669.75,25643.65,25644.1,,25703.17871741683,25686.69700702775,25659.837212947627,25745.13333333333,25738.716666666664,25751.55,25886.966666666664,26041.633333333335,25590.466666666664,25448.63333333333,25293.966666666664,4385727
2026-01-14T14:20:00+05:30,25643.65,25644.5,25610.45,25610.85,,25698.05898409746,25679.473482548918,25650.0397703581,25745.13333333333,25738.716666666664,25751.55,25886.966666666664,26041.633333333335,25590.466666666664,25448.63333333333,25293.966666666664,6245368
2026-01-14T14:25:00+05:30,25610.2,25630.8,25603.95,25624.3,,25688.955585687716,25674.218865163308,25644.89181628648,25745.13333333333,25738.716666666664,25751.55,25886.966666666664,26041.633333333335,25590.466666666664,25448.63333333333,25293.966666666664,4351853
2026-01-14T14:30:00+05:30,25624.4,25638.05,25618.35,25636.4,,25688.955585687716,25670.61706848109,25643.193453029184,25745.13333333333,25738.716666666664,25751.55,25886.966666666664,26041.633333333335,25590.466666666664,25448.63333333333,25293.966666666664,4034526
2026-01-14T14:35:00+05:30,25635.95,25666.3,25627.5,25658.95,,25688.955585687716,25669.50591910194,25646.34476242335,25745.13333333333,25738.716666666664,25751.55,25886.966666666664,26041.633333333335,25590.466666666664,25448.63333333333,25293.966666666664,5487759
2026-01-14T14:40:00+05:30,25658.05,25680.3,25650.25,25676.65,,25688.955585687716,25670.186307758897,25652.40580993868,25745.13333333333,25738.716666666664,25751.55,25886.966666666664,26041.633333333335,25590.466666666664,25448.63333333333,25293.966666666664,6118955
2026-01-14T14:45:00+05:30,25676.4,25715.65,25676.4,25696.45,25615.435687730293,,25672.687611781857,25661.214647950943,25745.13333333333,25738.716666666664,25751.55,25886.966666666664,26041.633333333335,25590.466666666664,25448.63333333333,25293.966666666664,9578664
2026-01-14T14:50:00+05:30,25697.2,25702.7,25689.15,25695.85,25619.329618957265,,25674.89355351692,25668.141718360755,25745.13333333333,25738.716666666664,25751.55,25886.966666666664,26041.633333333335,25590.466666666664,25448.63333333333,25293.966666666664,4971527
2026-01-14T14:55:00+05:30,25696.95,25703.8,25675.65,25678.2,25619.329618957265,,25675.208453181975,25670.153374688605,25745.13333333333,25738.716666666664,25751.55,25886.966666666664,26041.633333333335,25590.466666666664,25448.63333333333,25293.966666666664,4998220
2026-01-14T15:00:00+05:30,25681.25,25684.95,25649.4,25684.95,25619.329618957265,,25676.136219545595,25673.112699750884,25745.13333333333,25738.716666666664,25751.55,25886.966666666664,26041.633333333335,25590.466666666664,25448.63333333333,25293.966666666664,9834227
2026-01-14T15:05:00+05:30,25686.25,25694.1,25655.05,25673.1,25619.329618957265,,25675.847055779348,25673.110159800708,25745.13333333333,25738.716666666664,25751.55,25886.966666666664,26041.633333333335,25590.466666666664,25448.63333333333,25293.966666666664,9481525
2026-01-14T15:10:00+05:30,25673.45,25676.4,25650.8,25652.85,25619.329618957265,,25673.65685999084,25669.058127840566,25745.13333333333,25738.716666666664,25751.55,25886.966666666664,26041.633333333335,25590.466666666664,25448.63333333333,25293.966666666664,11322826
2026-01-14T15:15:00+05:30,25655.25,25662,25648.3,25660.15,25619.329618957265,,25672.370492372665,25667.276502272452,25745.13333333333,25738.716666666664,25751.55,25886.966666666664,26041.633333333335,25590.466666666664,25448.63333333333,25293.966666666664,11436081
2026-01-14T15:20:00+05:30,25660.75,25675.95,25654.85,25675.55,25619.329618957265,,25672.673302622887,25668.931201817963,25745.13333333333,25738.716666666664,25751.55,25886.966666666664,26041.633333333335,25590.466666666664,25448.63333333333,25293.966666666664,11627781
2026-01-14T15:25:00+05:30,25675.8,25677.4,25662.6,25669.1,25619.329618957265,,25672.332988087375,25668.96496145437,25745.13333333333,25738.716666666664,25751.55,25886.966666666664,26041.633333333335,25590.466666666664,25448.63333333333,25293.966666666664,10019485
2026-01-16T09:15:00+05:30,25717.85,25743.25,25678.4,25729.85,25621.825236088145,,25677.81079874572,25681.141969163495,25687.099999999995,25676.34999999999,25697.85,25770.24999999999,25874.89999999999,25582.44999999999,25499.299999999996,25394.64999999999,31047038
2026-01-16T09:20:00+05:30,25730.45,25736.25,25704.65,25715,25630.87021247933,,25681.3526274366,25687.913575330796,25687.099999999995,25676.34999999999,25697.85,25770.24999999999,25874.89999999999,25582.44999999999,25499.299999999996,25394.64999999999,12196881
2026-01-16T09:25:00+05:30,25714.1,25732.5,25705.1,25725.9,25630.87021247933,,25685.595234347402,25695.510860264636,25687.099999999995,25676.34999999999,25697.85,25770.24999999999,25874.89999999999,25582.44999999999,25499.299999999996,25394.64999999999,10100058
2026-01-16T09:30:00+05:30,25725.55,25726.35,25686.55,25708.25,25630.87021247933,,25687.75283107622,25698.05868821171,25687.099999999995,25676.34999999999,25697.85,25770.24999999999,25874.89999999999,25582.44999999999,25499.299999999996,25394.64999999999,9065185
2026-01-16T09:35:00+05:30,25708.75,25712.55,25689.1,25690.75,25630.87021247933,,25688.038275735627,25696.59695056937,25687.099999999995,25676.34999999999,25697.85,25770.24999999999,25874.89999999999,25582.44999999999,25499.299999999996,25394.64999999999,7494228
2026-01-16T09:40:00+05:30,25690.05,25727.5,25683.8,25725.9,25630.87021247933,,25691.644154236998,25702.457560455496,25687.099999999995,25676.34999999999,25697.85,25770.24999999999,25874.89999999999,25582.44999999999,25499.299999999996,25394.64999999999,6851045
2026-01-16T09:45:00+05:30,25725.75,25743.9,25715.2,25742,25636.449279266923,,25696.43994907157,25710.366048364398,25687.099999999995,25676.34999999999,25697.85,25770.24999999999,25874.89999999999,25582.44999999999,25499.299999999996,25394.64999999999,7897808
2026-01-16T09:50:00+05:30,25742.95,25755.85,25737.35,25752.4,25657.259351340224,,25701.76947773142,25718.77283869152,25687.099999999995,25676.34999999999,25697.85,25770.24999999999,25874.89999999999,25582.44999999999,25499.299999999996,25394.64999999999,5731662
2026-01-16T09:55:00+05:30,25752.2,25755.8,25737.75,25739.25,25660.953416206205,,25705.33905128081,25722.868270953215,25687.099999999995,25676.34999999999,25697.85,25770.24999999999,25874.89999999999,25582.44999999999,25499.299999999996,25394.64999999999,4664971
2026-01-16T10:00:00+05:30,25738.2,25765.55,25736.8,25761.95,25665.310574585583,,25710.730570206448,25730.684616762574,25687.099999999995,25676.34999999999,25697.85,25770.24999999999,25874.89999999999,25582.44999999999,25499.299999999996,25394.64999999999,6207311
2026-01-16T10:05:00+05:30,25761.35,25768.95,25749.15,25766.65,25675.832017127028,,25716.056230186787,25737.87769341006,25687.099999999995,25676.34999999999,25697.85,25770.24999999999,25874.89999999999,25582.44999999999,25499.299999999996,25394.64999999999,4523227
2026-01-16T10:10:00+05:30,25766.7,25789.5,25764.8,25783.65,25694.843815414326,,25722.49373207376,25747.032154728047,25687.099999999995,25676.34999999999,25697.85,25770.24999999999,25874.89999999999,25582.44999999999,25499.299999999996,25394.64999999999,5574246
2026-01-16T10:15:00+05:30,25784.95,25845.9,25783.9,25836.75,25722.14943387289,,25733.37528140007,25764.975723782438,25687.099999999995,25676.34999999999,25697.85,25770.24999999999,25874.89999999999,25582.44999999999,25499.299999999996,25394.64999999999,7333640
2026-01-16T10:20:00+05:30,25837.1,25854.65,25834.05,25848.45,25754.6944904856,,25744.334778409586,25781.67057902595,25687.099999999995,25676.34999999999,25697.85,25770.24999999999,25874.89999999999,25582.44999999999,25499.299999999996,25394.64999999999,5350110
2026-01-16T10:25:00+05:30,25848.05,25865.65,25847.6,25856.65,25770.52004143704,,25755.031466180102,25796.66646322076,25687.099999999995,25676.34999999999,25697.85,25770.24999999999,25874.89999999999,25582.44999999999,25499.299999999996,25394.64999999999,5699302
2026-01-16T10:30:00+05:30,25857.5,25864.1,25842.05,25852,25770.52004143704,,25764.26656463914,25807.73317057661,25687.099999999995,25676.34999999999,25697.85,25770.24999999999,25874.89999999999,25582.44999999999,25499.299999999996,25394.64999999999,4386423
2026-01-16T10:35:00+05:30,25852.25,25872.4,25851.5,25865.25,25779.981483564003,,25773.88403467351,25819.236536461285,25687.099999999995,25676.34999999999,25697.85,25770.24999999999,25874.89999999999,25582.44999999999,25499.299999999996,25394.64999999999,4787022
2026-01-16T10:40:00+05:30,25865.6,25873.5,25839.75,25843.7,25779.981483564003,,25780.533174228414,25824.12922916903,25687.099999999995,25676.34999999999,25697.85,25770.24999999999,25874.89999999999,25582.44999999999,25499.299999999996,25394.64999999999,4561893
2026-01-16T10:45:00+05:30,25844.55,25863.9,25841.65,25855.7,25779.981483564003,,25787.691919539993,25830.443383335223,25687.099999999995,25676.34999999999,25697.85,25770.24999999999,25874.89999999999,25582.44999999999,25499.299999999996,25394.64999999999,4224819
2026-01-16T10:50:00+05:30,25855.85,25855.85,25837.85,25837.85,25779.981483564003,,25792.468879583805,25831.92470666818,25687.099999999995,25676.34999999999,25697.85,25770.24999999999,25874.89999999999,25582.44999999999,25499.299999999996,25394.64999999999,3794598
2026-01-16T10:55:00+05:30,25838.05,25845.15,25827,25829.5,25779.981483564003,,25795.995652956775,25831.439765334544,25687.099999999995,25676.34999999999,25697.85,25770.24999999999,25874.89999999999,25582.44999999999,25499.299999999996,25394.64999999999,4508131
2026-01-16T11:00:00+05:30,25829.7,25841.8,25824.2,25824.65,25779.981483564003,,25798.724638389464,25830.081812267636,25687.099999999995,25676.34999999999,25697.85,25770.24999999999,25874.89999999999,25582.44999999999,25499.299999999996,25394.64999999999,4669340
2026-01-16T11:05:00+05:30,25824.35,25837.05,25820.7,25829.4,25779.981483564003,,25801.64610139999,25829.94544981411,25687.099999999995,25676.34999999999,25697.85,25770.24999999999,25874.89999999999,25582.44999999999,25499.299999999996,25394.64999999999,3271008
2026-01-16T11:10:00+05:30,25828.8,25828.8,25801.85,25812.45,25779.981483564003,,25802.6750441238,25826.44635985129,25687.099999999995,25676.34999999999,25697.85,25770.24999999999,25874.89999999999,25582.44999999999,25499.299999999996,25394.64999999999,6422653
2026-01-16T11:15:00+05:30,25812.5,25823.4,25801.25,25806.8,25779.981483564003,,25803.06789706439,25822.51708788103,25687.099999999995,25676.34999999999,25697.85,25770.24999999999,25874.89999999999,25582.44999999999,25499.299999999996,25394.64999999999,3548100
2026-01-16T11:20:00+05:30,25806.6,25820.4,25800.95,25806.55,25779.981483564003,,25803.3995259154,25819.323670304824,25687.099999999995,25676.34999999999,25697.85,25770.24999999999,25874.89999999999,25582.44999999999,25499.299999999996,25394.64999999999,4189333
2026-01-16T11:25:00+05:30,25806.1,25818.9,25805.55,25813.25,25779.981483564003,,25804.33766630441,25818.108936243858,25687.099999999995,25676.34999999999,25697.85,25770.24999999999,25874.89999999999,25582.44999999999,25499.299999999996,25394.64999999999,3677176
2026-01-16T11:30:00+05:30,25813.15,25830.65,25801.25,25810.9,25779.981483564003,,25804.962650465895,25816.667148995086,25687.099999999995,25676.34999999999,25697.85,25770.24999999999,25874.89999999999,25582.44999999999,25499.299999999996,25394.64999999999,3712630
2026-01-16T11:35:00+05:30,25810.35,25814.6,25797.15,25801.6,25779.981483564003,,25804.64239804057,25813.653719196067,25687.099999999995,25676.34999999999,25697.85,25770.24999999999,25874.89999999999,25582.44999999999,25499.299999999996,25394.64999999999,3678734
2026-01-16T11:40:00+05:30,25802.15,25810.55,25797.4,25798.45,25779.981483564003,,25804.05264584623,25810.612975356853,25687.099999999995,25676.34999999999,25697.85,25770.24999999999,25874.89999999999,25582.44999999999,25499.299999999996,25394.64999999999,4785447
2026-01-16T11:45:00+05:30,25798.65,25798.7,25783.35,25789.1,25779.981483564003,,25802.628584337064,25806.310380285482,25687.099999999995,25676.34999999999,25697.85,25770.24999999999,25874.89999999999,25582.44999999999,25499.299999999996,25394.64999999999,3279621
2026-01-16T11:50:00+05:30,25789.85,25799.45,25783.9,25792.65,25779.981483564003,,25801.67824297163,25803.578304228387,25687.099999999995,25676.34999999999,25697.85,25770.24999999999,25874.89999999999,25582.44999999999,25499.299999999996,25394.64999999999,4273835
2026-01-16T11:55:00+05:30,25791.95,25797.35,25770.25,25775.75,,25847.43725812746,25799.20888649814,25798.01264338271,25687.099999999995,25676.34999999999,25697.85,25770.24999999999,25874.89999999999,25582.44999999999,25499.299999999996,25394.64999999999,4646023
2026-01-16T12:00:00+05:30,25775.65,25792.1,25773.45,25790.7,,25845.643532314713,25798.39851635546,25796.55011470617,25687.099999999995,25676.34999999999,25697.85,25770.24999999999,25874.89999999999,25582.44999999999,25499.299999999996,25394.64999999999,3688093
2026-01-16T12:05:00+05:30,25790.6,25812.4,25789.25,25812.3,,25845.643532314713,25799.72246717875,25799.700091764935,25687.099999999995,25676.34999999999,25697.85,25770.24999999999,25874.89999999999,25582.44999999999,25499.299999999996,25394.64999999999,4633556
2026-01-16T12:10:00+05:30,25811.95,25826.6,25808.55,25823.6,,25845.643532314713,25801.99651792363,25804.48007341195,25687.099999999995,25676.34999999999,25697.85,25770.24999999999,25874.89999999999,25582.44999999999,25499.299999999996,25394.64999999999,4701006
2026-01-16T12:15:00+05:30,25824.65,25829.2,25811.6,25813.8,,25845.643532314713,25803.12065907376,25806.34405872956,25687.099999999995,25676.34999999999,25697.85,25770.24999999999,25874.89999999999,25582.44999999999,25499.299999999996,25394.64999999999,3661395
2026-01-16T12:20:00+05:30,25814.6,25818.75,25806.2,25810.1,,25845.643532314713,25803.785358209592,25807.09524698365,25687.099999999995,25676.34999999999,25697.85,25770.24999999999,25874.89999999999,25582.44999999999,25499.299999999996,25394.64999999999,3159972
2026-01-16T12:25:00+05:30,25810.85,25812.95,25744.9,25752.1,,25845.643532314713,25798.862943142012,25796.096197586918,25687.099999999995,25676.34999999999,25697.85,25770.24999999999,25874.89999999999,25582.44999999999,25499.299999999996,25394.64999999999,6566199
2026-01-16T12:30:00+05:30,25752.05,25771,25737.8,25769.85,,25830.696920231865,25796.099805699916,25790.846958069535,25687.099999999995,25676.34999999999,25697.85,25770.24999999999,25874.89999999999,25582.44999999999,25499.299999999996,25394.64999999999,4327861
2026-01-16T12:35:00+05:30,25770.75,25774.6,25753.9,25766.6,,25830.696920231865,25793.29030039516,25785.997566455626,25687.099999999995,25676.34999999999,25697.85,25770.24999999999,25874.89999999999,25582.44999999999,25499.299999999996,25394.64999999999,3936128
2026-01-16T12:40:00+05:30,25767.85,25771.25,25758.8,25759.55,,25830.696920231865,25790.076938452767,25780.7080531645,25687.099999999995,25676.34999999999,25697.85,25770.24999999999,25874.89999999999,25582.44999999999,25499.299999999996,25394.64999999999,3397075
2026-01-16T12:45:00+05:30,25759.5,25766.25,25753.6,25754.9,,25827.732054849028,25786.72675383822,25775.546442531602,25687.099999999995,25676.34999999999,25697.85,25770.24999999999,25874.89999999999,25582.44999999999,25499.299999999996,25394.64999999999,3561491
2026-01-16T12:50:00+05:30,25755.6,25766.95,25738.1,25766.3,,25822.20634936413,25784.78134871077,25773.69715402528,25687.099999999995,25676.34999999999,25697.85,25770.24999999999,25874.89999999999,25582.44999999999,25499.299999999996,25394.64999999999,3938231
2026-01-16T12:55:00+05:30,25766.4,25767.85,25741.05,25744.4,,25822.20634936413,25780.935505976413,25767.837723220226,25687.099999999995,25676.34999999999,25697.85,25770.24999999999,25874.89999999999,25582.44999999999,25499.299999999996,25394.64999999999,4495393
2026-01-16T13:00:00+05:30,25745.65,25746.35,25719.45,25725.85,,25804.647892984944,25775.68926731199,25759.44017857618,25687.099999999995,25676.34999999999,25697.85,25770.24999999999,25874.89999999999,25582.44999999999,25499.299999999996,25394.64999999999,4209371
2026-01-16T13:05:00+05:30,25727.2,25730.95,25719.2,25727.05,,25793.173103686448,25771.05695613942,25752.962142860943,25687.099999999995,25676.34999999999,25697.85,25770.24999999999,25874.89999999999,25582.44999999999,25499.299999999996,25394.64999999999,2772959
2026-01-16T13:10:00+05:30,25728.15,25728.15,25704.1,25716.55,,25784.628293317804,25765.865817459475,25745.679714288755,25687.099999999995,25676.34999999999,25697.85,25770.24999999999,25874.89999999999,25582.44999999999,25499.299999999996,25394.64999999999,3713870
2026-01-16T13:15:00+05:30,25717.05,25723.1,25703.5,25713.8,,25780.83296398602,25760.90716817762,25739.303771431005,25687.099999999995,25676.34999999999,25697.85,25770.24999999999,25874.89999999999,25582.44999999999,25499.299999999996,25394.64999999999,3207622
2026-01-16T13:20:00+05:30,25713.85,25718,25692.65,25695.55,,25773.70966758742,25754.682675970227,25730.553017144804,25687.099999999995,25676.34999999999,25697.85,25770.24999999999,25874.89999999999,25582.44999999999,25499.299999999996,25394.64999999999,2675468
2026-01-16T13:25:00+05:30,25695.75,25702.1,25662.4,25702.1,,25755.706200828678,25749.6748020683,25724.862413715844,25687.099999999995,25676.34999999999,25697.85,25770.24999999999,25874.89999999999,25582.44999999999,25499.299999999996,25394.64999999999,4962297
2026-01-16T13:30:00+05:30,25701.65,25719.75,25694.05,25702.05,,25755.706200828678,25745.139106633225,25720.299930972677,25687.099999999995,25676.34999999999,25697.85,25770.24999999999,25874.89999999999,25582.44999999999,25499.299999999996,25394.64999999999,3819453
2026-01-16T13:35:00+05:30,25702.3,25707.95,25683.8,25704.7,,25755.706200828678,25741.287763144348,25717.17994477814,25687.099999999995,25676.34999999999,25697.85,25770.24999999999,25874.89999999999,25582.44999999999,25499.299999999996,25394.64999999999,3666729
2026-01-16T13:40:00+05:30,25704.95,25707.95,25690.3,25696.3,,25755.706200828678,25737.003214273456,25713.003955822514,25687.099999999995,25676.34999999999,25697.85,25770.24999999999,25874.89999999999,25582.44999999999,25499.299999999996,25394.64999999999,5775929
2026-01-16T13:45:00+05:30,25696.35,25717.1,25695.1,25706.65,,25755.706200828678,25734.112431961697,25711.733164658013,25687.099999999995,25676.34999999999,25697.85,25770.24999999999,25874.89999999999,25582.44999999999,25499.299999999996,25394.64999999999,3372063
2026-01-16T13:50:00+05:30,25706.9,25716.6,25676.5,25686.25,,25755.706200828678,25729.554105108204,25706.63653172641,25687.099999999995,25676.34999999999,25697.85,25770.24999999999,25874.89999999999,25582.44999999999,25499.299999999996,25394.64999999999,3132110
2026-01-16T13:55:00+05:30,25687.2,25693.8,25679.95,25684.3,,25755.706200828678,25725.244190335994,25702.169225381127,25687.099999999995,25676.34999999999,25697.85,25770.24999999999,25874.89999999999,25582.44999999999,25499.299999999996,25394.64999999999,2767772
2026-01-16T14:00:00+05:30,25683.7,25688.7,25674.35,25680.65,,25751.108632802134,25720.99712458971,25697.865380304902,25687.099999999995,25676.34999999999,25697.85,25770.24999999999,25874.89999999999,25582.44999999999,25499.299999999996,25394.64999999999,3118292
2026-01-16T14:05:00+05:30,25680.45,25696.95,25667.4,25671.6,,25751.108632802134,25716.292636533548,25692.61230424392,25687.099999999995,25676.34999999999,25697.85,25770.24999999999,25874.89999999999,25582.44999999999,25499.299999999996,25394.64999999999,3574027
2026-01-16T14:10:00+05:30,25672.5,25697.55,25669.8,25688.25,,25751.108632802134,25713.621909244637,25691.73984339514,25687.099999999995,25676.34999999999,25697.85,25770.24999999999,25874.89999999999,25582.44999999999,25499.299999999996,25394.64999999999,3165051
2026-01-16T14:15:00+05:30,25688.05,25688.6,25671.7,25688.6,,25750.619618312758,25711.238870268957,25691.11187471611,25687.099999999995,25676.34999999999,25697.85,25770.24999999999,25874.89999999999,25582.44999999999,25499.299999999996,25394.64999999999,4053588
2026-01-16T14:20:00+05:30,25687.4,25705.8,25679.5,25698.95,,25750.619618312758,25710.068501671914,25692.679499772887,25687.099999999995,25676.34999999999,25697.85,25770.24999999999,25874.89999999999,25582.44999999999,25499.299999999996,25394.64999999999,4208291
2026-01-16T14:25:00+05:30,25699.1,25710.5,25684.15,25697.7,,25750.619618312758,25708.89054913173,25693.68359981831,25687.099999999995,25676.34999999999,25697.85,25770.24999999999,25874.89999999999,25582.44999999999,25499.299999999996,25394.64999999999,4492600
2026-01-16T14:30:00+05:30,25697.8,25710.6,25686.9,25702.15,,25750.619618312758,25708.248592071566,25695.376879854648,25687.099999999995,25676.34999999999,25697.85,25770.24999999999,25874.89999999999,25582.44999999999,25499.299999999996,25394.64999999999,4033353
2026-01-16T14:35:00+05:30,25701.7,25709.6,25680.7,25705.6,,25750.619618312758,25707.996345207608,25697.421503883717,25687.099999999995,25676.34999999999,25697.85,25770.24999999999,25874.89999999999,25582.44999999999,25499.299999999996,25394.64999999999,5873656
2026-01-16T14:40:00+05:30,25704.95,25720.45,25701.85,25710.85,,25750.619618312758,25708.268121854504,25700.107203106974,25687.099999999995,25676.34999999999,25697.85,25770.24999999999,25874.89999999999,25582.44999999999,25499.299999999996,25394.64999999999,5468059
2026-01-16T14:45:00+05:30,25710.2,25716.15,25694,25703.35,,25750.619618312758,25707.79972929693,25700.75576248558,25687.099999999995,25676.34999999999,25697.85,25770.24999999999,25874.89999999999,25582.44999999999,25499.299999999996,25394.64999999999,4580005
2026-01-16T14:50:00+05:30,25703.4,25709.95,25687.5,25697.55,,25750.619618312758,25706.823564601986,25700.114609988465,25687.099999999995,25676.34999999999,25697.85,25770.24999999999,25874.89999999999,25582.44999999999,25499.299999999996,25394.64999999999,5595546
2026-01-16T14:55:00+05:30,25696.15,25711.9,25693.75,25707.2,,25750.619618312758,25706.859415592273,25701.531687990773,25687.099999999995,25676.34999999999,25697.85,25770.24999999999,25874.89999999999,25582.44999999999,25499.299999999996,25394.64999999999,6694779
2026-01-16T15:00:00+05:30,25706.35,25709.05,25693.55,25697.25,,25750.619618312758,25705.944233154914,25700.67535039262,25687.099999999995,25676.34999999999,25697.85,25770.24999999999,25874.89999999999,25582.44999999999,25499.299999999996,25394.64999999999,9398592
2026-01-16T15:05:00+05:30,25697.3,25699.35,25687.05,25694.2,,25750.619618312758,25704.825734759208,25699.380280314097,25687.099999999995,25676.34999999999,25697.85,25770.24999999999,25874.89999999999,25582.44999999999,25499.299999999996,25394.64999999999,10306261
2026-01-16T15:10:00+05:30,25694.3,25695.15,25682.8,25683.1,,25750.180186102993,25702.756617163093,25696.124224251278,25687.099999999995,25676.34999999999,25697.85,25770.24999999999,25874.89999999999,25582.44999999999,25499.299999999996,25394.64999999999,11793519
2026-01-16T15:15:00+05:30,25682.45,25698.6,25681.6,25695.55,,25750.180186102993,25702.07027267137,25696.00937940102,25687.099999999995,25676.34999999999,25697.85,25770.24999999999,25874.89999999999,25582.44999999999,25499.299999999996,25394.64999999999,12662956
2026-01-16T15:20:00+05:30,25694.05,25705.7,25694.05,25699.55,,25750.180186102993,25701.83024670267,25696.717503520817,25687.099999999995,25676.34999999999,25697.85,25770.24999999999,25874.89999999999,25582.44999999999,25499.299999999996,25394.64999999999,12326844
2026-01-16T15:25:00+05:30,25700,25710.75,25691.15,25699.15,,25750.180186102993,25701.57498511194,25697.204002816652,25687.099999999995,25676.34999999999,25697.85,25770.24999999999,25874.89999999999,25582.44999999999,25499.299999999996,25394.64999999999,11494324
2026-01-19T09:15:00+05:30,25653.3,25653.3,25528.3,25597.4,,25694.052572602173,25691.653557958423,25677.24320225332,25743.416666666668,25718.883333333335,25767.95,25824.433333333334,25954.51666666667,25613.333333333336,25532.31666666667,25402.233333333337,32061629
2026-01-19T09:20:00+05:30,25597.65,25597.65,25569.2,25577.25,,25684.887315341963,25680.757981010003,25657.244561802658,25743.416666666668,25718.883333333335,25767.95,25824.433333333334,25954.51666666667,25613.333333333336,25532.31666666667,25402.233333333337,14525504
2026-01-19T09:25:00+05:30,25575.7,25578.05,25554.75,25554.75,,25664.706083807763,25668.757220913812,25636.745649442128,25743.416666666668,25718.883333333335,25767.95,25824.433333333334,25954.51666666667,25613.333333333336,25532.31666666667,25402.233333333337,11603447
2026-01-19T09:30:00+05:30,25556.35,25592.3,25532.35,25588,,25664.706083807763,25661.06605701726,25626.9965195537,25743.416666666668,25718.883333333335,25767.95,25824.433333333334,25954.51666666667,25613.333333333336,25532.31666666667,25402.233333333337,10995415
2026-01-19T09:35:00+05:30,25586.6,25596.3,25552.35,25556.5,,25664.706083807763,25651.10738492038,25612.89721564296,25743.416666666668,25718.883333333335,25767.95,25824.433333333334,25954.51666666667,25613.333333333336,25532.31666666667,25402.233333333337,7950860
2026-01-19T09:40:00+05:30,25555.6,25570,25547.75,25565.6,,25663.64948509586,25642.96382445177,25603.437772514368,25743.416666666668,25718.883333333335,25767.95,25824.433333333334,25954.51666666667,25613.333333333336,25532.31666666667,25402.233333333337,9087527
2026-01-19T09:45:00+05:30,25564.75,25566.1,25546,25559.1,,25656.377036586273,25634.976793551603,25594.570218011493,25743.416666666668,25718.883333333335,25767.95,25824.433333333334,25954.51666666667,25613.333333333336,25532.31666666667,25402.233333333337,10145874
2026-01-19T09:50:00+05:30,25558.4,25585,25545.8,25548.4,,25656.377036586273,25626.731384641927,25585.336174409196,25743.416666666668,25718.883333333335,25767.95,25824.433333333334,25954.51666666667,25613.333333333336,25532.31666666667,25402.233333333337,8092295
2026-01-19T09:55:00+05:30,25547.05,25559.55,25540.15,25543.45,,25647.51889963488,25618.79982419984,25576.958939527358,25743.416666666668,25718.883333333335,25767.95,25824.433333333334,25954.51666666667,25613.333333333336,25532.31666666667,25402.233333333337,6044353
2026-01-19T10:00:00+05:30,25541.8,25542.25,25507.2,25515.45,,25623.502009671392,25608.956983799853,25564.657151621886,25743.416666666668,25718.883333333335,25767.95,25824.433333333334,25954.51666666667,25613.333333333336,25532.31666666667,25402.233333333337,5782280
2026-01-19T10:05:00+05:30,25515.6,25533.75,25504.85,25532.05,,25616.869308704252,25601.63250915225,25558.13572129751,25743.416666666668,25718.883333333335,25767.95,25824.433333333334,25954.51666666667,25613.333333333336,25532.31666666667,25402.233333333337,5471220
2026-01-19T10:10:00+05:30,25531.7,25539.1,25518.3,25527.9,,25616.869308704252,25594.610365423465,25552.08857703801,25743.416666666668,25718.883333333335,25767.95,25824.433333333334,25954.51666666667,25613.333333333336,25532.31666666667,25402.233333333337,7516869
2026-01-19T10:15:00+05:30,25526.55,25538.5,25525.2,25533.15,,25616.869308704252,25588.756997287896,25548.300861630407,25743.416666666668,25718.883333333335,25767.95,25824.433333333334,25954.51666666667,25613.333333333336,25532.31666666667,25402.233333333337,5836675
2026-01-19T10:20:00+05:30,25533,25547.6,25524.1,25540.65,,25616.869308704252,25584.175378498574,25546.770689304325,25743.416666666668,25718.883333333335,25767.95,25824.433333333334,25954.51666666667,25613.333333333336,25532.31666666667,25402.233333333337,6413027
2026-01-19T10:25:00+05:30,25540.75,25540.75,25496.25,25507.25,,25609.991083440862,25576.8491519749,25538.86655144346,25743.416666666668,25718.883333333335,25767.95,25824.433333333334,25954.51666666667,25613.333333333336,25532.31666666667,25402.233333333337,5326299
2026-01-19T10:30:00+05:30,25506.4,25527.95,25504.25,25509.8,,25605.551975096772,25570.46351845348,25533.05324115477,25743.416666666668,25718.883333333335,25767.95,25824.433333333334,25954.51666666667,25613.333333333336,25532.31666666667,25402.233333333337,4789040
2026-01-19T10:35:00+05:30,25509.25,25517.8,25500,25503.8,,25594.746777587097,25564.114611934103,25527.202592923815,25743.416666666668,25718.883333333335,25767.95,25824.433333333334,25954.51666666667,25613.333333333336,25532.31666666667,25402.233333333337,4053538
2026-01-19T10:40:00+05:30,25503.1,25520.2,25494.35,25513.55,,25592.292099828388,25559.298934607046,25524.472074339054,25743.416666666668,25718.883333333335,25767.95,25824.433333333334,25954.51666666667,25613.333333333336,25532.31666666667,25402.233333333337,3679244
2026-01-19T10:45:00+05:30,25513.85,25525.8,25511.9,25515.2,,25592.292099828388,25555.099036073043,25522.61765947124,25743.416666666668,25718.883333333335,25767.95,25824.433333333334,25954.51666666667,25613.333333333336,25532.31666666667,25402.233333333337,5733046
2026-01-19T10:50:00+05:30,25515,25523.75,25512.3,25519.65,,25592.292099828388,25551.72293739942,25522.024127576995,25743.416666666668,25718.883333333335,25767.95,25824.433333333334,25954.51666666667,25613.333333333336,25532.31666666667,25402.233333333337,3286682
2026-01-19T10:55:00+05:30,25519.2,25549.45,25519.2,25548.1,,25592.292099828388,25551.37789574233,25527.239302061596,25743.416666666668,25718.883333333335,25767.95,25824.433333333334,25954.51666666667,25613.333333333336,25532.31666666667,25402.233333333337,4035409
2026-01-19T11:00:00+05:30,25546.85,25564.2,25540.4,25556.6,,25592.292099828388,25551.875239004967,25533.11144164928,25743.416666666668,25718.883333333335,25767.95,25824.433333333334,25954.51666666667,25613.333333333336,25532.31666666667,25402.233333333337,3835640
2026-01-19T11:05:00+05:30,25556.35,25562.5,25545.4,25546.85,,25592.292099828388,25551.396644814016,25535.859153319423,25743.416666666668,25718.883333333335,25767.95,25824.433333333334,25954.51666666667,25613.333333333336,25532.31666666667,25402.233333333337,3886828
2026-01-19T11:10:00+05:30,25546.35,25550.5,25526.5,25538.4,,25592.292099828388,25550.158869117444,25536.36732265554,25743.416666666668,25718.883333333335,25767.95,25824.433333333334,25954.51666666667,25613.333333333336,25532.31666666667,25402.233333333337,4666151
2026-01-19T11:15:00+05:30,25538.15,25538.4,25521.9,25524,,25592.292099828388,25547.667548249115,25533.893858124433,25743.416666666668,25718.883333333335,25767.95,25824.433333333334,25954.51666666667,25613.333333333336,25532.31666666667,25402.233333333337,3356001
2026-01-19T11:20:00+05:30,25523.3,25530.65,25508.7,25517.55,,25590.74709242342,25544.799210320627,25530.625086499545,25743.416666666668,25718.883333333335,25767.95,25824.433333333334,25954.51666666667,25613.333333333336,25532.31666666667,25402.233333333337,5057593
2026-01-19T11:25:00+05:30,25518.5,25524.3,25510.75,25521.9,,25585.554883181077,25542.618333147235,25528.880069199637,25743.416666666668,25718.883333333335,25767.95,25824.433333333334,25954.51666666667,25613.333333333336,25532.31666666667,25402.233333333337,4949914
2026-01-19T11:30:00+05:30,25521.8,25521.8,25511.85,25521.4,,25581.066894862965,25540.597539514165,25527.38405535971,25743.416666666668,25718.883333333335,25767.95,25824.433333333334,25954.51666666667,25613.333333333336,25532.31666666667,25402.233333333337,5015181
2026-01-19T11:35:00+05:30,25521.45,25538.4,25517.1,25538,,25581.066894862965,25540.35015479853,25529.507244287768,25743.416666666668,25718.883333333335,25767.95,25824.433333333334,25954.51666666667,25613.333333333336,25532.31666666667,25402.233333333337,4597764
2026-01-19T11:40:00+05:30,25537.65,25547,25532.25,25545.9,,25581.066894862965,25540.878711484384,25532.785795430216,25743.416666666668,25718.883333333335,25767.95,25824.433333333334,25954.51666666667,25613.333333333336,25532.31666666667,25402.233333333337,4293812
2026-01-19T11:45:00+05:30,25546.05,25546.95,25534.4,25542.45,,25581.066894862965,25541.02835800968,25534.718636344172,25743.416666666668,25718.883333333335,25767.95,25824.433333333334,25954.51666666667,25613.333333333336,25532.31666666667,25402.233333333337,3236334
2026-01-19T11:50:00+05:30,25543.05,25549.9,25534.05,25546.95,,25581.066894862965,25541.59232391352,25537.164909075338,25743.416666666668,25718.883333333335,25767.95,25824.433333333334,25954.51666666667,25613.333333333336,25532.31666666667,25402.233333333337,3076923
2026-01-19T11:55:00+05:30,25547.55,25547.55,25524.85,25534.45,,25581.066894862965,25540.912102588423,25536.621927260272,25743.416666666668,25718.883333333335,25767.95,25824.433333333334,25954.51666666667,25613.333333333336,25532.31666666667,25402.233333333337,3350847
2026-01-19T12:00:00+05:30,25535.15,25535.25,25517.5,25520.45,,25581.066894862965,25538.963330913335,25533.387541808217,25743.416666666668,25718.883333333335,25767.95,25824.433333333334,25954.51666666667,25613.333333333336,25532.31666666667,25402.233333333337,3662930
2026-01-19T12:05:00+05:30,25520.3,25523.95,25514.1,25515.35,,25574.960736903085,25536.71444225492,25529.780033446572,25743.416666666668,25718.883333333335,25767.95,25824.433333333334,25954.51666666667,25613.333333333336,25532.31666666667,25402.233333333337,3120815
2026-01-19T12:10:00+05:30,25515.2,25532.75,25512.75,25532.65,,25574.960736903085,25536.327352516357,25530.354026757257,25743.416666666668,25718.883333333335,25767.95,25824.433333333334,25954.51666666667,25613.333333333336,25532.31666666667,25402.233333333337,4316083
2026-01-19T12:15:00+05:30,25532.4,25556.25,25531.1,25546.9,,25574.960736903085,25537.334271324322,25533.663221405805,25743.416666666668,25718.883333333335,25767.95,25824.433333333334,25954.51666666667,25613.333333333336,25532.31666666667,25402.233333333337,3736279
2026-01-19T12:20:00+05:30,25546.75,25551.35,25527.35,25531.15,,25574.960736903085,25536.74529310296,25533.160577124643,25743.416666666668,25718.883333333335,25767.95,25824.433333333334,25954.51666666667,25613.333333333336,25532.31666666667,25402.233333333337,4206545
2026-01-19T12:25:00+05:30,25530.45,25532.55,25518.35,25528.65,,25574.960736903085,25535.974312807437,25532.258461699716,25743.416666666668,25718.883333333335,25767.95,25824.433333333334,25954.51666666667,25613.333333333336,25532.31666666667,25402.233333333337,4929809
2026-01-19T12:30:00+05:30,25528.1,25531.4,25522.7,25526.2,,25574.960736903085,25535.043425873395,25531.04676935977,25743.416666666668,25718.883333333335,25767.95,25824.433333333334,25954.51666666667,25613.333333333336,25532.31666666667,25402.233333333337,3557300
2026-01-19T12:35:00+05:30,25525.75,25527.6,25514.85,25515.9,,25574.318158455513,25533.220242456882,25528.01741548782,25743.416666666668,25718.883333333335,25767.95,25824.433333333334,25954.51666666667,25613.333333333336,25532.31666666667,25402.233333333337,4276491
2026-01-19T12:40:00+05:30,25515.85,25528.05,25511.45,25527,,25572.513842609962,25532.62783841337,25527.813932390254,25743.416666666668,25718.883333333335,25767.95,25824.433333333334,25954.51666666667,25613.333333333336,25532.31666666667,25402.233333333337,3911506
2026-01-19T12:45:00+05:30,25526.95,25531.8,25510.65,25522.15,,25572.513842609962,25531.629949040667,25526.681145912204,25743.416666666668,25718.883333333335,25767.95,25824.433333333334,25954.51666666667,25613.333333333336,25532.31666666667,25402.233333333337,3487494
2026-01-19T12:50:00+05:30,25522.05,25546.05,25515.05,25543.9,,25572.513842609962,25532.79852532251,25530.124916729765,25743.416666666668,25718.883333333335,25767.95,25824.433333333334,25954.51666666667,25613.333333333336,25532.31666666667,25402.233333333337,8350985
2026-01-19T12:55:00+05:30,25543.8,25555.3,25541.6,25553.25,,25572.513842609962,25534.746284815603,25534.749933383813,25743.416666666668,25718.883333333335,25767.95,25824.433333333334,25954.51666666667,25613.333333333336,25532.31666666667,25402.233333333337,5768407
2026-01-19T13:00:00+05:30,25553.05,25554.15,25545.55,25553.25,,25572.513842609962,25536.508543404594,25538.44994670705,25743.416666666668,25718.883333333335,25767.95,25824.433333333334,25954.51666666667,25613.333333333336,25532.31666666667,25402.233333333337,2800740
2026-01-19T13:05:00+05:30,25553.4,25565.25,25550.05,25556.25,,25572.513842609962,25538.388682127967,25542.00995736564,25743.416666666668,25718.883333333335,25767.95,25824.433333333334,25954.51666666667,25613.333333333336,25532.31666666667,25402.233333333337,3906538
2026-01-19T13:10:00+05:30,25555.3,25557.8,25522.65,25534.65,,25572.513842609962,25538.032617163397,25540.537965892512,25743.416666666668,25718.883333333335,25767.95,25824.433333333334,25954.51666666667,25613.333333333336,25532.31666666667,25402.233333333337,4022699
2026-01-19T13:15:00+05:30,25533.4,25538.45,25525,25538.45,,25572.513842609962,25538.07236790974,25540.12037271401,25743.416666666668,25718.883333333335,25767.95,25824.433333333334,25954.51666666667,25613.333333333336,25532.31666666667,25402.233333333337,3362832
2026-01-19T13:20:00+05:30,25538.15,25547.35,25532.75,25533.8,,25572.513842609962,25537.66547572786,25538.856298171206,25743.416666666668,25718.883333333335,25767.95,25824.433333333334,25954.51666666667,25613.333333333336,25532.31666666667,25402.233333333337,3039607
2026-01-19T13:25:00+05:30,25533.05,25533.8,25522.35,25529.95,,25572.513842609962,25536.93066851568,25537.075038536965,25743.416666666668,25718.883333333335,25767.95,25824.433333333334,25954.51666666667,25613.333333333336,25532.31666666667,25402.233333333337,2482360
2026-01-19T13:30:00+05:30,25529.45,25550.4,25529.45,25550.25,,25572.513842609962,25538.19917627609,25539.71003082957,25743.416666666668,25718.883333333335,25767.95,25824.433333333334,25954.51666666667,25613.333333333336,25532.31666666667,25402.233333333337,3557863
2026-01-19T13:35:00+05:30,25548.75,25561,25544.5,25560.3,,25572.513842609962,25540.30401663075,25543.828024663657,25743.416666666668,25718.883333333335,25767.95,25824.433333333334,25954.51666666667,25613.333333333336,25532.31666666667,25402.233333333337,9323115
2026-01-19T13:40:00+05:30,25558.5,25564.8,25543.2,25549.9,,25572.513842609962,25541.217919808776,25545.042419730926,25743.416666666668,25718.883333333335,25767.95,25824.433333333334,25954.51666666667,25613.333333333336,25532.31666666667,25402.233333333337,4907185
2026-01-19T13:45:00+05:30,25548.25,25576.05,25540.8,25576.05,25505.339724077247,,25544.53526077937,25551.24393578474,25743.416666666668,25718.883333333335,25767.95,25824.433333333334,25954.51666666667,25613.333333333336,25532.31666666667,25402.233333333337,7552225
2026-01-19T13:50:00+05:30,25574.8,25604.9,25574.8,25595,25527.23023937133,,25549.34142641943,25559.995148627793,25743.416666666668,25718.883333333335,25767.95,25824.433333333334,25954.51666666667,25613.333333333336,25532.31666666667,25402.233333333337,5366170
2026-01-19T13:55:00+05:30,25595.2,25611.7,25592.85,25598.75,25540.2622154342,,25554.047004855674,25567.746118902236,25743.416666666668,25718.883333333335,25767.95,25824.433333333334,25954.51666666667,25613.333333333336,25532.31666666667,25402.233333333337,5135411
2026-01-19T14:00:00+05:30,25597.85,25621.4,25597.65,25617.6,25546.58849389078,,25560.099671059896,25577.71689512179,25743.416666666668,25718.883333333335,25767.95,25824.433333333334,25954.51666666667,25613.333333333336,25532.31666666667,25402.233333333337,3680476
2026-01-19T14:05:00+05:30,25617.5,25630.65,25615.9,25618.85,25562.2071445017,,25565.69494048276,25585.94351609743,25743.416666666668,25718.883333333335,25767.95,25824.433333333334,25954.51666666667,25613.333333333336,25532.31666666667,25402.233333333337,3888981
2026-01-19T14:10:00+05:30,25619.3,25622.9,25587,25590.3,25562.2071445017,,25568.038279484404,25586.814812877947,25743.416666666668,25718.883333333335,25767.95,25824.433333333334,25954.51666666667,25613.333333333336,25532.31666666667,25402.233333333337,4845844
2026-01-19T14:15:00+05:30,25589.65,25610.75,25586.5,25610.05,25562.2071445017,,25572.039395723987,25591.461850302356,25743.416666666668,25718.883333333335,25767.95,25824.433333333334,25954.51666666667,25613.333333333336,25532.31666666667,25402.233333333337,3646684
2026-01-19T14:20:00+05:30,25609.85,25615.35,25604.4,25608.3,25562.2071445017,,25575.492786607418,25594.829480241886,25743.416666666668,25718.883333333335,25767.95,25824.433333333334,25954.51666666667,25613.333333333336,25532.31666666667,25402.233333333337,3285172
2026-01-19T14:25:00+05:30,25607.35,25610.35,25588.8,25592.3,25562.2071445017,,25577.093473597186,25594.32358419351,25743.416666666668,25718.883333333335,25767.95,25824.433333333334,25954.51666666667,25613.333333333336,25532.31666666667,25402.233333333337,3744080
2026-01-19T14:30:00+05:30,25591.95,25606.75,25591.75,25604.35,25562.2071445017,,25579.689333254595,25596.32886735481,25743.416666666668,25718.883333333335,25767.95,25824.433333333334,25954.51666666667,25613.333333333336,25532.31666666667,25402.233333333337,2943709
2026-01-19T14:35:00+05:30,25603.9,25615.35,25597.6,25615.3,25562.2071445017,,25583.080825325585,25600.123093883845,25743.416666666668,25718.883333333335,25767.95,25824.433333333334,25954.51666666667,25613.333333333336,25532.31666666667,25402.233333333337,5163392
2026-01-19T14:40:00+05:30,25615.45,25621.7,25606.85,25614.9,25562.2071445017,,25586.111222913623,25603.078475107075,25743.416666666668,25718.883333333335,25767.95,25824.433333333334,25954.51666666667,25613.333333333336,25532.31666666667,25402.233333333337,4392990
2026-01-19T14:45:00+05:30,25614.65,25626.8,25613.25,25623.3,25562.870103584966,,25589.653011207563,25607.12278008566,25743.416666666668,25718.883333333335,25767.95,25824.433333333334,25954.51666666667,25613.333333333336,25532.31666666667,25402.233333333337,5602440
2026-01-19T14:50:00+05:30,25622.2,25636.25,25618.55,25627,25570.65059322647,,25593.209867283033,25611.09822406853,25743.416666666668,25718.883333333335,25767.95,25824.433333333334,25954.51666666667,25613.333333333336,25532.31666666667,25402.233333333337,6016834
2026-01-19T14:55:00+05:30,25625.95,25636.3,25616.4,25628.95,25570.65059322647,,25596.613689446553,25614.668579254823,25743.416666666668,25718.883333333335,25767.95,25824.433333333334,25954.51666666667,25613.333333333336,25532.31666666667,25402.233333333337,7614445
2026-01-19T15:00:00+05:30,25629.3,25633.7,25605.1,25613.85,25570.65059322647,,25598.255242832594,25614.504863403858,25743.416666666668,25718.883333333335,25767.95,25824.433333333334,25954.51666666667,25613.333333333336,25532.31666666667,25402.233333333337,12096598
2026-01-19T15:05:00+05:30,25613.65,25613.65,25594.2,25597.25,25570.65059322647,,25598.159505419968,25611.053890723088,25743.416666666668,25718.883333333335,25767.95,25824.433333333334,25954.51666666667,25613.333333333336,25532.31666666667,25402.233333333337,8170356
2026-01-19T15:10:00+05:30,25597.55,25598.5,25585.7,25591.15,25570.65059322647,,25597.49193347521,25607.07311257847,25743.416666666668,25718.883333333335,25767.95,25824.433333333334,25954.51666666667,25613.333333333336,25532.31666666667,25402.233333333337,7582108
2026-01-19T15:15:00+05:30,25592.25,25594.1,25571.7,25571.7,25570.65059322647,,25595.035558858523,25599.998490062775,25743.416666666668,25718.883333333335,25767.95,25824.433333333334,25954.51666666667,25613.333333333336,25532.31666666667,25402.233333333337,7955657
2026-01-19T15:20:00+05:30,25573.55,25573.55,25553.65,25561.9,,25622.33937978513,25591.879791348187,25592.37879205022,25743.416666666668,25718.883333333335,25767.95,25824.433333333334,25954.51666666667,25613.333333333336,25532.31666666667,25402.233333333337,10384636
2026-01-19T15:25:00+05:30,25561.6,25564.7,25545.4,25555.5,,25613.705441806622,25588.415049315026,25585.003033640176,25743.416666666668,25718.883333333335,25767.95,25824.433333333334,25954.51666666667,25613.333333333336,25532.31666666667,25402.233333333337,8235939
2026-01-20T09:15:00+05:30,25585,25585,25528.4,25558.25,,25613.705441806622,25585.5421874755,25579.65242691214,25577.716666666664,25573.824999999997,25581.60833333333,25661.08333333333,25736.666666666664,25502.133333333328,25418.766666666663,25343.183333333327,13831025
2026-01-20T09:20:00+05:30,25559.3,25560.4,25510.5,25514.35,,25613.212907863362,25578.7619791445,25566.59194152971,25577.716666666664,25573.824999999997,25581.60833333333,25661.08333333333,25736.666666666664,25502.133333333328,25418.766666666663,25343.183333333327,10024614
2026-01-20T09:25:00+05:30,25514.95,25520.95,25484.1,25488.35,,25583.566617077027,25570.15131446407,25550.94355322377,25577.716666666664,25573.824999999997,25581.60833333333,25661.08333333333,25736.666666666664,25502.133333333328,25418.766666666663,25343.183333333327,8508512
2026-01-20T09:30:00+05:30,25488.75,25517.75,25483.15,25495.55,,25583.566617077027,25563.046427372254,25539.864842579016,25577.716666666664,25573.824999999997,25581.60833333333,25661.08333333333,25736.666666666664,25502.133333333328,25418.766666666663,25343.183333333327,7275211
2026-01-20T09:35:00+05:30,25496.6,25499.05,25457.05,25457.95,,25565.63570983239,25553.037243812993,25523.481874063214,25577.716666666664,25573.824999999997,25581.60833333333,25661.08333333333,25736.666666666664,25502.133333333328,25418.766666666663,25343.183333333327,6233934
2026-01-20T09:40:00+05:30,25456.6,25485.2,25453.85,25467.5,,25557.757138849152,25544.890839640328,25512.28549925057,25577.716666666664,25573.824999999997,25581.60833333333,25661.08333333333,25736.666666666664,25502.133333333328,25418.766666666663,25343.183333333327,6991779
2026-01-20T09:45:00+05:30,25468.95,25478.05,25455.2,25462.8,,25552.888924964234,25537.072664436488,25502.388399400457,25577.716666666664,25573.824999999997,25581.60833333333,25661.08333333333,25736.666666666664,25502.133333333328,25418.766666666663,25343.183333333327,5399567
2026-01-20T09:50:00+05:30,25460.9,25474.55,25433.4,25434.1,,25543.95753246781,25527.265744013966,25488.730719520365,25577.716666666664,25573.824999999997,25581.60833333333,25661.08333333333,25736.666666666664,25502.133333333328,25418.766666666663,25343.183333333327,5031911
2026-01-20T09:55:00+05:30,25435.4,25466.2,25432.6,25457.75,,25540.464279221032,25520.64519696502,25482.534575616293,25577.716666666664,25573.824999999997,25581.60833333333,25661.08333333333,25736.666666666664,25502.133333333328,25418.766666666663,25343.183333333327,6247689
2026-01-20T10:00:00+05:30,25458.7,25476.05,25452.7,25469.9,,25540.464279221032,25515.81232106359,25480.007660493036,25577.716666666664,25573.824999999997,25581.60833333333,25661.08333333333,25736.666666666664,25502.133333333328,25418.766666666663,25343.183333333327,4667540
2026-01-20T10:05:00+05:30,25473.2,25486.05,25461.75,25479.8,,25540.464279221032,25512.38257620039,25479.96612839443,25577.716666666664,25573.824999999997,25581.60833333333,25661.08333333333,25736.666666666664,25502.133333333328,25418.766666666663,25343.183333333327,4366146
2026-01-20T10:10:00+05:30,25481.95,25489.5,25463.95,25468.7,,25540.464279221032,25508.222330847973,25477.712902715542,25577.716666666664,25573.824999999997,25581.60833333333,25661.08333333333,25736.666666666664,25502.133333333328,25418.766666666663,25343.183333333327,4512774
2026-01-20T10:15:00+05:30,25471.65,25492,25457.35,25485.7,,25540.464279221032,25506.07734695769,25479.310322172434,25577.716666666664,25573.824999999997,25581.60833333333,25661.08333333333,25736.666666666664,25502.133333333328,25418.766666666663,25343.183333333327,5651398
2026-01-20T10:20:00+05:30,25486.55,25500.45,25479.05,25483.8,,25540.464279221032,25503.95569486648,25480.208257737948,25577.716666666664,25573.824999999997,25581.60833333333,25661.08333333333,25736.666666666664,25502.133333333328,25418.766666666663,25343.183333333327,6374359
2026-01-20T10:25:00+05:30,25484.5,25491.75,25474.55,25482.6,,25540.464279221032,25501.92181916491,25480.686606190357,25577.716666666664,25573.824999999997,25581.60833333333,25661.08333333333,25736.666666666664,25502.133333333328,25418.766666666663,25343.183333333327,4484048
2026-01-20T10:30:00+05:30,25483.4,25488.05,25471.7,25477.8,,25540.464279221032,25499.624503053965,25480.109284952287,25577.716666666664,25573.824999999997,25581.60833333333,25661.08333333333,25736.666666666664,25502.133333333328,25418.766666666663,25343.183333333327,3912486
2026-01-20T10:35:00+05:30,25479.1,25504,25472.65,25492.55,,25540.464279221032,25498.95074085835,25482.597427961828,25577.716666666664,25573.824999999997,25581.60833333333,25661.08333333333,25736.666666666664,25502.133333333328,25418.766666666663,25343.183333333327,8780785
2026-01-20T10:40:00+05:30,25493.2,25501.05,25481,25482.45,,25540.464279221032,25497.37924172898,25482.567942369464,25577.716666666664,25573.824999999997,25581.60833333333,25661.08333333333,25736.666666666664,25502.133333333328,25418.766666666663,25343.183333333327,3609027
2026-01-20T10:45:00+05:30,25483.45,25491.85,25477.95,25481.65,,25540.464279221032,25495.881218707174,25482.38435389557,25577.716666666664,25573.824999999997,25581.60833333333,25661.08333333333,25736.666666666664,25502.133333333328,25418.766666666663,25343.183333333327,2938554
2026-01-20T10:50:00+05:30,25482.75,25484.05,25463.55,25470.5,,25540.464279221032,25493.463959782683,25480.007483116457,25577.716666666664,25573.824999999997,25581.60833333333,25661.08333333333,25736.666666666664,25502.133333333328,25418.766666666663,25343.183333333327,3316360
2026-01-20T10:55:00+05:30,25471.2,25471.8,25456.7,25466.2,,25534.861146528445,25490.867392184333,25477.245986493166,25577.716666666664,25573.824999999997,25581.60833333333,25661.08333333333,25736.666666666664,25502.133333333328,25418.766666666663,25343.183333333327,3672392
2026-01-20T11:00:00+05:30,25466.95,25466.95,25451.25,25458.55,,25527.3600318756,25487.789545309635,25473.506789194533,25577.716666666664,25573.824999999997,25581.60833333333,25661.08333333333,25736.666666666664,25502.133333333328,25418.766666666663,25343.183333333327,4849614
2026-01-20T11:05:00+05:30,25459.35,25459.35,25447.85,25450.45,,25518.48402868804,25484.23339813729,25468.895431355628,25577.716666666664,25573.824999999997,25581.60833333333,25661.08333333333,25736.666666666664,25502.133333333328,25418.766666666663,25343.183333333327,4171795
2026-01-20T11:10:00+05:30,25451.6,25455.55,25446.25,25449.6,,25512.08562581924,25480.934979267073,25465.036345084503,25577.716666666664,25573.824999999997,25581.60833333333,25661.08333333333,25736.666666666664,25502.133333333328,25418.766666666663,25343.183333333327,3118198
2026-01-20T11:15:00+05:30,25450.6,25472.1,25443.85,25451.2,,25512.08562581924,25478.103076479732,25462.2690760676,25577.716666666664,25573.824999999997,25581.60833333333,25661.08333333333,25736.666666666664,25502.133333333328,25418.766666666663,25343.183333333327,3781027
2026-01-20T11:20:00+05:30,25452.5,25460.1,25444.65,25453.9,,25512.08562581924,25475.798021576902,25460.595260854083,25577.716666666664,25573.824999999997,25581.60833333333,25661.08333333333,25736.666666666664,25502.133333333328,25418.766666666663,25343.183333333327,4379046
2026-01-20T11:25:00+05:30,25453.5,25468.2,25446.2,25464.05,,25512.08562581924,25474.679162379103,25461.286208683265,25577.716666666664,25573.824999999997,25581.60833333333,25661.08333333333,25736.666666666664,25502.133333333328,25418.766666666663,25343.183333333327,2819708
2026-01-20T11:30:00+05:30,25464,25468.2,25452.55,25457.6,,25512.08562581924,25473.052575485854,25460.54896694661,25577.716666666664,25573.824999999997,25581.60833333333,25661.08333333333,25736.666666666664,25502.133333333328,25418.766666666663,25343.183333333327,2358542
2026-01-20T11:35:00+05:30,25457.95,25471.2,25456.25,25465.6,,25512.08562581924,25472.342806391964,25461.55917355729,25577.716666666664,25573.824999999997,25581.60833333333,25661.08333333333,25736.666666666664,25502.133333333328,25418.766666666663,25343.183333333327,2619663
2026-01-20T11:40:00+05:30,25466.7,25472.9,25460.15,25469.7,,25512.08562581924,25472.09111054511,25463.18733884583,25577.716666666664,25573.824999999997,25581.60833333333,25661.08333333333,25736.666666666664,25502.133333333328,25418.766666666663,25343.183333333327,2796882
2026-01-20T11:45:00+05:30,25470.95,25473.35,25461.7,25471.45,,25512.08562581924,25472.030052397957,25464.839871076663,25577.716666666664,25573.824999999997,25581.60833333333,25661.08333333333,25736.666666666664,25502.133333333328,25418.766666666663,25343.183333333327,4373626
2026-01-20T11:50:00+05:30,25472.75,25492.5,25467.8,25488.95,,25512.08562581924,25473.641475979104,25469.66189686133,25577.716666666664,25573.824999999997,25581.60833333333,25661.08333333333,25736.666666666664,25502.133333333328,25418.766666666663,25343.183333333327,3482179
2026-01-20T11:55:00+05:30,25489.15,25489.15,25470.6,25474.4,,25512.08562581924,25473.713716362046,25470.609517489065,25577.716666666664,25573.824999999997,25581.60833333333,25661.08333333333,25736.666666666664,25502.133333333328,25418.766666666663,25343.183333333327,4178202
2026-01-20T12:00:00+05:30,25475.8,25476.4,25454.1,25454.95,,25512.08562581924,25471.926695756138,25467.477613991254,25577.716666666664,25573.824999999997,25581.60833333333,25661.08333333333,25736.666666666664,25502.133333333328,25418.766666666663,25343.183333333327,3985074
2026-01-20T12:05:00+05:30,25456.45,25456.45,25431.65,25432.7,,25503.39387562334,25468.190819969837,25460.522091193005,25577.716666666664,25573.824999999997,25581.60833333333,25661.08333333333,25736.666666666664,25502.133333333328,25418.766666666663,25343.183333333327,4383218
2026-01-20T12:10:00+05:30,25435.25,25439.65,25427.25,25437.35,,25490.579488061005,25465.25359902033,25455.887672954403,25577.716666666664,25573.824999999997,25581.60833333333,25661.08333333333,25736.666666666664,25502.133333333328,25418.766666666663,25343.183333333327,5259094
2026-01-20T12:15:00+05:30,25439.05,25444.45,25429.9,25432.45,,25490.579488061005,25462.129446732677,25451.20013836352,25577.716666666664,25573.824999999997,25581.60833333333,25661.08333333333,25736.666666666664,25502.133333333328,25418.766666666663,25343.183333333327,3167654
2026-01-20T12:20:00+05:30,25433.2,25438.5,25421.1,25427.75,,25485.223385329413,25458.855213710518,25446.51011069082,25577.716666666664,25573.824999999997,25581.60833333333,25661.08333333333,25736.666666666664,25502.133333333328,25418.766666666663,25343.183333333327,8314474
2026-01-20T12:25:00+05:30,25429.05,25439.35,25420.55,25432.95,,25485.223385329413,25456.388050499994,25443.798088552656,25577.716666666664,25573.824999999997,25581.60833333333,25661.08333333333,25736.666666666664,25502.133333333328,25418.766666666663,25343.183333333327,2920222
2026-01-20T12:30:00+05:30,25433.95,25435.3,25425.05,25426.7,,25483.218942116826,25453.56061711904,25440.378470842126,25577.716666666664,25573.824999999997,25581.60833333333,25661.08333333333,25736.666666666664,25502.133333333328,25418.766666666663,25343.183333333327,2924398
2026-01-20T12:35:00+05:30,25427.15,25431.75,25421.7,25425,,25477.47954790514,25450.8405583458,25437.3027766737,25577.716666666664,25573.824999999997,25581.60833333333,25661.08333333333,25736.666666666664,25502.133333333328,25418.766666666663,25343.183333333327,3613141
2026-01-20T12:40:00+05:30,25426.3,25426.75,25409,25409.75,,25468.87909311463,25446.927171836676,25431.79222133896,25577.716666666664,25573.824999999997,25581.60833333333,25661.08333333333,25736.666666666664,25502.133333333328,25418.766666666663,25343.183333333327,3690916
2026-01-20T12:45:00+05:30,25411.95,25426.6,25405.1,25423.05,,25468.203683803164,25444.65315547128,25430.04377707117,25577.716666666664,25573.824999999997,25581.60833333333,25661.08333333333,25736.666666666664,25502.133333333328,25418.766666666663,25343.183333333327,3501927
2026-01-20T12:50:00+05:30,25425.05,25434.95,25417.65,25429.25,,25468.203683803164,25443.186188283536,25429.885021656934,25577.716666666664,25573.824999999997,25581.60833333333,25661.08333333333,25736.666666666664,25502.133333333328,25418.766666666663,25343.183333333327,3993055
2026-01-20T12:55:00+05:30,25429.65,25436.9,25424.15,25431.8,,25468.203683803164,25442.10178939939,25430.268017325547,25577.716666666664,25573.824999999997,25581.60833333333,25661.08333333333,25736.666666666664,25502.133333333328,25418.766666666663,25343.183333333327,2600531
2026-01-20T13:00:00+05:30,25432.55,25433.7,25421.3,25424.15,,25468.203683803164,25440.392095170875,25429.044413860436,25577.716666666664,25573.824999999997,25581.60833333333,25661.08333333333,25736.666666666664,25502.133333333328,25418.766666666663,25343.183333333327,2693452
2026-01-20T13:05:00+05:30,25424.9,25428.2,25414.7,25420.8,,25468.203683803164,25438.526181345078,25427.39553108835,25577.716666666664,25573.824999999997,25581.60833333333,25661.08333333333,25736.666666666664,25502.133333333328,25418.766666666663,25343.183333333327,2746813
2026-01-20T13:10:00+05:30,25422.95,25426.4,25414.25,25415.95,,25467.736110748934,25436.376068836023,25425.10642487068,25577.716666666664,25573.824999999997,25581.60833333333,25661.08333333333,25736.666666666664,25502.133333333328,25418.766666666663,25343.183333333327,6370785
2026-01-20T13:15:00+05:30,25416.3,25422.65,25410.55,25418.8,,25462.89999967404,25434.702157518306,25423.845139896544,25577.716666666664,25573.824999999997,25581.60833333333,25661.08333333333,25736.666666666664,25502.133333333328,25418.766666666663,25343.183333333327,2720923
2026-01-20T13:20:00+05:30,25420.3,25436.15,25413.3,25420.15,,25462.89999967404,25433.316237754658,25423.106111917237,25577.716666666664,25573.824999999997,25581.60833333333,25661.08333333333,25736.666666666664,25502.133333333328,25418.766666666663,25343.183333333327,2967546
2026-01-20T13:25:00+05:30,25421.25,25426.55,25415.25,25416.75,,25462.89999967404,25431.738500825642,25421.83488953379,25577.716666666664,25573.824999999997,25581.60833333333,25661.08333333333,25736.666666666664,25502.133333333328,25418.766666666663,25343.183333333327,2278104
2026-01-20T13:30:00+05:30,25418.05,25419.25,25394.75,25396.2,,25456.706249762374,25428.35388169939,25416.707911627032,25577.716666666664,25573.824999999997,25581.60833333333,25661.08333333333,25736.666666666664,25502.133333333328,25418.766666666663,25343.183333333327,4728247
2026-01-20T13:35:00+05:30,25398.15,25398.15,25370.75,25375.6,,25437.405624786137,25423.329702489922,25408.486329301624,25577.716666666664,25573.824999999997,25581.60833333333,25661.08333333333,25736.666666666664,25502.133333333328,25418.766666666663,25343.183333333327,4750789
2026-01-20T13:40:00+05:30,25376.4,25379.6,25361.45,25372.45,,25423.630062307526,25418.4840165385,25401.2790634413,25577.716666666664,25573.824999999997,25581.60833333333,25661.08333333333,25736.666666666664,25502.133333333328,25418.766666666663,25343.183333333327,4381454
2026-01-20T13:45:00+05:30,25372.75,25374.35,25361.2,25364.75,,25419.51455607677,25413.36649115388,25393.97325075304,25577.716666666664,25573.824999999997,25581.60833333333,25661.08333333333,25736.666666666664,25502.133333333328,25418.766666666663,25343.183333333327,2850719
2026-01-20T13:50:00+05:30,25365,25376,25360.25,25369.4,,25419.415600469092,25409.179206282082,25389.05860060243,25577.716666666664,25573.824999999997,25581.60833333333,25661.08333333333,25736.666666666664,25502.133333333328,25418.766666666663,25343.183333333327,3636047
2026-01-20T13:55:00+05:30,25370.25,25378.65,25364.3,25369.65,,25419.415600469092,25405.414519969505,25385.176880481944,25577.716666666664,25573.824999999997,25581.60833333333,25661.08333333333,25736.666666666664,25502.133333333328,25418.766666666663,25343.183333333327,4290233
2026-01-20T14:00:00+05:30,25371.75,25389.2,25349.55,25379.2,,25419.415600469092,25402.917899020027,25383.981504385556,25577.716666666664,25573.824999999997,25581.60833333333,25661.08333333333,25736.666666666664,25502.133333333328,25418.766666666663,25343.183333333327,6399432
2026-01-20T14:05:00+05:30,25379.25,25379.25,25349.35,25354.9,,25419.415600469092,25398.344765780024,25378.165203508444,25577.716666666664,25573.824999999997,25581.60833333333,25661.08333333333,25736.666666666664,25502.133333333328,25418.766666666663,25343.183333333327,4409577
2026-01-20T14:10:00+05:30,25353.75,25365.35,25347.55,25360.75,,25416.28805796777,25394.76431189621,25374.682162806756,25577.716666666664,25573.824999999997,25581.60833333333,25661.08333333333,25736.666666666664,25502.133333333328,25418.766666666663,25343.183333333327,5176192
2026-01-20T14:15:00+05:30,25361.45,25376.75,25358.85,25359.65,,25416.28805796777,25391.42009171562,25371.675730245406,25577.716666666664,25573.824999999997,25581.60833333333,25661.08333333333,25736.666666666664,25502.133333333328,25418.766666666663,25343.183333333327,5857046
2026-01-20T14:20:00+05:30,25360.45,25368.7,25352.95,25366.55,,25416.28805796777,25389.05151155223,25370.650584196326,25577.716666666664,25573.824999999997,25581.60833333333,25661.08333333333,25736.666666666664,25502.133333333328,25418.766666666663,25343.183333333327,3992792
2026-01-20T14:25:00+05:30,25366,25392.35,25362.4,25389.45,,25416.28805796777,25389.08946283297,25374.410467357062,25577.716666666664,25573.824999999997,25581.60833333333,25661.08333333333,25736.666666666664,25502.133333333328,25418.766666666663,25343.183333333327,5017108
2026-01-20T14:30:00+05:30,25390.4,25394.1,25378.2,25379.15,,25416.28805796777,25388.142847325067,25375.35837388565,25577.716666666664,25573.824999999997,25581.60833333333,25661.08333333333,25736.666666666664,25502.133333333328,25418.766666666663,25343.183333333327,3657332
2026-01-20T14:35:00+05:30,25381.3,25384.45,25359.55,25360.95,,25416.28805796777,25385.55305234173,25372.47669910852,25577.716666666664,25573.824999999997,25581.60833333333,25661.08333333333,25736.666666666664,25502.133333333328,25418.766666666663,25343.183333333327,5603177
2026-01-20T14:40:00+05:30,25362.4,25363.45,25332.95,25344.15,,25412.55816616445,25381.60990449966,25366.811359286818,25577.716666666664,25573.824999999997,25581.60833333333,25661.08333333333,25736.666666666664,25502.133333333328,25418.766666666663,25343.183333333327,7976345
2026-01-20T14:45:00+05:30,25344.65,25355.25,25341,25346.55,,25410.322349548005,25378.270865975883,25362.759087429455,25577.716666666664,25573.824999999997,25581.60833333333,25661.08333333333,25736.666666666664,25502.133333333328,25418.766666666663,25343.183333333327,4848163
2026-01-20T14:50:00+05:30,25347.45,25350.7,25326.35,25336.4,,25401.807614593206,25374.28316445437,25357.487269943565,25577.716666666664,25573.824999999997,25581.60833333333,25661.08333333333,25736.666666666664,25502.133333333328,25418.766666666663,25343.183333333327,4543660
2026-01-20T14:55:00+05:30,25337.35,25342.8,25311.45,25311.7,,25393.484353133885,25368.322863077763,25348.329815954854,25577.716666666664,25573.824999999997,25581.60833333333,25661.08333333333,25736.666666666664,25502.133333333328,25418.766666666663,25343.183333333327,6799694
2026-01-20T15:00:00+05:30,25310.15,25311,25265.3,25277.7,,25361.7934178205,25359.692114213216,25334.203852763883,25577.716666666664,25573.824999999997,25581.60833333333,25661.08333333333,25736.666666666664,25502.133333333328,25418.766666666663,25343.183333333327,13983730
2026-01-20T15:05:00+05:30,25277,25290.7,25267.5,25267.5,,25352.339076038446,25350.911912859578,25320.863082211108,25577.716666666664,25573.824999999997,25581.60833333333,25661.08333333333,25736.666666666664,25502.133333333328,25418.766666666663,25343.183333333327,12374928
2026-01-20T15:10:00+05:30,25269.3,25269.3,25213.85,25217.05,,25324.1251684346,25338.163159253905,25300.100465768886,25577.716666666664,25573.824999999997,25581.60833333333,25661.08333333333,25736.666666666664,25502.133333333328,25418.766666666663,25343.183333333327,14997949
2026-01-20T15:15:00+05:30,25215.05,25239.3,25194.6,25200.05,,25304.65515159114,25325.009525039248,25280.09037261511,25577.716666666664,25573.824999999997,25581.60833333333,25661.08333333333,25736.666666666664,25502.133333333328,25418.766666666663,25343.183333333327,14315686
2026-01-20T15:20:00+05:30,25199.25,25199.85,25177.2,25180.55,,25274.31463643203,25311.25147503551,25260.182298092088,25577.716666666664,25573.824999999997,25581.60833333333,25661.08333333333,25736.666666666664,25502.133333333328,25418.766666666663,25343.183333333327,13692459
2026-01-20T15:25:00+05:30,25178.1,25230.35,25171.35,25225.35,,25274.31463643203,25303.070382174985,25253.21583847367,25577.716666666664,25573.824999999997,25581.60833333333,25661.08333333333,25736.666666666664,25502.133333333328,25418.766666666663,25343.183333333327,13022684
2026-01-21T09:15:00+05:30,25145.8,25277.75,25130.15,25242.4,,25274.31463643203,25297.29225053927,25251.052670778936,25329.61666666667,25281.058333333338,25378.175,25487.88333333334,25743.26666666667,25074.233333333337,24915.966666666667,24660.583333333336,17334477
2026-01-21T09:20:00+05:30,25239.2,25240.2,25185.95,25221.4,,25274.31463643203,25290.06441715458,25245.122136623148,25329.61666666667,25281.058333333338,25378.175,25487.88333333334,25743.26666666667,25074.233333333337,24915.966666666667,24660.583333333336,10115958
2026-01-21T09:25:00+05:30,25222.65,25254.6,25199.35,25199.95,,25274.31463643203,25281.482091711285,25236.087709298517,25329.61666666667,25281.058333333338,25378.175,25487.88333333334,25743.26666666667,25074.233333333337,24915.966666666667,24660.583333333336,9825544
2026-01-21T09:30:00+05:30,25201.95,25248.15,25199,25242.85,,25274.31463643203,25277.802844881637,25237.440167438814,25329.61666666667,25281.058333333338,25378.175,25487.88333333334,25743.26666666667,25074.233333333337,24915.966666666667,24660.583333333336,8234539
2026-01-21T09:35:00+05:30,25242.1,25251.3,25188.2,25189.45,,25274.31463643203,25269.388288226244,25227.84213395105,25329.61666666667,25281.058333333338,25378.175,25487.88333333334,25743.26666666667,25074.233333333337,24915.966666666667,24660.583333333336,8728497
2026-01-21T09:40:00+05:30,25188.6,25223.75,25187.9,25199.45,,25274.31463643203,25262.727498871365,25222.16370716084,25329.61666666667,25281.058333333338,25378.175,25487.88333333334,25743.26666666667,25074.233333333337,24915.966666666667,24660.583333333336,7012153
2026-01-21T09:45:00+05:30,25199.65,25212.3,25173.3,25198.9,,25274.31463643203,25256.648689455043,25217.51096572867,25329.61666666667,25281.058333333338,25378.175,25487.88333333334,25743.26666666667,25074.233333333337,24915.966666666667,24660.583333333336,6798595
2026-01-21T09:50:00+05:30,25198.75,25209.65,25168.05,25177.55,,25274.31463643203,25249.115480935514,25209.518772582935,25329.61666666667,25281.058333333338,25378.175,25487.88333333334,25743.26666666667,25074.233333333337,24915.966666666667,24660.583333333336,5116197
2026-01-21T09:55:00+05:30,25178.3,25207.25,25158.1,25158.7,,25274.31463643203,25240.50448275118,25199.355018066348,25329.61666666667,25281.058333333338,25378.175,25487.88333333334,25743.26666666667,25074.233333333337,24915.966666666667,24660.583333333336,4718827
2026-01-21T10:00:00+05:30,25158.95,25170.7,25143.6,25159.55,,25274.31463643203,25232.794532012973,25191.39401445308,25329.61666666667,25281.058333333338,25378.175,25487.88333333334,25743.26666666667,25074.233333333337,24915.966666666667,24660.583333333336,4668337
2026-01-21T10:05:00+05:30,25159.6,25173.95,25147.1,25153.8,,25274.31463643203,25225.271243249834,25183.875211562463,25329.61666666667,25281.058333333338,25378.175,25487.88333333334,25743.26666666667,25074.233333333337,24915.966666666667,24660.583333333336,3841476
2026-01-21T10:10:00+05:30,25154.2,25178.95,25137.95,25153.25,,25274.31463643203,25218.41207722604,25177.75016924997,25329.61666666667,25281.058333333338,25378.175,25487.88333333334,25743.26666666667,25074.233333333337,24915.966666666667,24660.583333333336,5516060
2026-01-21T10:15:00+05:30,25153.8,25159.1,25136.3,25144.45,,25268.052759010487,25211.36806987118,25171.090135399976,25329.61666666667,25281.058333333338,25378.175,25487.88333333334,25743.26666666667,25074.233333333337,24915.966666666667,24660.583333333336,3958569
2026-01-21T10:20:00+05:30,25144.25,25154.1,25105.25,25105.85,,25252.64748310944,25201.31872988345,25158.04210831998,25329.61666666667,25281.058333333338,25378.175,25487.88333333334,25743.26666666667,25074.233333333337,24915.966666666667,24660.583333333336,4182986
2026-01-21T10:25:00+05:30,25107.5,25120.5,25092.2,25096.4,,25225.515234798495,25191.32646989455,25145.713686655985,25329.61666666667,25281.058333333338,25378.175,25487.88333333334,25743.26666666667,25074.233333333337,24915.966666666667,24660.583333333336,7568905
2026-01-21T10:30:00+05:30,25096.75,25102.5,25085.2,25095.9,,25206.288711318644,25182.238234666496,25135.75094932479,25329.61666666667,25281.058333333338,25378.175,25487.88333333334,25743.26666666667,25074.233333333337,24915.966666666667,24660.583333333336,3495108
2026-01-21T10:35:00+05:30,25095.6,25100.3,25078.1,25079.55,,25197.054840186778,25172.458402793498,25124.51075945983,25329.61666666667,25281.058333333338,25378.175,25487.88333333334,25743.26666666667,25074.233333333337,24915.966666666667,24660.583333333336,4911998
2026-01-21T10:40:00+05:30,25079.45,25084.8,25026.2,25029,,25170.1493561681,25158.795697765545,25105.408607567864,25329.61666666667,25281.058333333338,25378.175,25487.88333333334,25743.26666666667,25074.233333333337,24915.966666666667,24660.583333333336,5593734
2026-01-21T10:45:00+05:30,25029.1,25030.8,25006.35,25011.3,,25129.09442055129,25144.74848845454,25086.58688605429,25329.61666666667,25281.058333333338,25378.175,25487.88333333334,25743.26666666667,25074.233333333337,24915.966666666667,24660.583333333336,5673118
2026-01-21T10:50:00+05:30,25011.2,25019.3,24967.6,24969.45,,25108.42747849616,25128.05339431601,25063.159508843433,25329.61666666667,25281.058333333338,25378.175,25487.88333333334,25743.26666666667,25074.233333333337,24915.966666666667,24660.583333333336,6198246
2026-01-21T10:55:00+05:30,24969.05,25006.6,24919.8,24993.6,,25092.719730646546,25115.24830914306,25049.247607074747,25329.61666666667,25281.058333333338,25378.175,25487.88333333334,25743.26666666667,25074.233333333337,24915.966666666667,24660.583333333336,8656914
2026-01-21T11:00:00+05:30,24991.8,25009.45,24982.3,24994.55,,25092.719730646546,25103.753232081814,25038.3080856598,25329.61666666667,25281.058333333338,25378.175,25487.88333333334,25743.26666666667,25074.233333333337,24915.966666666667,24660.583333333336,5045221
2026-01-21T11:05:00+05:30,24994.2,25005.8,24975,25003.1,,25092.719730646546,25094.167209978783,25031.26646852784,25329.61666666667,25281.058333333338,25378.175,25487.88333333334,25743.26666666667,25074.233333333337,24915.966666666667,24660.583333333336,4414473
2026-01-21T11:10:00+05:30,25004.3,25070.1,25003.55,25054.75,,25092.719730646546,25090.413189980805,25035.96317482227,25329.61666666667,25281.058333333338,25378.175,25487.88333333334,25743.26666666667,25074.233333333337,24915.966666666667,24660.583333333336,5136241
2026-01-21T11:15:00+05:30,25055.4,25077.2,25036.6,25075.65,,25092.719730646546,25089.007171887395,25043.900539857816,25329.61666666667,25281.058333333338,25378.175,25487.88333333334,25743.26666666667,25074.233333333337,24915.966666666667,24660.583333333336,6296351
2026-01-21T11:20:00+05:30,25076.35,25077.15,25047.6,25059,,25092.719730646546,25086.14934599336,25046.920431886254,25329.61666666667,25281.058333333338,25378.175,25487.88333333334,25743.26666666667,25074.233333333337,24915.966666666667,24660.583333333336,5482747
2026-01-21T11:25:00+05:30,25058.3,25062.65,25026.6,25029.15,,25092.719730646546,25080.720836851135,25043.366345509003,25329.61666666667,25281.058333333338,25378.175,25487.88333333334,25743.26666666667,25074.233333333337,24915.966666666667,24660.583333333336,3838995
2026-01-21T11:30:00+05:30,25028,25071.2,25024.45,25043.65,,25092.719730646546,25077.19028096055,25043.4230764072,25329.61666666667,25281.058333333338,25378.175,25487.88333333334,25743.26666666667,25074.233333333337,24915.966666666667,24660.583333333336,3485407
2026-01-21T11:35:00+05:30,25043.95,25061.55,25036.95,25043.35,,25092.719730646546,25073.967397059543,25043.40846112576,25329.61666666667,25281.058333333338,25378.175,25487.88333333334,25743.26666666667,25074.233333333337,24915.966666666667,24660.583333333336,3022864
2026-01-21T11:40:00+05:30,25043.1,25051.5,25035.6,25040.05,,25092.719730646546,25070.73716876816,25042.73676890061,25329.61666666667,25281.058333333338,25378.175,25487.88333333334,25743.26666666667,25074.233333333337,24915.966666666667,24660.583333333336,3157753
2026-01-21T11:45:00+05:30,25041,25064.15,25040.9,25050.25,,25092.719730646546,25068.78600983786,25044.239415120486,25329.61666666667,25281.058333333338,25378.175,25487.88333333334,25743.26666666667,25074.233333333337,24915.966666666667,24660.583333333336,2852485
2026-01-21T11:50:00+05:30,25051.45,25080.25,25047.65,25059.9,,25092.719730646546,25067.939723186635,25047.37153209639,25329.61666666667,25281.058333333338,25378.175,25487.88333333334,25743.26666666667,25074.233333333337,24915.966666666667,24660.583333333336,3040646
2026-01-21T11:55:00+05:30,25061.35,25070.45,25048.75,25069.85,,25092.719730646546,25068.12165431172,25051.86722567711,25329.61666666667,25281.058333333338,25378.175,25487.88333333334,25743.26666666667,25074.233333333337,24915.966666666667,24660.583333333336,3113575
2026-01-21T12:00:00+05:30,25069.1,25124.1,25063.85,25116.65,24983.069389557822,,25072.743401520125,25064.823780541687,25329.61666666667,25281.058333333338,25378.175,25487.88333333334,25743.26666666667,25074.233333333337,24915.966666666667,24660.583333333336,3744048
2026-01-21T12:05:00+05:30,25115.6,25128.4,25103.3,25115.45,25008.50495060204,,25076.810696613447,25074.94902443335,25329.61666666667,25281.058333333338,25378.175,25487.88333333334,25743.26666666667,25074.233333333337,24915.966666666667,24660.583333333336,5703507
2026-01-21T12:10:00+05:30,25116.3,25136.15,25106.45,25136.15,25015.77945554184,,25082.462058840738,25087.18921954668,25329.61666666667,25281.058333333338,25378.175,25487.88333333334,25743.26666666667,25074.233333333337,24915.966666666667,24660.583333333336,3468008
2026-01-21T12:15:00+05:30,25135.15,25167.9,25122.65,25157.45,25036.731509987654,,25089.60376752257,25101.241375637343,25329.61666666667,25281.058333333338,25378.175,25487.88333333334,25743.26666666667,25074.233333333337,24915.966666666667,24660.583333333336,3920548
2026-01-21T12:20:00+05:30,25157.15,25187.9,25145.8,25185.85,25056.53085898889,,25098.770075377564,25118.163100509875,25329.61666666667,25281.058333333338,25378.175,25487.88333333334,25743.26666666667,25074.233333333337,24915.966666666667,24660.583333333336,5675503
2026-01-21T12:25:00+05:30,25184.35,25186.6,25118.5,25133.2,25056.53085898889,,25102.049115817797,25121.1704804079,25329.61666666667,25281.058333333338,25378.175,25487.88333333334,25743.26666666667,25074.233333333337,24915.966666666667,24660.583333333336,4444934
2026-01-21T12:30:00+05:30,25133.9,25189.3,25132,25185.45,25056.53085898889,,25109.992057168485,25134.02638432632,25329.61666666667,25281.058333333338,25378.175,25487.88333333334,25743.26666666667,25074.233333333337,24915.966666666667,24660.583333333336,4471116
2026-01-21T12:35:00+05:30,25186.1,25232.95,25183.6,25226.65,25081.0280462029,,25121.102337438155,25152.551107461055,25329.61666666667,25281.058333333338,25378.175,25487.88333333334,25743.26666666667,25074.233333333337,24915.966666666667,24660.583333333336,5304956
2026-01-21T12:40:00+05:30,25229.05,25245.85,25218.35,25226.7,25109.32774158261,,25131.15925768214,25167.380885968843,25329.61666666667,25281.058333333338,25378.175,25487.88333333334,25743.26666666667,25074.233333333337,24915.966666666667,24660.583333333336,6210179
2026-01-21T12:45:00+05:30,25225.9,25285.7,25225.1,25279.3,25126.72496742435,,25145.267899807648,25189.764708775074,25329.61666666667,25281.058333333338,25378.175,25487.88333333334,25743.26666666667,25074.233333333337,24915.966666666667,24660.583333333336,5735509
2026-01-21T12:50:00+05:30,25279.55,25294.4,25262.05,25282.9,25152.712470681912,,25158.375718873587,25208.39176702006,25329.61666666667,25281.058333333338,25378.175,25487.88333333334,25743.26666666667,25074.233333333337,24915.966666666667,24660.583333333336,5626059
2026-01-21T12:55:00+05:30,25282.5,25286.7,25256,25279.4,25152.712470681912,,25169.90184088563,25222.59341361605,25329.61666666667,25281.058333333338,25378.175,25487.88333333334,25743.26666666667,25074.233333333337,24915.966666666667,24660.583333333336,4275423
2026-01-21T13:00:00+05:30,25279.1,25300.95,25273.75,25287.15,25169.235851252346,,25181.068332229854,25235.50473089284,25329.61666666667,25281.058333333338,25378.175,25487.88333333334,25743.26666666667,25074.233333333337,24915.966666666667,24660.583333333336,4291743
2026-01-21T13:05:00+05:30,25286.85,25293.7,25259.2,25260,25169.235851252346,,25188.58563392225,25240.40378471427,25329.61666666667,25281.058333333338,25378.175,25487.88333333334,25743.26666666667,25074.233333333337,24915.966666666667,24660.583333333336,4918343
2026-01-21T13:10:00+05:30,25258,25259.4,25221.5,25237.45,25169.235851252346,,25193.23938307251,25239.81302777142,25329.61666666667,25281.058333333338,25378.175,25487.88333333334,25743.26666666667,25074.233333333337,24915.966666666667,24660.583333333336,3764832
2026-01-21T13:15:00+05:30,25237.6,25242.4,25209,25214.4,25169.235851252346,,25195.254679922746,25234.730422217137,25329.61666666667,25281.058333333338,25378.175,25487.88333333334,25743.26666666667,25074.233333333337,24915.966666666667,24660.583333333336,4625983
2026-01-21T13:20:00+05:30,25214.3,25227.15,25196.05,25212.5,25169.235851252346,,25196.897091358675,25230.284337773708,25329.61666666667,25281.058333333338,25378.175,25487.88333333334,25743.26666666667,25074.233333333337,24915.966666666667,24660.583333333336,3181987
2026-01-21T13:25:00+05:30,25212.4,25218.75,25200.75,25210.4,25169.235851252346,,25198.183082657848,25226.307470218966,25329.61666666667,25281.058333333338,25378.175,25487.88333333334,25743.26666666667,25074.233333333337,24915.966666666667,24660.583333333336,2566258
2026-01-21T13:30:00+05:30,25210.75,25219.9,25177.05,25183.6,25169.235851252346,,25196.794217642815,25217.76597617517,25329.61666666667,25281.058333333338,25378.175,25487.88333333334,25743.26666666667,25074.233333333337,24915.966666666667,24660.583333333336,3359963
2026-01-21T13:35:00+05:30,25182.4,25238.25,25174.25,25212.15,25169.235851252346,,25198.256673105403,25216.642780940136,25329.61666666667,25281.058333333338,25378.175,25487.88333333334,25743.26666666667,25074.233333333337,24915.966666666667,24660.583333333336,4277352
2026-01-21T13:40:00+05:30,25211.45,25211.45,25173.35,25195.7,25169.235851252346,,25198.013180428698,25212.45422475211,25329.61666666667,25281.058333333338,25378.175,25487.88333333334,25743.26666666667,25074.233333333337,24915.966666666667,24660.583333333336,5865806
2026-01-21T13:45:00+05:30,25195.15,25208.9,25184.3,25195.7,25169.235851252346,,25197.792877530726,25209.103379801687,25329.61666666667,25281.058333333338,25378.175,25487.88333333334,25743.26666666667,25074.233333333337,24915.966666666667,24660.583333333336,4181572
2026-01-21T13:50:00+05:30,25195.5,25201.3,25160.6,25168.85,,25294.76644644372,25195.03641300399,25201.05270384135,25329.61666666667,25281.058333333338,25378.175,25487.88333333334,25743.26666666667,25074.233333333337,24915.966666666667,24660.583333333336,3208345
2026-01-21T13:55:00+05:30,25169.2,25170.2,25148.45,25153.25,,25268.284801799353,25191.056754622656,25191.49216307308,25329.61666666667,25281.058333333338,25378.175,25487.88333333334,25743.26666666667,25074.233333333337,24915.966666666667,24660.583333333336,2941372
2026-01-21T14:00:00+05:30,25151.1,25158.85,25136.35,25148.25,,25252.413821619415,25186.97992084907,25182.843730458462,25329.61666666667,25281.058333333338,25378.175,25487.88333333334,25743.26666666667,25074.233333333337,24915.966666666667,24660.583333333336,3071184
2026-01-21T14:05:00+05:30,25149.05,25160.3,25142.6,25144.1,,25251.092439457472,25182.896118863442,25175.09498436677,25329.61666666667,25281.058333333338,25378.175,25487.88333333334,25743.26666666667,25074.233333333337,24915.966666666667,24660.583333333336,2822700
2026-01-21T14:10:00+05:30,25143.2,25152.4,25132.85,25136.7,,25238.168195511727,25178.496488495497,25167.415987493416,25329.61666666667,25281.058333333338,25378.175,25487.88333333334,25743.26666666667,25074.233333333337,24915.966666666667,24660.583333333336,3301165
2026-01-21T14:15:00+05:30,25137.45,25202.05,25129.8,25177.8,,25238.168195511727,25178.43015625783,25169.492789994732,25329.61666666667,25281.058333333338,25378.175,25487.88333333334,25743.26666666667,25074.233333333337,24915.966666666667,24660.583333333336,4181826
2026-01-21T14:20:00+05:30,25176.65,25186,25138.3,25152.2,,25238.168195511727,25175.932046138038,25166.034231995785,25329.61666666667,25281.058333333338,25378.175,25487.88333333334,25743.26666666667,25074.233333333337,24915.966666666667,24660.583333333336,2976830
2026-01-21T14:25:00+05:30,25151.95,25153.4,25120,25120.85,,25238.168195511727,25170.686136982033,25156.997385596627,25329.61666666667,25281.058333333338,25378.175,25487.88333333334,25743.26666666667,25074.233333333337,24915.966666666667,24660.583333333336,2549591
2026-01-21T14:30:00+05:30,25120.25,25166.4,25119.85,25162.85,,25238.168195511727,25169.93983822184,25158.167908477302,25329.61666666667,25281.058333333338,25378.175,25487.88333333334,25743.26666666667,25074.233333333337,24915.966666666667,24660.583333333336,3336400
2026-01-21T14:35:00+05:30,25163,25163.75,25140.8,25155,,25238.168195511727,25168.516996486425,25157.534326781843,25329.61666666667,25281.058333333338,25378.175,25487.88333333334,25743.26666666667,25074.233333333337,24915.966666666667,24660.583333333336,3711325
2026-01-21T14:40:00+05:30,25154.3,25163.2,25135,25150.1,,25238.168195511727,25166.762996821053,25156.047461425474,25329.61666666667,25281.058333333338,25378.175,25487.88333333334,25743.26666666667,25074.233333333337,24915.966666666667,24660.583333333336,4051488
2026-01-21T14:45:00+05:30,25149,25158.45,25142.65,25155.85,,25238.168195511727,25165.723663790475,25156.00796914038,25329.61666666667,25281.058333333338,25378.175,25487.88333333334,25743.26666666667,25074.233333333337,24915.966666666667,24660.583333333336,3779985
2026-01-21T14:50:00+05:30,25155.55,25164.05,25143.15,25153.95,,25238.168195511727,25164.602362477097,25155.596375312303,25329.61666666667,25281.058333333338,25378.175,25487.88333333334,25743.26666666667,25074.233333333337,24915.966666666667,24660.583333333336,3922272
2026-01-21T14:55:00+05:30,25153.2,25157.8,25137.65,25143.15,,25238.168195511727,25162.55928033642,25153.107100249843,25329.61666666667,25281.058333333338,25378.175,25487.88333333334,25743.26666666667,25074.233333333337,24915.966666666667,24660.583333333336,3364708
2026-01-21T15:00:00+05:30,25143.75,25177.8,25135.35,25177.5,,25238.168195511727,25163.982206018667,25157.985680199876,25329.61666666667,25281.058333333338,25378.175,25487.88333333334,25743.26666666667,25074.233333333337,24915.966666666667,24660.583333333336,9007554
2026-01-21T15:05:00+05:30,25178.45,25182.5,25156.8,25165.7,,25238.168195511727,25164.14580544546,25159.5285441599,25329.61666666667,25281.058333333338,25378.175,25487.88333333334,25743.26666666667,25074.233333333337,24915.966666666667,24660.583333333336,9136943
2026-01-21T15:10:00+05:30,25165.45,25169.3,25144.75,25155,,25238.168195511727,25163.274776355414,25158.622835327922,25329.61666666667,25281.058333333338,25378.175,25487.88333333334,25743.26666666667,25074.233333333337,24915.966666666667,24660.583333333336,8162243
2026-01-21T15:15:00+05:30,25155.2,25162.2,25145.85,25159.9,,25238.168195511727,25162.95336908347,25158.87826826234,25329.61666666667,25281.058333333338,25378.175,25487.88333333334,25743.26666666667,25074.233333333337,24915.966666666667,24660.583333333336,8580182
2026-01-21T15:20:00+05:30,25159.35,25160.15,25140.55,25152.8,,25235.486046570186,25161.98638155171,25157.66261460987,25329.61666666667,25281.058333333338,25378.175,25487.88333333334,25743.26666666667,25074.233333333337,24915.966666666667,24660.583333333336,9158214
2026-01-21T15:25:00+05:30,25152.05,25171.7,25145.8,25168.1,,25235.486046570186,25162.568630927737,25159.750091687896,25329.61666666667,25281.058333333338,25378.175,25487.88333333334,25743.26666666667,25074.233333333337,24915.966666666667,24660.583333333336,10015539
2026-01-22T09:15:00+05:30,25352.4,25355.6,25302.45,25318,25196.82180227815,,25177.37161845843,25191.400073350316,25126.083333333332,25110.375,25141.791666666664,25332.366666666665,25507.233333333334,24951.216666666664,24744.93333333333,24570.066666666662,47173551
2026-01-22T09:20:00+05:30,25317.05,25345.35,25310.05,25338,25198.12712205033,,25192.669559557628,25220.720058680254,25126.083333333332,25110.375,25141.791666666664,25332.366666666665,25507.233333333334,24951.216666666664,24744.93333333333,24570.066666666662,14337960
2026-01-22T09:25:00+05:30,25336.85,25395.75,25327.35,25386.65,25224.4144098453,,25211.143887218805,25253.906046944205,25126.083333333332,25110.375,25141.791666666664,25332.366666666665,25507.233333333334,24951.216666666664,24744.93333333333,24570.066666666662,10573383
2026-01-22T09:30:00+05:30,25385.2,25417.25,25385.2,25406.65,25268.18796886077,,25229.76351700749,25284.454837555364,25126.083333333332,25110.375,25141.791666666664,25332.366666666665,25507.233333333334,24951.216666666664,24744.93333333333,24570.066666666662,13835401
2026-01-22T09:35:00+05:30,25408.5,25425.7,25395.15,25405.2,25281.526671974698,,25246.47175348297,25308.60387004429,25126.083333333332,25110.375,25141.791666666664,25332.366666666665,25507.233333333334,24951.216666666664,24744.93333333333,24570.066666666662,9680122
2026-01-22T09:40:00+05:30,25404.3,25412.25,25387,25395.95,25281.526671974698,,25260.707776960782,25326.073096035434,25126.083333333332,25110.375,25141.791666666664,25332.366666666665,25507.233333333334,24951.216666666664,24744.93333333333,24570.066666666662,7751459
2026-01-22T09:45:00+05:30,25395.05,25431.85,25390.2,25421,25287.304854299506,,25275.97370296452,25345.058476828348,25126.083333333332,25110.375,25141.791666666664,25332.366666666665,25507.233333333334,24951.216666666664,24744.93333333333,24570.066666666662,7418334
2026-01-22T09:50:00+05:30,25419.8,25435.75,25394.45,25396.45,25291.36186886955,,25287.447636015517,25355.33678146268,25126.083333333332,25110.375,25141.791666666664,25332.366666666665,25507.233333333334,24951.216666666664,24744.93333333333,24570.066666666662,6830201
2026-01-22T09:55:00+05:30,25395.35,25407.3,25379.2,25394.55,25291.36186886955,,25297.647861156896,25363.179425170143,25126.083333333332,25110.375,25141.791666666664,25332.366666666665,25507.233333333334,24951.216666666664,24744.93333333333,24570.066666666662,4997477
2026-01-22T10:00:00+05:30,25395.3,25411.65,25363.3,25375.7,25291.36186886955,,25305.081398189574,25365.683540136113,25126.083333333332,25110.375,25141.791666666664,25332.366666666665,25507.233333333334,24951.216666666664,24744.93333333333,24570.066666666662,6733521
2026-01-22T10:05:00+05:30,25374.95,25388.25,25364.85,25366.15,25291.36186886955,,25310.89745550485,25365.77683210889,25126.083333333332,25110.375,25141.791666666664,25332.366666666665,25507.233333333334,24951.216666666664,24744.93333333333,24570.066666666662,6529263
2026-01-22T10:10:00+05:30,25367.15,25399.05,25364.45,25376,25291.36186886955,,25317.097697837722,25367.821465687113,25126.083333333332,25110.375,25141.791666666664,25332.366666666665,25507.233333333334,24951.216666666664,24744.93333333333,24570.066666666662,5773142
2026-01-22T10:15:00+05:30,25376.5,25388.55,25341.3,25341.3,25291.36186886955,,25319.402678996034,25362.51717254969,25126.083333333332,25110.375,25141.791666666664,25332.366666666665,25507.233333333334,24951.216666666664,24744.93333333333,24570.066666666662,6449462
2026-01-22T10:20:00+05:30,25340.15,25352.55,25326.25,25347.8,25291.36186886955,,25322.107185758316,25359.57373803975,25126.083333333332,25110.375,25141.791666666664,25332.366666666665,25507.233333333334,24951.216666666664,24744.93333333333,24570.066666666662,7230883
2026-01-22T10:25:00+05:30,25348.55,25348.8,25290.2,25291.9,25291.36186886955,,25319.23031092419,25346.0389904318,25126.083333333332,25110.375,25141.791666666664,25332.366666666665,25507.233333333334,24951.216666666664,24744.93333333333,24570.066666666662,7192985
2026-01-22T10:30:00+05:30,25292.9,25314.4,25245.25,25310.85,25291.36186886955,,25318.432186074268,25339.00119234544,25126.083333333332,25110.375,25141.791666666664,25332.366666666665,25507.233333333334,24951.216666666664,24744.93333333333,24570.066666666662,8316675
2026-01-22T10:35:00+05:30,25311.2,25332.5,25284.95,25287.15,,25409.077835450338,25315.45293025767,25328.630953876353,25126.083333333332,25110.375,25141.791666666664,25332.366666666665,25507.233333333334,24951.216666666664,24744.93333333333,24570.066666666662,4716463
2026-01-22T10:40:00+05:30,25287.85,25301.2,25284.65,25295.35,,25409.077835450338,25313.538365471224,25321.974763101083,25126.083333333332,25110.375,25141.791666666664,25332.366666666665,25507.233333333334,24951.216666666664,24744.93333333333,24570.066666666662,3660644
2026-01-22T10:45:00+05:30,25294.85,25298.45,25272.15,25275.55,,25403.4384670433,25309.920425902535,25312.689810480868,25126.083333333332,25110.375,25141.791666666664,25332.366666666665,25507.233333333334,24951.216666666664,24744.93333333333,24570.066666666662,5480235
2026-01-22T10:50:00+05:30,25274.45,25276.2,25255.1,25270.95,,25378.304620338968,25306.20895676896,25304.341848384694,25126.083333333332,25110.375,25141.791666666664,25332.366666666665,25507.233333333334,24951.216666666664,24744.93333333333,24570.066666666662,4476445
2026-01-22T10:55:00+05:30,25272.2,25276.7,25221.7,25221.7,,25367.089158305072,25298.160484695727,25287.813478707754,25126.083333333332,25110.375,25141.791666666664,25332.366666666665,25507.233333333334,24951.216666666664,24744.93333333333,24570.066666666662,4252441
2026-01-22T11:00:00+05:30,25221.65,25248.95,25216.8,25230.65,,25348.620242474564,25291.730914724707,25276.380782966204,25126.083333333332,25110.375,25141.791666666664,25332.366666666665,25507.233333333334,24951.216666666664,24744.93333333333,24570.066666666662,4000280
2026-01-22T11:05:00+05:30,25230.45,25231.5,25206.95,25224.6,,25330.760718227106,25285.337494274736,25266.024626372964,25126.083333333332,25110.375,25141.791666666664,25332.366666666665,25507.233333333334,24951.216666666664,24744.93333333333,24570.066666666662,4544435
2026-01-22T11:10:00+05:30,25225.05,25234.95,25201.9,25215.75,,25328.722146404398,25278.71011386762,25255.969701098373,25126.083333333332,25110.375,25141.791666666664,25332.366666666665,25507.233333333334,24951.216666666664,24744.93333333333,24570.066666666662,4173480
2026-01-22T11:15:00+05:30,25215.95,25232.4,25211.25,25214.45,,25327.437431763956,25272.590103023085,25247.6657608787,25126.083333333332,25110.375,25141.791666666664,25332.366666666665,25507.233333333334,24951.216666666664,24744.93333333333,24570.066666666662,4645882
2026-01-22T11:20:00+05:30,25215.1,25265.25,25212.4,25253.7,,25327.437431763956,25270.791045592316,25248.87260870296,25126.083333333332,25110.375,25141.791666666664,25332.366666666665,25507.233333333334,24951.216666666664,24744.93333333333,24570.066666666662,4427321
2026-01-22T11:25:00+05:30,25253.3,25280.55,25245.3,25247.25,,25327.437431763956,25268.54904125019,25248.548086962368,25126.083333333332,25110.375,25141.791666666664,25332.366666666665,25507.233333333334,24951.216666666664,24744.93333333333,24570.066666666662,4538355
2026-01-22T11:30:00+05:30,25246.85,25255.35,25232.2,25248.75,,25327.437431763956,25266.66341827398,25248.588469569895,25126.083333333332,25110.375,25141.791666666664,25332.366666666665,25507.233333333334,24951.216666666664,24744.93333333333,24570.066666666662,4055438
2026-01-22T11:35:00+05:30,25248.35,25259.15,25234,25236.6,,25327.437431763956,25263.80023558122,25246.190775655916,25126.083333333332,25110.375,25141.791666666664,25332.366666666665,25507.233333333334,24951.216666666664,24744.93333333333,24570.066666666662,4597834
2026-01-22T11:40:00+05:30,25236.65,25239.45,25197.8,25206.85,,25324.010675332298,25258.376403621103,25238.322620524734,25126.083333333332,25110.375,25141.791666666664,25332.366666666665,25507.233333333334,24951.216666666664,24744.93333333333,24570.066666666662,4576001
2026-01-22T11:45:00+05:30,25205.9,25211.8,25177.85,25211.8,,25299.857107799067,25253.940555657187,25233.018096419786,25126.083333333332,25110.375,25141.791666666664,25332.366666666665,25507.233333333334,24951.216666666664,24744.93333333333,24570.066666666662,3809384
2026-01-22T11:50:00+05:30,25210.6,25226.4,25198.6,25202.45,,25299.857107799067,25249.036693213646,25226.904477135828,25126.083333333332,25110.375,25141.791666666664,25332.366666666665,25507.233333333334,24951.216666666664,24744.93333333333,24570.066666666662,3541721
2026-01-22T11:55:00+05:30,25202.25,25211.35,25185.9,25188.2,,25298.842007317246,25243.242722431394,25219.16358170866,25126.083333333332,25110.375,25141.791666666664,25332.366666666665,25507.233333333334,24951.216666666664,24744.93333333333,24570.066666666662,4996876
2026-01-22T12:00:00+05:30,25188.8,25207.05,25183.3,25207.05,,25292.495306585522,25239.79579648555,25216.74086536693,25126.083333333332,25110.375,25141.791666666664,25332.366666666665,25507.233333333334,24951.216666666664,24744.93333333333,24570.066666666662,3176161
2026-01-22T12:05:00+05:30,25207.7,25241.5,25207.35,25230.5,,25292.495306585522,25238.910482534546,25219.492692293545,25126.083333333332,25110.375,25141.791666666664,25332.366666666665,25507.233333333334,24951.216666666664,24744.93333333333,24570.066666666662,3701589
2026-01-22T12:10:00+05:30,25229.45,25239,25215.55,25237.1,,25292.495306585522,25238.738055626494,25223.014153834836,25126.083333333332,25110.375,25141.791666666664,25332.366666666665,25507.233333333334,24951.216666666664,24744.93333333333,24570.066666666662,4579236
2026-01-22T12:15:00+05:30,25237.15,25247.2,25216.05,25239.65,,25292.495306585522,25238.82490747159,25226.34132306787,25126.083333333332,25110.375,25141.791666666664,25332.366666666665,25507.233333333334,24951.216666666664,24744.93333333333,24570.066666666662,4561199
2026-01-22T12:20:00+05:30,25238.85,25277.5,25238.1,25242.4,,25292.495306585522,25239.165392474297,25229.553058454298,25126.083333333332,25110.375,25141.791666666664,25332.366666666665,25507.233333333334,24951.216666666664,24744.93333333333,24570.066666666662,4091291
2026-01-22T12:25:00+05:30,25242.55,25261.35,25236.55,25255.25,,25292.495306585522,25240.697259857698,25234.692446763438,25126.083333333332,25110.375,25141.791666666664,25332.366666666665,25507.233333333334,24951.216666666664,24744.93333333333,24570.066666666662,3164399
2026-01-22T12:30:00+05:30,25254.6,25265.75,25242.55,25264.55,,25292.495306585522,25242.96894939506,25240.66395741075,25126.083333333332,25110.375,25141.791666666664,25332.366666666665,25507.233333333334,24951.216666666664,24744.93333333333,24570.066666666662,4277636
2026-01-22T12:35:00+05:30,25263.75,25271.3,25232.25,25251.8,,25292.495306585522,25243.810001833626,25242.8911659286,25126.083333333332,25110.375,25141.791666666664,25332.366666666665,25507.233333333334,24951.216666666664,24744.93333333333,24570.066666666662,5118756
2026-01-22T12:40:00+05:30,25251.35,25251.95,25210.45,25244.95,,25292.495306585522,25243.918573087565,25243.302932742878,25126.083333333332,25110.375,25141.791666666664,25332.366666666665,25507.233333333334,24951.216666666664,24744.93333333333,24570.066666666662,5939662
2026-01-22T12:45:00+05:30,25244.75,25254.65,25228.95,25250.25,,25292.495306585522,25244.521566126845,25244.6923461943,25126.083333333332,25110.375,25141.791666666664,25332.366666666665,25507.233333333334,24951.216666666664,24744.93333333333,24570.066666666662,4671799
2026-01-22T12:50:00+05:30,25251.5,25262.5,25229.1,25229.1,,25292.495306585522,25243.052845543334,25241.57387695544,25126.083333333332,25110.375,25141.791666666664,25332.366666666665,25507.233333333334,24951.216666666664,24744.93333333333,24570.066666666662,4910708
2026-01-22T12:55:00+05:30,25228,25228.5,25205.9,25209.9,,25292.495306585522,25239.895431682064,25235.23910156435,25126.083333333332,25110.375,25141.791666666664,25332.366666666665,25507.233333333334,24951.216666666664,24744.93333333333,24570.066666666662,3061590
2026-01-22T13:00:00+05:30,25208.65,25217.45,25190.95,25217.45,,25292.495306585522,25237.75777152187,25231.68128125148,25126.083333333332,25110.375,25141.791666666664,25332.366666666665,25507.233333333334,24951.216666666664,24744.93333333333,24570.066666666662,3829575
2026-01-22T13:05:00+05:30,25217.15,25222.05,25200,25202.7,,25292.495306585522,25234.418936138834,25225.885025001186,25126.083333333332,25110.375,25141.791666666664,25332.366666666665,25507.233333333334,24951.216666666664,24744.93333333333,24570.066666666662,3581118
2026-01-22T13:10:00+05:30,25201.2,25214.05,25190.45,25191.95,,25289.953402612526,25230.374275554183,25219.098020000947,25126.083333333332,25110.375,25141.791666666664,25332.366666666665,25507.233333333334,24951.216666666664,24744.93333333333,24570.066666666662,2986878
2026-01-22T13:15:00+05:30,25192.05,25201.75,25171.25,25201.1,,25274.583062351274,25227.586249310927,25215.49841600076,25126.083333333332,25110.375,25141.791666666664,25332.366666666665,25507.233333333334,24951.216666666664,24744.93333333333,24570.066666666662,4413656
2026-01-22T13:20:00+05:30,25200.7,25208.3,25186.5,25197.15,,25274.583062351274,25224.68755890036,25211.828732800608,25126.083333333332,25110.375,25141.791666666664,25332.366666666665,25507.233333333334,24951.216666666664,24744.93333333333,24570.066666666662,3699186
2026-01-22T13:25:00+05:30,25196.2,25199.15,25177.5,25179.05,,25272.053280504533,25220.341124719373,25205.272986240485,25126.083333333332,25110.375,25141.791666666664,25332.366666666665,25507.233333333334,24951.216666666664,24744.93333333333,24570.066666666662,3770715
2026-01-22T13:30:00+05:30,25177.85,25215.85,25169.4,25215.05,,25272.053280504533,25219.837208079432,25207.22838899239,25126.083333333332,25110.375,25141.791666666664,25332.366666666665,25507.233333333334,24951.216666666664,24744.93333333333,24570.066666666662,4219881
2026-01-22T13:35:00+05:30,25214.7,25227.55,25188.55,25191.5,,25272.053280504533,25217.138426357582,25204.08271119391,25126.083333333332,25110.375,25141.791666666664,25332.366666666665,25507.233333333334,24951.216666666664,24744.93333333333,24570.066666666662,4536291
2026-01-22T13:40:00+05:30,25190.7,25209.05,25184.15,25204.55,,25272.053280504533,25215.93952860924,25204.176168955128,25126.083333333332,25110.375,25141.791666666664,25332.366666666665,25507.233333333334,24951.216666666664,24744.93333333333,24570.066666666662,3810106
2026-01-22T13:45:00+05:30,25204.05,25213.8,25187.05,25211.35,,25272.053280504533,25215.502430646455,25205.610935164103,25126.083333333332,25110.375,25141.791666666664,25332.366666666665,25507.233333333334,24951.216666666664,24744.93333333333,24570.066666666662,3539771
2026-01-22T13:50:00+05:30,25211.2,25239.6,25206.15,25233.4,,25272.053280504533,25217.206961061078,25211.168748131284,25126.083333333332,25110.375,25141.791666666664,25332.366666666665,25507.233333333334,24951.216666666664,24744.93333333333,24570.066666666662,4815897
2026-01-22T13:55:00+05:30,25232.85,25241.1,25221.95,25229.15,,25272.053280504533,25218.344393340976,25214.764998505027,25126.083333333332,25110.375,25141.791666666664,25332.366666666665,25507.233333333334,24951.216666666664,24744.93333333333,24570.066666666662,6163946
2026-01-22T14:00:00+05:30,25228.35,25245,25220.85,25223.2,,25272.053280504533,25218.806832070408,25216.451998804023,25126.083333333332,25110.375,25141.791666666664,25332.366666666665,25507.233333333334,24951.216666666664,24744.93333333333,24570.066666666662,3764185
2026-01-22T14:05:00+05:30,25223.65,25230.8,25201.35,25211.8,,25272.053280504533,25218.13951473037,25215.52159904322,25126.083333333332,25110.375,25141.791666666664,25332.366666666665,25507.233333333334,24951.216666666664,24744.93333333333,24570.066666666662,3435858
2026-01-22T14:10:00+05:30,25211.5,25213.8,25176.95,25178.35,,25272.053280504533,25214.350037137003,25208.087279234576,25126.083333333332,25110.375,25141.791666666664,25332.366666666665,25507.233333333334,24951.216666666664,24744.93333333333,24570.066666666662,4637081
2026-01-22T14:15:00+05:30,25178.8,25188.7,25168.5,25179.15,,25264.20942562779,25210.997652647766,25202.29982338766,25126.083333333332,25110.375,25141.791666666664,25332.366666666665,25507.233333333334,24951.216666666664,24744.93333333333,24570.066666666662,6528188
2026-01-22T14:20:00+05:30,25178.4,25207.5,25176.9,25197.95,,25264.20942562779,25209.755019062264,25201.42985871013,25126.083333333332,25110.375,25141.791666666664,25332.366666666665,25507.233333333334,24951.216666666664,24744.93333333333,24570.066666666662,4262631
2026-01-22T14:25:00+05:30,25197.25,25236.7,25195.55,25234.85,,25264.20942562779,25212.14501724681,25208.1138869681,25126.083333333332,25110.375,25141.791666666664,25332.366666666665,25507.233333333334,24951.216666666664,24744.93333333333,24570.066666666662,3636063
2026-01-22T14:30:00+05:30,25234.2,25279,25233.35,25276.2,25170.42670328523,,25218.245491794733,25221.73110957448,25126.083333333332,25110.375,25141.791666666664,25332.366666666665,25507.233333333334,24951.216666666664,24744.93333333333,24570.066666666662,5832124
2026-01-22T14:35:00+05:30,25274.45,25295.9,25262.6,25281.75,25184.074485845606,,25224.293540195235,25233.734887659586,25126.083333333332,25110.375,25141.791666666664,25332.366666666665,25507.233333333334,24951.216666666664,24744.93333333333,24570.066666666662,6935793
2026-01-22T14:40:00+05:30,25281.45,25292.3,25261.05,25284.45,25184.074485845606,,25230.02272684331,25243.87791012767,25126.083333333332,25110.375,25141.791666666664,25332.366666666665,25507.233333333334,24951.216666666664,24744.93333333333,24570.066666666662,4794502
2026-01-22T14:45:00+05:30,25284.1,25318.2,25284.1,25298.45,25205.390333534942,,25236.539610001088,25254.792328102136,25126.083333333332,25110.375,25141.791666666664,25332.366666666665,25507.233333333334,24951.216666666664,24744.93333333333,24570.066666666662,6976559
2026-01-22T14:50:00+05:30,25297.4,25309.15,25278.5,25279.55,25205.390333534942,,25240.635837620033,25259.743862481708,25126.083333333332,25110.375,25141.791666666664,25332.366666666665,25507.233333333334,24951.216666666664,24744.93333333333,24570.066666666662,4995141
2026-01-22T14:55:00+05:30,25284.35,25308.1,25281.65,25297,25205.390333534942,,25246.003853084792,25267.195089985365,25126.083333333332,25110.375,25141.791666666664,25332.366666666665,25507.233333333334,24951.216666666664,24744.93333333333,24570.066666666662,5629113
2026-01-22T15:00:00+05:30,25295.5,25296.55,25238.8,25258.85,25205.390333534942,,25247.227295648147,25265.526071988294,25126.083333333332,25110.375,25141.791666666664,25332.366666666665,25507.233333333334,24951.216666666664,24744.93333333333,24570.066666666662,14799874
2026-01-22T15:05:00+05:30,25257.25,25287,25250.45,25282.35,25205.390333534942,,25250.57231511023,25268.890857590635,25126.083333333332,25110.375,25141.791666666664,25332.366666666665,25507.233333333334,24951.216666666664,24744.93333333333,24570.066666666662,11702094
2026-01-22T15:10:00+05:30,25280.8,25302,25280.55,25288.55,25205.390333534942,,25254.18923748068,25272.822686072508,25126.083333333332,25110.375,25141.791666666664,25332.366666666665,25507.233333333334,24951.216666666664,24744.93333333333,24570.066666666662,9864224
2026-01-22T15:15:00+05:30,25288.45,25315.2,25287.6,25305.6,25205.390333534942,,25259.08550057776,25279.378148858006,25126.083333333332,25110.375,25141.791666666664,25332.366666666665,25507.233333333334,24951.216666666664,24744.93333333333,24570.066666666662,13021631
2026-01-22T15:20:00+05:30,25304.5,25332.35,25302.45,25316.65,25220.570960539728,,25264.56783385607,25286.832519086405,25126.083333333332,25110.375,25141.791666666664,25332.366666666665,25507.233333333334,24951.216666666664,24744.93333333333,24570.066666666662,12818972
2026-01-22T15:25:00+05:30,25315.5,25327.5,25311.25,25320.45,25227.353864485754,,25269.889944917395,25293.556015269125,25126.083333333332,25110.375,25141.791666666664,25332.366666666665,25507.233333333334,24951.216666666664,24744.93333333333,24570.066666666662,10900790
2026-01-23T09:15:00+05:30,25347.95,25347.95,25249.1,25275.3,25227.353864485754,,25270.405188258595,25289.9048122153,25298.05,25293.975,25302.125,25427.6,25565.300000000003,25160.35,25030.8,24893.1,15678722
2026-01-23T09:20:00+05:30,25274.8,25323.3,25259.9,25320.1,25227.353864485754,,25275.13802747206,25295.94384977224,25298.05,25293.975,25302.125,25427.6,25565.300000000003,25160.35,25030.8,24893.1,7387633
2026-01-23T09:25:00+05:30,25320.45,25344.6,25311.35,25344.6,25227.353864485754,,25281.753453427104,25305.675079817793,25298.05,25293.975,25302.125,25427.6,25565.300000000003,25160.35,25030.8,24893.1,5609622
2026-01-23T09:30:00+05:30,25344.2,25345.35,25311.85,25315.4,25227.353864485754,,25284.957886434047,25307.620063854236,25298.05,25293.975,25302.125,25427.6,25565.300000000003,25160.35,25030.8,24893.1,4297646
2026-01-23T09:35:00+05:30,25315.95,25319.25,25295.45,25304.5,25227.353864485754,,25286.819040106995,25306.996051083388,25298.05,25293.975,25302.125,25427.6,25565.300000000003,25160.35,25030.8,24893.1,5328819
2026-01-23T09:40:00+05:30,25305.5,25318.15,25283.95,25285.7,25227.353864485754,,25286.71246485871,25302.73684086671,25298.05,25293.975,25302.125,25427.6,25565.300000000003,25160.35,25030.8,24893.1,4298295
2026-01-23T09:45:00+05:30,25287.6,25312.55,25267.7,25300.25,25227.353864485754,,25288.001753919783,25302.239472693367,25298.05,25293.975,25302.125,25427.6,25565.300000000003,25160.35,25030.8,24893.1,5323237
2026-01-23T09:50:00+05:30,25299.3,25303.15,25281.4,25281.4,25227.353864485754,,25287.373015451234,25298.071578154693,25298.05,25293.975,25302.125,25427.6,25565.300000000003,25160.35,25030.8,24893.1,5151766
2026-01-23T09:55:00+05:30,25281.5,25301.9,25280.3,25290.95,25227.353864485754,,25287.713680646353,25296.647262523755,25298.05,25293.975,25302.125,25427.6,25565.300000000003,25160.35,25030.8,24893.1,6562244
2026-01-23T10:00:00+05:30,25292.3,25304.05,25263.5,25287.95,25227.353864485754,,25287.736187251463,25294.907810019005,25298.05,25293.975,25302.125,25427.6,25565.300000000003,25160.35,25030.8,24893.1,4222625
2026-01-23T10:05:00+05:30,25287.5,25308.65,25276.6,25277.65,25227.353864485754,,25286.775597989417,25291.456248015205,25298.05,25293.975,25302.125,25427.6,25565.300000000003,25160.35,25030.8,24893.1,4642319
2026-01-23T10:10:00+05:30,25278.65,25291.6,25278.25,25281.7,25227.353864485754,,25286.29220770471,25289.504998412165,25298.05,25293.975,25302.125,25427.6,25565.300000000003,25160.35,25030.8,24893.1,4445416
2026-01-23T10:15:00+05:30,25280.55,25288.05,25251.55,25261.35,25227.353864485754,,25283.916759351883,25283.87399872973,25298.05,25293.975,25302.125,25427.6,25565.300000000003,25160.35,25030.8,24893.1,4137210
2026-01-23T10:20:00+05:30,25261.7,25268.35,25258.1,25264.2,25227.353864485754,,25282.03897274694,25279.939198983786,25298.05,25293.975,25302.125,25427.6,25565.300000000003,25160.35,25030.8,24893.1,3369337
2026-01-23T10:25:00+05:30,25265.15,25295.9,25260.8,25291.45,25227.353864485754,,25282.935261056755,25282.241359187028,25298.05,25293.975,25302.125,25427.6,25565.300000000003,25160.35,25030.8,24893.1,5571984
2026-01-23T10:30:00+05:30,25291.7,25320.8,25286.7,25303.8,25227.353864485754,,25284.92237905135,25286.55308734962,25298.05,25293.975,25302.125,25427.6,25565.300000000003,25160.35,25030.8,24893.1,4024050
2026-01-23T10:35:00+05:30,25303.55,25315.7,25298.95,25300.1,25227.353864485754,,25286.367866760746,25289.262469879697,25298.05,25293.975,25302.125,25427.6,25565.300000000003,25160.35,25030.8,24893.1,2475763
2026-01-23T10:40:00+05:30,25301.35,25310.2,25286.45,25293.35,25227.353864485754,,25287.03283183115,25290.079975903758,25298.05,25293.975,25302.125,25427.6,25565.300000000003,25160.35,25030.8,24893.1,2923628
2026-01-23T10:45:00+05:30,25293.25,25300.4,25270.45,25275.95,25227.353864485754,,25285.977324037707,25287.253980723006,25298.05,25293.975,25302.125,25427.6,25565.300000000003,25160.35,25030.8,24893.1,3530951
2026-01-23T10:50:00+05:30,25275.85,25287.4,25273.5,25278.05,25227.353864485754,,25285.22234079602,25285.413184578403,25298.05,25293.975,25302.125,25427.6,25565.300000000003,25160.35,25030.8,24893.1,3099686
2026-01-23T10:55:00+05:30,25278.25,25285.1,25269.7,25277.55,25227.353864485754,,25284.49164167259,25283.840547662723,25298.05,25293.975,25302.125,25427.6,25565.300000000003,25160.35,25030.8,24893.1,4002412
2026-01-23T11:00:00+05:30,25277.65,25285.55,25265.2,25265.8,25227.353864485754,,25282.71148532282,25280.232438130177,25298.05,25293.975,25302.125,25427.6,25565.300000000003,25160.35,25030.8,24893.1,3868758
2026-01-23T11:05:00+05:30,25265,25280,25261.05,25274.15,25227.353864485754,,25281.896105768265,25279.01595050414,25298.05,25293.975,25302.125,25427.6,25565.300000000003,25160.35,25030.8,24893.1,3828724
2026-01-23T11:10:00+05:30,25274.25,25293.6,25273.5,25284.9,25227.353864485754,,25282.182190933192,25280.19276040331,25298.05,25293.975,25302.125,25427.6,25565.300000000003,25160.35,25030.8,24893.1,3492207
2026-01-23T11:15:00+05:30,25285.3,25289.9,25264.85,25265.25,25227.353864485754,,25280.56960132051,25277.204208322648,25298.05,25293.975,25302.125,25427.6,25565.300000000003,25160.35,25030.8,24893.1,3487011
2026-01-23T11:20:00+05:30,25265.1,25275.95,25254.8,25264.75,25227.353864485754,,25279.062972623316,25274.713366658118,25298.05,25293.975,25302.125,25427.6,25565.300000000003,25160.35,25030.8,24893.1,3295837
2026-01-23T11:25:00+05:30,25265.9,25278.2,25263.3,25275.3,25227.353864485754,,25278.70459427824,25274.830693326494,25298.05,25293.975,25302.125,25427.6,25565.300000000003,25160.35,25030.8,24893.1,3077380
2026-01-23T11:30:00+05:30,25275.85,25279.35,25255.6,25256.4,25227.353864485754,,25276.580347204123,25271.144554661194,25298.05,25293.975,25302.125,25427.6,25565.300000000003,25160.35,25030.8,24893.1,4247073
2026-01-23T11:35:00+05:30,25256.45,25259.25,25229,25229.1,25227.353864485754,,25272.058409375157,25262.735643728956,25298.05,25293.975,25302.125,25427.6,25565.300000000003,25160.35,25030.8,24893.1,5247383
2026-01-23T11:40:00+05:30,25228.75,25230.55,25209.6,25211.6,,25291.770438827953,25266.300465625143,25252.508514983165,25298.05,25293.975,25302.125,25427.6,25565.300000000003,25160.35,25030.8,24893.1,3953015
2026-01-23T11:45:00+05:30,25211.45,25215.8,25193.2,25193.35,,25275.80589494516,25259.35280223227,25240.67681198653,25298.05,25293.975,25302.125,25427.6,25565.300000000003,25160.35,25030.8,24893.1,4441185
2026-01-23T11:50:00+05:30,25192.6,25224.65,25190.95,25207.45,,25275.80589494516,25254.40967821015,25234.031449589223,25298.05,25293.975,25302.125,25427.6,25565.300000000003,25160.35,25030.8,24893.1,3233230
2026-01-23T11:55:00+05:30,25208.05,25218.15,25202.95,25215.2,,25275.80589494516,25250.67542314252,25230.26515967138,25298.05,25293.975,25302.125,25427.6,25565.300000000003,25160.35,25030.8,24893.1,2934364
2026-01-23T12:00:00+05:30,25214.75,25223.3,25198.15,25219.15,,25275.80589494516,25247.67300189085,25228.042127737106,25298.05,25293.975,25302.125,25427.6,25565.300000000003,25160.35,25030.8,24893.1,3041470
2026-01-23T12:05:00+05:30,25218.55,25218.55,25186.6,25189.55,,25275.80589494516,25242.137477901244,25220.343702189686,25298.05,25293.975,25302.125,25427.6,25565.300000000003,25160.35,25030.8,24893.1,3574248
2026-01-23T12:10:00+05:30,25190.85,25195.8,25183.65,25185.2,,25260.332778906166,25236.71486095827,25213.31496175175,25298.05,25293.975,25302.125,25427.6,25565.300000000003,25160.35,25030.8,24893.1,4433361
2026-01-23T12:15:00+05:30,25185.95,25220.35,25185.95,25219.6,,25260.332778906166,25235.08487420034,25214.571969401397,25298.05,25293.975,25302.125,25427.6,25565.300000000003,25160.35,25030.8,24893.1,5249464
2026-01-23T12:20:00+05:30,25220.35,25222.95,25203.4,25203.65,,25260.332778906166,25232.09107665745,25212.38757552112,25298.05,25293.975,25302.125,25427.6,25565.300000000003,25160.35,25030.8,24893.1,4150902
2026-01-23T12:25:00+05:30,25204.55,25218.05,25194,25205.65,,25260.332778906166,25229.57287888055,25211.040060416897,25298.05,25293.975,25302.125,25427.6,25565.300000000003,25160.35,25030.8,24893.1,3453140
2026-01-23T12:30:00+05:30,25205.3,25220.5,25199.45,25211.15,,25260.332778906166,25227.818318987163,25211.06204833352,25298.05,25293.975,25302.125,25427.6,25565.300000000003,25160.35,25030.8,24893.1,3397179
2026-01-23T12:35:00+05:30,25210,25217.8,25202.6,25216.65,,25260.332778906166,25226.754669559814,25212.179638666814,25298.05,25293.975,25302.125,25427.6,25565.300000000003,25160.35,25030.8,24893.1,3013418
2026-01-23T12:40:00+05:30,25216.55,25236.6,25207.05,25223.05,,25260.332778906166,25226.401843887452,25214.35371093345,25298.05,25293.975,25302.125,25427.6,25565.300000000003,25160.35,25030.8,24893.1,3410834
2026-01-23T12:45:00+05:30,25223.3,25243.8,25208.15,25210.75,,25260.332778906166,25224.911192088646,25213.63296874676,25298.05,25293.975,25302.125,25427.6,25565.300000000003,25160.35,25030.8,24893.1,4692576
2026-01-23T12:50:00+05:30,25212.05,25229.75,25202.2,25229.1,,25260.332778906166,25225.310126175442,25216.726374997408,25298.05,25293.975,25302.125,25427.6,25565.300000000003,25160.35,25030.8,24893.1,3772962
2026-01-23T12:55:00+05:30,25229.75,25229.75,25200.9,25202.95,,25260.332778906166,25223.18059034921,25213.971099997925,25298.05,25293.975,25302.125,25427.6,25565.300000000003,25160.35,25030.8,24893.1,4938077
2026-01-23T13:00:00+05:30,25203.95,25213.3,25191.7,25194.3,,25260.332778906166,25220.430057935,25210.03687999834,25298.05,25293.975,25302.125,25427.6,25565.300000000003,25160.35,25030.8,24893.1,4348036
2026-01-23T13:05:00+05:30,25194.05,25198.5,25180.25,25187.25,,25260.332778906166,25217.270052417378,25205.47950399867,25298.05,25293.975,25302.125,25427.6,25565.300000000003,25160.35,25030.8,24893.1,4215406
2026-01-23T13:10:00+05:30,25187.75,25200.35,25183.9,25196.4,,25260.332778906166,25215.282428377628,25203.663603198936,25298.05,25293.975,25302.125,25427.6,25565.300000000003,25160.35,25030.8,24893.1,5163750
2026-01-23T13:15:00+05:30,25196.65,25197.35,25142.65,25148.95,,25250.18445332429,25208.965054246426,25192.720882559148,25298.05,25293.975,25302.125,25427.6,25565.300000000003,25160.35,25030.8,24893.1,5507225
2026-01-23T13:20:00+05:30,25148.55,25149.55,25124.65,25128,,25216.73600799186,25201.254096699147,25179.77670604732,25298.05,25293.975,25302.125,25427.6,25565.300000000003,25160.35,25030.8,24893.1,4131589
2026-01-23T13:25:00+05:30,25127.75,25148.25,25120.8,25124.6,,25214.43240719268,25193.953706537322,25168.741364837857,25298.05,25293.975,25302.125,25427.6,25565.300000000003,25160.35,25030.8,24893.1,3904884
2026-01-23T13:30:00+05:30,25125.6,25125.8,25067.8,25070.65,,25186.11666647341,25182.21049639091,25149.123091870286,25298.05,25293.975,25302.125,25427.6,25565.300000000003,25160.35,25030.8,24893.1,5539171
2026-01-23T13:35:00+05:30,25072.25,25077.15,25056.2,25062.55,,25153.344999826073,25170.814258639395,25131.80847349623,25298.05,25293.975,25302.125,25427.6,25565.300000000003,25160.35,25030.8,24893.1,5152982
2026-01-23T13:40:00+05:30,25063.3,25081.4,25047.75,25049.55,,25152.672999843464,25159.265281626118,25115.356778796984,25298.05,25293.975,25302.125,25427.6,25565.300000000003,25160.35,25030.8,24893.1,5195887
2026-01-23T13:45:00+05:30,25049.25,25067.5,25043.85,25057.1,,25142.058199859115,25149.53525480458,25103.705423037587,25298.05,25293.975,25302.125,25427.6,25565.300000000003,25160.35,25030.8,24893.1,4041126
2026-01-23T13:50:00+05:30,25057.45,25068.4,25050.35,25063.7,,25142.058199859115,25141.360468632716,25095.70433843007,25298.05,25293.975,25302.125,25427.6,25565.300000000003,25160.35,25030.8,24893.1,4738591
2026-01-23T13:55:00+05:30,25063.25,25070.5,25046.75,25049.95,,25140.593891885885,25132.654709715316,25086.553470744057,25298.05,25293.975,25302.125,25427.6,25565.300000000003,25160.35,25030.8,24893.1,4326191
2026-01-23T14:00:00+05:30,25049.8,25068.45,25046.8,25065.3,,25137.892002697296,25126.239975456716,25082.302776595247,25298.05,25293.975,25302.125,25427.6,25565.300000000003,25160.35,25030.8,24893.1,5517691
2026-01-23T14:05:00+05:30,25065.65,25075.25,25051.85,25067.7,,25137.892002697296,25120.664739698932,25079.3822212762,25298.05,25293.975,25302.125,25427.6,25565.300000000003,25160.35,25030.8,24893.1,4869458
2026-01-23T14:10:00+05:30,25068.15,25078.05,25056.4,25063.4,,25137.892002697296,25115.2109549657,25076.18577702096,25298.05,25293.975,25302.125,25427.6,25565.300000000003,25160.35,25030.8,24893.1,4609014
2026-01-23T14:15:00+05:30,25064.05,25095.15,25053.15,25060.1,,25137.892002697296,25109.962292588014,25072.96862161677,25298.05,25293.975,25302.125,25427.6,25565.300000000003,25160.35,25030.8,24893.1,6363125
2026-01-23T14:20:00+05:30,25060.15,25066.9,25041,25044.75,,25136.1017104697,25103.751598055824,25067.324897293416,25298.05,25293.975,25302.125,25427.6,25565.300000000003,25160.35,25030.8,24893.1,4935307
2026-01-23T14:25:00+05:30,25045.2,25089.65,25043.95,25069.35,,25136.1017104697,25100.47525538384,25067.72991783473,25298.05,25293.975,25302.125,25427.6,25565.300000000003,25160.35,25030.8,24893.1,6397867
2026-01-23T14:30:00+05:30,25069.95,25100.15,25068.2,25088.75,,25136.1017104697,25099.358564394905,25071.933934267785,25298.05,25293.975,25302.125,25427.6,25565.300000000003,25160.35,25030.8,24893.1,6739776
2026-01-23T14:35:00+05:30,25088.25,25094.65,25063.7,25088.2,,25136.1017104697,25098.295843976342,25075.187147414228,25298.05,25293.975,25302.125,25427.6,25565.300000000003,25160.35,25030.8,24893.1,6116536
2026-01-23T14:40:00+05:30,25087.15,25107.8,25083.65,25083.65,,25136.1017104697,25096.90100169288,25076.879717931384,25298.05,25293.975,25302.125,25427.6,25565.300000000003,25160.35,25030.8,24893.1,5810166
2026-01-23T14:45:00+05:30,25089.15,25100.8,25057.3,25058.35,,25136.1017104697,25093.22947772213,25073.17377434511,25298.05,25293.975,25302.125,25427.6,25565.300000000003,25160.35,25030.8,24893.1,5876081
2026-01-23T14:50:00+05:30,25058.15,25085.8,25058.15,25077.05,,25136.1017104697,25091.688575081927,25073.949019476087,25298.05,25293.975,25302.125,25427.6,25565.300000000003,25160.35,25030.8,24893.1,5358351
2026-01-23T14:55:00+05:30,25079.35,25106.15,25079.35,25090.65,,25136.1017104697,25091.58966316936,25077.28921558087,25298.05,25293.975,25302.125,25427.6,25565.300000000003,25160.35,25030.8,24893.1,6195288
2026-01-23T15:00:00+05:30,25093.9,25096,25055.85,25060.25,,25136.1017104697,25088.604933343708,25073.881372464697,25298.05,25293.975,25302.125,25427.6,25565.300000000003,25160.35,25030.8,24893.1,10373713
2026-01-23T15:05:00+05:30,25060.55,25061.05,25028.25,25029.95,,25136.1017104697,25083.018749215735,25065.095097971756,25298.05,25293.975,25302.125,25427.6,25565.300000000003,25160.35,25030.8,24893.1,9469599
2026-01-23T15:10:00+05:30,25031.9,25048.7,25029.9,25045.85,,25129.438234131663,25079.478868338047,25061.246078377404,25298.05,25293.975,25302.125,25427.6,25565.300000000003,25160.35,25030.8,24893.1,11238045
2026-01-23T15:15:00+05:30,25046.5,25062.85,25025.3,25039.25,,25129.438234131663,25075.647547543947,25056.846862701925,25298.05,25293.975,25302.125,25427.6,25565.300000000003,25160.35,25030.8,24893.1,11893851
2026-01-23T15:20:00+05:30,25040.85,25049.8,25034.7,25048,,25129.438234131663,25073.014447777856,25055.07749016154,25298.05,25293.975,25302.125,25427.6,25565.300000000003,25160.35,25030.8,24893.1,13282546
2026-01-23T15:25:00+05:30,25049.6,25074.5,25045.9,25064.75,,25129.438234131663,25072.227357513297,25057.01199212923,25298.05,25293.975,25302.125,25427.6,25565.300000000003,25160.35,25030.8,24893.1,12332014
2026-01-27T09:15:00+05:30,25085.85,25126.3,25006.3,25009.95,,25129.438234131663,25066.296180607267,25047.599593703384,25140.63333333333,25094.641666666663,25186.625,25255.966666666664,25463.28333333333,24933.316666666662,24817.98333333333,24610.66666666666,39038759
2026-01-27T09:20:00+05:30,25007.5,25008.7,24937.55,24946.4,,25098.113862372404,25054.877496739908,25027.359674962707,25140.63333333333,25094.641666666663,25186.625,25255.966666666664,25463.28333333333,24933.316666666662,24817.98333333333,24610.66666666666,17292498
2026-01-27T09:25:00+05:30,24946.3,24970.7,24932.55,24958.55,,25075.559976135162,25045.703449431345,25013.597739970166,25140.63333333333,25094.641666666663,25186.625,25255.966666666664,25463.28333333333,24933.316666666662,24817.98333333333,24610.66666666666,12427181
2026-01-27T09:30:00+05:30,24958.4,25000.2,24940.2,24989.5,,25075.559976135162,25040.350739961694,25008.778191976133,25140.63333333333,25094.641666666663,25186.625,25255.966666666664,25463.28333333333,24933.316666666662,24817.98333333333,24610.66666666666,11693716
2026-01-27T09:35:00+05:30,24989.95,25095.15,24977.8,25091.5,24884.682669330516,,25045.22209806058,25025.322553580907,25140.63333333333,25094.641666666663,25186.625,25255.966666666664,25463.28333333333,24933.316666666662,24817.98333333333,24610.66666666666,11139056
2026-01-27T09:40:00+05:30,25090.65,25147.6,25064.75,25147.6,24944.706902397465,,25054.972374435765,25049.778042864724,25140.63333333333,25094.641666666663,25186.625,25255.966666666664,25463.28333333333,24933.316666666662,24817.98333333333,24610.66666666666,10997032
2026-01-27T09:45:00+05:30,25149.05,25161.85,25121,25152.2,24983.84871215772,,25064.232148299026,25070.26243429178,25140.63333333333,25094.641666666663,25186.625,25255.966666666664,25463.28333333333,24933.316666666662,24817.98333333333,24610.66666666666,8601855
2026-01-27T09:50:00+05:30,25151.75,25158.75,25126.4,25137.25,24991.051340941947,,25071.186229413404,25083.659947433425,25140.63333333333,25094.641666666663,25186.625,25255.966666666664,25463.28333333333,24933.316666666662,24817.98333333333,24610.66666666666,6146645
2026-01-27T09:55:00+05:30,25139.05,25141.3,25100.95,25108.9,24991.051340941947,,25074.77801708832,25088.70795794674,25140.63333333333,25094.641666666663,25186.625,25255.966666666664,25463.28333333333,24933.316666666662,24817.98333333333,24610.66666666666,6004494
2026-01-27T10:00:00+05:30,25111,25152.35,25111,25130.3,24991.051340941947,,25080.06582498467,25097.02636635739,25140.63333333333,25094.641666666663,25186.625,25255.966666666664,25463.28333333333,24933.316666666662,24817.98333333333,24610.66666666666,6633973
2026-01-27T10:05:00+05:30,25130.2,25133.2,25083.35,25099.45,24991.051340941947,,25081.911936890894,25097.511093085912,25140.63333333333,25094.641666666663,25186.625,25255.966666666664,25463.28333333333,24933.316666666662,24817.98333333333,24610.66666666666,5066935
2026-01-27T10:10:00+05:30,25099.9,25131.6,25086.9,25128.45,24991.051340941947,,25086.344133377475,25103.69887446873,25140.63333333333,25094.641666666663,25186.625,25255.966666666664,25463.28333333333,24933.316666666662,24817.98333333333,24610.66666666666,7262817
2026-01-27T10:15:00+05:30,25129.35,25184.95,25123.5,25176.6,25004.68963906281,,25094.939930198667,25118.279099574982,25140.63333333333,25094.641666666663,25186.625,25255.966666666664,25463.28333333333,24933.316666666662,24817.98333333333,24610.66666666666,7470799
2026-01-27T10:20:00+05:30,25177,25179,25158.4,25161.55,25027.93817515653,,25101.283746370224,25126.933279659985,25140.63333333333,25094.641666666663,25186.625,25255.966666666664,25463.28333333333,24933.316666666662,24817.98333333333,24610.66666666666,6295408
2026-01-27T10:25:00+05:30,25161.2,25172.35,25117.3,25117.7,25027.93817515653,,25102.84719909687,25125.086623727988,25140.63333333333,25094.641666666663,25186.625,25255.966666666664,25463.28333333333,24933.316666666662,24817.98333333333,24610.66666666666,5706698
2026-01-27T10:30:00+05:30,25123.65,25133.4,25105.75,25128.65,25027.93817515653,,25105.30460870669,25125.79929898239,25140.63333333333,25094.641666666663,25186.625,25255.966666666664,25463.28333333333,24933.316666666662,24817.98333333333,24610.66666666666,5149204
2026-01-27T10:35:00+05:30,25128.3,25131.55,25108.7,25110.65,25027.93817515653,,25105.81369359177,25122.76943918591,25140.63333333333,25094.641666666663,25186.625,25255.966666666664,25463.28333333333,24933.316666666662,24817.98333333333,24610.66666666666,5775143
2026-01-27T10:40:00+05:30,25112.1,25112.35,25019.7,25030,25027.93817515653,,25098.593341821124,25104.21555134873,25140.63333333333,25094.641666666663,25186.625,25255.966666666664,25463.28333333333,24933.316666666662,24817.98333333333,24610.66666666666,7295899
2026-01-27T10:45:00+05:30,25028.85,25044.75,25012.45,25041.35,25027.93817515653,,25093.141594981018,25091.642441078984,25140.63333333333,25094.641666666663,25186.625,25255.966666666664,25463.28333333333,24933.316666666662,24817.98333333333,24610.66666666666,5518158
2026-01-27T10:50:00+05:30,25041.6,25041.6,24979.2,24994.7,,25155.353141806638,25083.766204982825,25072.253952863186,25140.63333333333,25094.641666666663,25186.625,25255.966666666664,25463.28333333333,24933.316666666662,24817.98333333333,24610.66666666666,6300931
2026-01-27T10:55:00+05:30,24996.4,25011.4,24979.05,24983.25,,25135.38782762597,25074.1932330797,25054.45316229055,25140.63333333333,25094.641666666663,25186.625,25255.966666666664,25463.28333333333,24933.316666666662,24817.98333333333,24610.66666666666,6722836
2026-01-27T11:00:00+05:30,24983.85,25021.5,24980,25011.05,,25135.38782762597,25068.179591834014,25045.77252983244,25140.63333333333,25094.641666666663,25186.625,25255.966666666664,25463.28333333333,24933.316666666662,24817.98333333333,24610.66666666666,6892054
2026-01-27T11:05:00+05:30,25008.8,25039.8,24994.05,25019.25,,25135.38782762597,25063.519630706964,25040.468023865953,25140.63333333333,25094.641666666663,25186.625,25255.966666666664,25463.28333333333,24933.316666666662,24817.98333333333,24610.66666666666,7018478
2026-01-27T11:10:00+05:30,25019.95,25030.3,25013.8,25029.4,,25135.38782762597,25060.270142068206,25038.254419092762,25140.63333333333,25094.641666666663,25186.625,25255.966666666664,25463.28333333333,24933.316666666662,24817.98333333333,24610.66666666666,4968443
2026-01-27T11:15:00+05:30,25029.05,25057.1,25022.1,25048.05,,25135.38782762597,25059.106319014092,25040.213535274208,25140.63333333333,25094.641666666663,25186.625,25255.966666666664,25463.28333333333,24933.316666666662,24817.98333333333,24610.66666666666,4820658
2026-01-27T11:20:00+05:30,25049.8,25064.85,25037.15,25039.4,,25135.38782762597,25057.229526727035,25040.050828219366,25140.63333333333,25094.641666666663,25186.625,25255.966666666664,25463.28333333333,24933.316666666662,24817.98333333333,24610.66666666666,7444363
2026-01-27T11:25:00+05:30,25038.65,25066.65,25030.95,25057.7,,25135.38782762597,25057.274333705413,25043.580662575492,25140.63333333333,25094.641666666663,25186.625,25255.966666666664,25463.28333333333,24933.316666666662,24817.98333333333,24610.66666666666,4603558
2026-01-27T11:30:00+05:30,25057.75,25084.8,25052.55,25063,,25135.38782762597,25057.819635257278,25047.464530060395,25140.63333333333,25094.641666666663,25186.625,25255.966666666664,25463.28333333333,24933.316666666662,24817.98333333333,24610.66666666666,4927233
2026-01-27T11:35:00+05:30,25063.2,25091.65,25062.85,25090.5,,25135.38782762597,25060.93205094706,25056.071624048316,25140.63333333333,25094.641666666663,25186.625,25255.966666666664,25463.28333333333,24933.316666666662,24817.98333333333,24610.66666666666,4785277
2026-01-27T11:40:00+05:30,25091,25157.85,25079.45,25154.65,24991.200798114525,,25069.85756990448,25075.787299238655,25140.63333333333,25094.641666666663,25186.625,25255.966666666664,25463.28333333333,24933.316666666662,24817.98333333333,24610.66666666666,6830031
2026-01-27T11:45:00+05:30,25154.15,25162.05,25107.75,25108.15,25003.90571830307,,25073.504468008818,25082.259839390925,25140.63333333333,25094.641666666663,25186.625,25255.966666666664,25463.28333333333,24933.316666666662,24817.98333333333,24610.66666666666,9561091
2026-01-27T11:50:00+05:30,25109.4,25109.7,25084.2,25086.75,25003.90571830307,,25074.765947246073,25083.15787151274,25140.63333333333,25094.641666666663,25186.625,25255.966666666664,25463.28333333333,24933.316666666662,24817.98333333333,24610.66666666666,4537261
2026-01-27T11:55:00+05:30,25088.55,25116.95,25083.6,25103.65,25003.90571830307,,25077.516809413115,25087.25629721019,25140.63333333333,25094.641666666663,25186.625,25255.966666666664,25463.28333333333,24933.316666666662,24817.98333333333,24610.66666666666,4779283
2026-01-27T12:00:00+05:30,25104,25131.8,25092.65,25113.65,25003.90571830307,,25080.958065659484,25092.535037768153,25140.63333333333,25094.641666666663,25186.625,25255.966666666664,25463.28333333333,24933.316666666662,24817.98333333333,24610.66666666666,4644623
2026-01-27T12:05:00+05:30,25114.55,25125.9,25114.15,25115.25,25006.153251778647,,25084.223964168104,25097.07803021452,25140.63333333333,25094.641666666663,25186.625,25255.966666666664,25463.28333333333,24933.316666666662,24817.98333333333,24610.66666666666,4036098
2026-01-27T12:10:00+05:30,25116.25,25137.65,25113.95,25120.35,25016.205426600784,,25087.664539009238,25101.732424171616,25140.63333333333,25094.641666666663,25186.625,25255.966666666664,25463.28333333333,24933.316666666662,24817.98333333333,24610.66666666666,4033898
2026-01-27T12:15:00+05:30,25121.55,25127.55,25091.25,25091.95,25016.205426600784,,25088.072678151217,25099.775939337294,25140.63333333333,25094.641666666663,25186.625,25255.966666666664,25463.28333333333,24933.316666666662,24817.98333333333,24610.66666666666,4124422
2026-01-27T12:20:00+05:30,25092,25135.5,25091.2,25127.6,25016.205426600784,,25091.837184993958,25105.340751469834,25140.63333333333,25094.641666666663,25186.625,25255.966666666664,25463.28333333333,24933.316666666662,24817.98333333333,24610.66666666666,6959090
2026-01-27T12:25:00+05:30,25127.1,25138.2,25100.35,25102.1,25016.205426600784,,25092.814595946915,25104.692601175866,25140.63333333333,25094.641666666663,25186.625,25255.966666666664,25463.28333333333,24933.316666666662,24817.98333333333,24610.66666666666,4565373
2026-01-27T12:30:00+05:30,25102.25,25109.25,25083.1,25098.8,25016.205426600784,,25093.38463442816,25103.51408094069,25140.63333333333,25094.641666666663,25186.625,25255.966666666664,25463.28333333333,24933.316666666662,24817.98333333333,24610.66666666666,4108695
2026-01-27T12:35:00+05:30,25099,25101.8,25070.55,25086.4,25016.205426600784,,25092.719431149286,25100.091264752555,25140.63333333333,25094.641666666663,25186.625,25255.966666666664,25463.28333333333,24933.316666666662,24817.98333333333,24610.66666666666,4021143
2026-01-27T12:40:00+05:30,25086.1,25093.65,25076.55,25079.55,25016.205426600784,,25091.46519961126,25095.983011802044,25140.63333333333,25094.641666666663,25186.625,25255.966666666664,25463.28333333333,24933.316666666662,24817.98333333333,24610.66666666666,3504327
2026-01-27T12:45:00+05:30,25081.2,25091.8,25058.5,25058.5,25016.205426600784,,25088.325656791138,25088.486409441633,25140.63333333333,25094.641666666663,25186.625,25255.966666666664,25463.28333333333,24933.316666666662,24817.98333333333,24610.66666666666,3948336
2026-01-27T12:50:00+05:30,25060.45,25100.4,25056.5,25094.3,25016.205426600784,,25088.89464185865,25089.649127553308,25140.63333333333,25094.641666666663,25186.625,25255.966666666664,25463.28333333333,24933.316666666662,24817.98333333333,24610.66666666666,5140856
2026-01-27T12:55:00+05:30,25094,25096.85,25082.35,25088.95,25016.205426600784,,25088.89991406259,25089.509302042647,25140.63333333333,25094.641666666663,25186.625,25255.966666666664,25463.28333333333,24933.316666666662,24817.98333333333,24610.66666666666,4952447
2026-01-27T13:00:00+05:30,25089.2,25090.45,25065.15,25080.95,25016.205426600784,,25088.14277938996,25087.797441634117,25140.63333333333,25094.641666666663,25186.625,25255.966666666664,25463.28333333333,24933.316666666662,24817.98333333333,24610.66666666666,4567324
2026-01-27T13:05:00+05:30,25080.7,25094.4,25074.2,25089.6,25016.205426600784,,25088.2815623052,25088.157953307295,25140.63333333333,25094.641666666663,25186.625,25255.966666666664,25463.28333333333,24933.316666666662,24817.98333333333,24610.66666666666,3722209
2026-01-27T13:10:00+05:30,25089.5,25090.9,25071.15,25088.95,25016.205426600784,,25088.34522303804,25088.316362645837,25140.63333333333,25094.641666666663,25186.625,25255.966666666664,25463.28333333333,24933.316666666662,24817.98333333333,24610.66666666666,4237125
2026-01-27T13:15:00+05:30,25089.1,25099.5,25081.2,25098.05,25016.205426600784,,25089.269487510606,25090.26309011667,25140.63333333333,25094.641666666663,25186.625,25255.966666666664,25463.28333333333,24933.316666666662,24817.98333333333,24610.66666666666,4627293
2026-01-27T13:20:00+05:30,25098.6,25112.75,25085.9,25103.55,25016.205426600784,,25090.62953631912,25092.920472093338,25140.63333333333,25094.641666666663,25186.625,25255.966666666664,25463.28333333333,24933.316666666662,24817.98333333333,24610.66666666666,5215575
2026-01-27T13:25:00+05:30,25102.4,25123.7,25089.85,25120.9,25019.876051778734,,25093.512437622063,25098.51637767467,25140.63333333333,25094.641666666663,25186.625,25255.966666666664,25463.28333333333,24933.316666666662,24817.98333333333,24610.66666666666,4869958
2026-01-27T13:30:00+05:30,25122.7,25132.25,25106.5,25106.9,25033.440946600862,,25094.78744356282,25100.193102139736,25140.63333333333,25094.641666666663,25186.625,25255.966666666664,25463.28333333333,24933.316666666662,24817.98333333333,24610.66666666666,6216551
2026-01-27T13:35:00+05:30,25107.25,25108.55,25027.7,25031.7,,25169.720648059225,25088.779115604455,25086.49448171179,25140.63333333333,25094.641666666663,25186.625,25255.966666666664,25463.28333333333,24933.316666666662,24817.98333333333,24610.66666666666,6868777
2026-01-27T13:40:00+05:30,25033.6,25064.1,25018,25045.25,,25146.316083253303,25084.63348554689,25078.245585369434,25140.63333333333,25094.641666666663,25186.625,25255.966666666664,25463.28333333333,24933.316666666662,24817.98333333333,24610.66666666666,6381954
2026-01-27T13:45:00+05:30,25046.15,25060.75,25040.65,25058.65,,25146.316083253303,25082.158867875758,25074.32646829555,25140.63333333333,25094.641666666663,25186.625,25255.966666666664,25463.28333333333,24933.316666666662,24817.98333333333,24610.66666666666,6029905
2026-01-27T13:50:00+05:30,25059.8,25065.9,25036.95,25043.45,,25146.316083253303,25078.472309030447,25068.151174636438,25140.63333333333,25094.641666666663,25186.625,25255.966666666664,25463.28333333333,24933.316666666662,24817.98333333333,24610.66666666666,4614169
2026-01-27T13:55:00+05:30,25043.75,25065.65,25039.6,25049.35,,25146.316083253303,25075.698755789454,25064.39093970915,25140.63333333333,25094.641666666663,25186.625,25255.966666666664,25463.28333333333,24933.316666666662,24817.98333333333,24610.66666666666,6024168
2026-01-27T14:00:00+05:30,25050.85,25055.65,25013.15,25016.55,,25134.679297222494,25070.065540952364,25054.82275176732,25140.63333333333,25094.641666666663,25186.625,25255.966666666664,25463.28333333333,24933.316666666662,24817.98333333333,24610.66666666666,5328514
2026-01-27T14:05:00+05:30,25017.4,25033.1,24998.25,25024.45,,25116.381367500242,25065.721203718807,25048.748201413855,25140.63333333333,25094.641666666663,25186.625,25255.966666666664,25463.28333333333,24933.316666666662,24817.98333333333,24610.66666666666,5123725
2026-01-27T14:10:00+05:30,25026.05,25059.4,25024.35,25034.55,,25116.381367500242,25062.752517650348,25045.908561131084,25140.63333333333,25094.641666666663,25186.625,25255.966666666664,25463.28333333333,24933.316666666662,24817.98333333333,24610.66666666666,4959775
2026-01-27T14:15:00+05:30,25034.9,25039.5,25024.05,25029.35,,25116.381367500242,25059.571325493172,25042.59684890487,25140.63333333333,25094.641666666663,25186.625,25255.966666666664,25463.28333333333,24933.316666666662,24817.98333333333,24610.66666666666,4907451
2026-01-27T14:20:00+05:30,25030.05,25032.85,25007.85,25021.25,,25113.953591907677,25055.921675446203,25038.327479123895,25140.63333333333,25094.641666666663,25186.625,25255.966666666664,25463.28333333333,24933.316666666662,24817.98333333333,24610.66666666666,4946595
2026-01-27T14:25:00+05:30,25022.7,25039.45,25019,25032.65,,25113.953591907677,25053.70532540371,25037.191983299115,25140.63333333333,25094.641666666663,25186.625,25255.966666666664,25463.28333333333,24933.316666666662,24817.98333333333,24610.66666666666,5232618
2026-01-27T14:30:00+05:30,25032.7,25051.1,25024.45,25041.75,,25113.953591907677,25052.56672298431,25038.103586639292,25140.63333333333,25094.641666666663,25186.625,25255.966666666664,25463.28333333333,24933.316666666662,24817.98333333333,24610.66666666666,6349423
2026-01-27T14:35:00+05:30,25042.3,25093.05,25040.65,25092.4,,25113.953591907677,25056.360368414375,25048.962869311435,25140.63333333333,25094.641666666663,25186.625,25255.966666666664,25463.28333333333,24933.316666666662,24817.98333333333,24610.66666666666,9693593
2026-01-27T14:40:00+05:30,25093.1,25108.65,25084.85,25087.6,,25113.953591907677,25059.33557142253,25056.69029544915,25140.63333333333,25094.641666666663,25186.625,25255.966666666664,25463.28333333333,24933.316666666662,24817.98333333333,24610.66666666666,18167749
2026-01-27T14:45:00+05:30,25088.9,25116.05,25088.3,25115.2,25009.355286514434,,25064.655993191813,25068.39223635932,25140.63333333333,25094.641666666663,25186.625,25255.966666666664,25463.28333333333,24933.316666666662,24817.98333333333,24610.66666666666,13590487
2026-01-27T14:50:00+05:30,25115.9,25145.8,25115.15,25142.5,25037.742257862992,,25072.069708125924,25083.213789087455,25140.63333333333,25094.641666666663,25186.625,25255.966666666664,25463.28333333333,24933.316666666662,24817.98333333333,24610.66666666666,14039078
2026-01-27T14:55:00+05:30,25143.6,25155.3,25116.55,25139.45,25040.840532076694,,25078.486878780597,25094.461031269962,25140.63333333333,25094.641666666663,25186.625,25255.966666666664,25463.28333333333,24933.316666666662,24817.98333333333,24610.66666666666,11753337
2026-01-27T15:00:00+05:30,25141.2,25145.55,25100.75,25128.85,25040.840532076694,,25083.283366515778,25101.33882501597,25140.63333333333,25094.641666666663,25186.625,25255.966666666664,25463.28333333333,24933.316666666662,24817.98333333333,24610.66666666666,20337540
2026-01-27T15:05:00+05:30,25130.5,25160.25,25125.9,25147.7,25043.655580982122,,25089.418283990464,25110.611060012776,25140.63333333333,25094.641666666663,25186.625,25255.966666666664,25463.28333333333,24933.316666666662,24817.98333333333,24610.66666666666,19509406
2026-01-27T15:10:00+05:30,25142.95,25175.35,25142.75,25170.4,25059.79252288391,,25097.130828372327,25122.56884801022,25140.63333333333,25094.641666666663,25186.625,25255.966666666664,25463.28333333333,24933.316666666662,24817.98333333333,24610.66666666666,20874332
2026-01-27T15:15:00+05:30,25169.25,25207.35,25168.05,25202.9,25086.578270595517,,25107.204082813056,25138.635078408177,25140.63333333333,25094.641666666663,25186.625,25255.966666666664,25463.28333333333,24933.316666666662,24817.98333333333,24610.66666666666,20473543
2026-01-27T15:20:00+05:30,25203.95,25230.2,25190.65,25229.95,25107.55044353597,,25118.894170164192,25156.89806272654,25140.63333333333,25094.641666666663,25186.625,25255.966666666664,25463.28333333333,24933.316666666662,24817.98333333333,24610.66666666666,21913892
2026-01-27T15:25:00+05:30,25232.3,25246.65,25225.7,25234.1,25137.302899182374,,25129.86615395808,25172.338450181232,25140.63333333333,25094.641666666663,25186.625,25255.966666666664,25463.28333333333,24933.316666666662,24817.98333333333,24610.66666666666,17512914
2026-01-28T09:15:00+05:30,25247.45,25336.3,25225.7,25336,25158.835109264135,,25149.497948819215,25205.070760144987,25118.2,25089.6,25146.800000000003,25303.850000000002,25432.300000000007,24989.75,24804.1,24675.649999999998,32751230
2026-01-28T09:20:00+05:30,25335.45,25372.1,25335.1,25358.75,25232.55159833772,,25169.426715598336,25235.80660811599,25118.2,25089.6,25146.800000000003,25303.850000000002,25432.300000000007,24989.75,24804.1,24675.649999999998,16750907
2026-01-28T09:25:00+05:30,25357.9,25366.65,25324.7,25352.75,25232.55159833772,,25186.88607601754,25259.19528649279,25118.2,25089.6,25146.800000000003,25303.850000000002,25432.300000000007,24989.75,24804.1,24675.649999999998,11614795
2026-01-28T09:30:00+05:30,25352.1,25363.9,25308.7,25309.3,25232.55159833772,,25198.544544968252,25269.216229194233,25118.2,25089.6,25146.800000000003,25303.850000000002,25432.300000000007,24989.75,24804.1,24675.649999999998,10902823
2026-01-28T09:35:00+05:30,25310.3,25319.1,25286.5,25311.1,25232.55159833772,,25209.26411211413,25277.592983355386,25118.2,25089.6,25146.800000000003,25303.850000000002,25432.300000000007,24989.75,24804.1,24675.649999999998,8626697
2026-01-28T09:40:00+05:30,25311.4,25319.85,25289,25293,25232.55159833772,,25217.23895857945,25280.67438668431,25118.2,25089.6,25146.800000000003,25303.850000000002,25432.300000000007,24989.75,24804.1,24675.649999999998,8060592
2026-01-28T09:45:00+05:30,25292.95,25299.6,25278.1,25292.7,25232.55159833772,,25224.425724429027,25283.079509347448,25118.2,25089.6,25146.800000000003,25303.850000000002,25432.300000000007,24989.75,24804.1,24675.649999999998,6886843
2026-01-28T09:50:00+05:30,25292.65,25302.9,25278.55,25288.4,25232.55159833772,,25230.518512578645,25284.14360747796,25118.2,25089.6,25146.800000000003,25303.850000000002,25432.300000000007,24989.75,24804.1,24675.649999999998,8067173
2026-01-28T09:55:00+05:30,25289.3,25304.65,25272.7,25303.7,25232.55159833772,,25237.488178047344,25288.05488598237,25118.2,25089.6,25146.800000000003,25303.850000000002,25432.300000000007,24989.75,24804.1,24675.649999999998,7418703
2026-01-28T10:00:00+05:30,25304.7,25316.4,25281.7,25289.8,25232.55159833772,,25242.47025632855,25288.403908785895,25118.2,25089.6,25146.800000000003,25303.850000000002,25432.300000000007,24989.75,24804.1,24675.649999999998,6608650
2026-01-28T10:05:00+05:30,25290.25,25295.65,25244.45,25252.1,25232.55159833772,,25243.38737477345,25281.143127028714,25118.2,25089.6,25146.800000000003,25303.850000000002,25432.300000000007,24989.75,24804.1,24675.649999999998,6823383
2026-01-28T10:10:00+05:30,25252.85,25265.1,25232.7,25248.1,25232.55159833772,,25243.836196223598,25274.53450162297,25118.2,25089.6,25146.800000000003,25303.850000000002,25432.300000000007,24989.75,24804.1,24675.649999999998,7263700
2026-01-28T10:15:00+05:30,25248.3,25260.4,25235.6,25260.4,25232.55159833772,,25245.41370134516,25271.707601298374,25118.2,25089.6,25146.800000000003,25303.850000000002,25432.300000000007,24989.75,24804.1,24675.649999999998,5124183
2026-01-28T10:20:00+05:30,25260.35,25278.1,25254.25,25274.85,25232.55159833772,,25248.217158359905,25272.3360810387,25118.2,25089.6,25146.800000000003,25303.850000000002,25432.300000000007,24989.75,24804.1,24675.649999999998,7926946
2026-01-28T10:25:00+05:30,25275.35,25281.6,25246.5,25246.5,25232.55159833772,,25248.053619468486,25267.168864830957,25118.2,25089.6,25146.800000000003,25303.850000000002,25432.300000000007,24989.75,24804.1,24675.649999999998,8319594
2026-01-28T10:30:00+05:30,25246.85,25260.7,25234.05,25259,25232.55159833772,,25249.09613190006,25265.535091864767,25118.2,25089.6,25146.800000000003,25303.850000000002,25432.300000000007,24989.75,24804.1,24675.649999999998,7115538
2026-01-28T10:35:00+05:30,25259.3,25302.2,25256.15,25301.6,25232.55159833772,,25254.09650029053,25272.748073491814,25118.2,25089.6,25146.800000000003,25303.850000000002,25432.300000000007,24989.75,24804.1,24675.649999999998,7350088
2026-01-28T10:40:00+05:30,25301.85,25301.85,25279.8,25281.7,25232.55159833772,,25256.725405024765,25274.53845879345,25118.2,25089.6,25146.800000000003,25303.850000000002,25432.300000000007,24989.75,24804.1,24675.649999999998,5752678
2026-01-28T10:45:00+05:30,25282.2,25285.8,25267.35,25281.15,25232.55159833772,,25259.051556927167,25275.86076703476,25118.2,25089.6,25146.800000000003,25303.850000000002,25432.300000000007,24989.75,24804.1,24675.649999999998,6104158
2026-01-28T10:50:00+05:30,25280.8,25298.6,25280.6,25296.3,25232.55159833772,,25262.599027696007,25279.948613627806,25118.2,25089.6,25146.800000000003,25303.850000000002,25432.300000000007,24989.75,24804.1,24675.649999999998,4991909
2026-01-28T10:55:00+05:30,25296.15,25307.35,25286.7,25298.75,25232.55159833772,,25266.041977439243,25283.708890902246,25118.2,25089.6,25146.800000000003,25303.850000000002,25432.300000000007,24989.75,24804.1,24675.649999999998,5558572
2026-01-28T11:00:00+05:30,25299.85,25322.45,25288.85,25321.1,25232.55159833772,,25271.285598635506,25291.187112721796,25118.2,25089.6,25146.800000000003,25303.850000000002,25432.300000000007,24989.75,24804.1,24675.649999999998,7248514
2026-01-28T11:05:00+05:30,25321,25330.6,25314.45,25321.15,25236.10116571699,,25276.034589241648,25297.179690177436,25118.2,25089.6,25146.800000000003,25303.850000000002,25432.300000000007,24989.75,24804.1,24675.649999999998,5982920
2026-01-28T11:10:00+05:30,25320.6,25326.7,25312.9,25325.6,25237.878549145295,,25280.75510455197,25302.863752141948,25118.2,25089.6,25146.800000000003,25303.850000000002,25432.300000000007,24989.75,24804.1,24675.649999999998,5404771
2026-01-28T11:15:00+05:30,25325.35,25328.6,25313.3,25322.55,25242.63069423076,,25284.735570785113,25306.801001713557,25118.2,25089.6,25146.800000000003,25303.850000000002,25432.300000000007,24989.75,24804.1,24675.649999999998,6648817
2026-01-28T11:20:00+05:30,25322.5,25339.15,25318.95,25337.9,25252.50262480769,,25289.79884975796,25313.020801370847,25118.2,25089.6,25146.800000000003,25303.850000000002,25432.300000000007,24989.75,24804.1,24675.649999999998,5364079
2026-01-28T11:25:00+05:30,25337.2,25351.05,25330.7,25336.95,25265.87736232692,,25294.2894354953,25317.80664109668,25118.2,25089.6,25146.800000000003,25303.850000000002,25432.300000000007,24989.75,24804.1,24675.649999999998,7535157
2026-01-28T11:30:00+05:30,25337.4,25343.95,25330.95,25337.8,25266.052126094226,,25298.43329878146,25321.805312877343,25118.2,25089.6,25146.800000000003,25303.850000000002,25432.300000000007,24989.75,24804.1,24675.649999999998,5223583
2026-01-28T11:35:00+05:30,25337.4,25338.1,25301.1,25309.4,25266.052126094226,,25299.477746516557,25319.324250301874,25118.2,25089.6,25146.800000000003,25303.850000000002,25432.300000000007,24989.75,24804.1,24675.649999999998,5195616
2026-01-28T11:40:00+05:30,25310.55,25310.55,25292.3,25292.5,25266.052126094226,,25298.813199229266,25313.9594002415,25118.2,25089.6,25146.800000000003,25303.850000000002,25432.300000000007,24989.75,24804.1,24675.649999999998,5460402
2026-01-28T11:45:00+05:30,25292.8,25320.95,25290.65,25316.5,25266.052126094226,,25300.497656445525,25314.4675201932,25118.2,25089.6,25146.800000000003,25303.850000000002,25432.300000000007,24989.75,24804.1,24675.649999999998,5336739
2026-01-28T11:50:00+05:30,25317.1,25321.9,25309,25314.6,25266.052126094226,,25301.840736784045,25314.49401615456,25118.2,25089.6,25146.800000000003,25303.850000000002,25432.300000000007,24989.75,24804.1,24675.649999999998,5995213
2026-01-28T11:55:00+05:30,25314.15,25322.45,25310.2,25321.8,25266.052126094226,,25303.74161899509,25315.955212923647,25118.2,25089.6,25146.800000000003,25303.850000000002,25432.300000000007,24989.75,24804.1,24675.649999999998,7976440
2026-01-28T12:00:00+05:30,25320.85,25332.25,25318.9,25328.75,25266.052126094226,,25306.123369566987,25318.514170338916,25118.2,25089.6,25146.800000000003,25303.850000000002,25432.300000000007,24989.75,24804.1,24675.649999999998,7631840
2026-01-28T12:05:00+05:30,25329.15,25339.5,25316.45,25317.5,25266.052126094226,,25307.206858179656,25318.311336271134,25118.2,25089.6,25146.800000000003,25303.850000000002,25432.300000000007,24989.75,24804.1,24675.649999999998,5706899
2026-01-28T12:10:00+05:30,25317.55,25319.35,25306.95,25313.8,25266.052126094226,,25307.83477644826,25317.409069016907,25118.2,25089.6,25146.800000000003,25303.850000000002,25432.300000000007,24989.75,24804.1,24675.649999999998,5558395
2026-01-28T12:15:00+05:30,25313.65,25318.05,25299.95,25302,25266.052126094226,,25307.279083453188,25314.327255213524,25118.2,25089.6,25146.800000000003,25303.850000000002,25432.300000000007,24989.75,24804.1,24675.649999999998,4457882
2026-01-28T12:20:00+05:30,25302.5,25309.95,25286.05,25286.1,25266.052126094226,,25305.262027886216,25308.681804170817,25118.2,25089.6,25146.800000000003,25303.850000000002,25432.300000000007,24989.75,24804.1,24675.649999999998,5559730
2026-01-28T12:25:00+05:30,25286.6,25290.2,25269,25271.8,25266.052126094226,,25302.07516808753,25301.305443336652,25118.2,25089.6,25146.800000000003,25303.850000000002,25432.300000000007,24989.75,24804.1,24675.649999999998,5043179
2026-01-28T12:30:00+05:30,25272,25286.2,25269.05,25279.5,25266.052126094226,,25299.92515207919,25296.944354669322,25118.2,25089.6,25146.800000000003,25303.850000000002,25432.300000000007,24989.75,24804.1,24675.649999999998,5795233
2026-01-28T12:35:00+05:30,25280.25,25285.95,25271.1,25274.9,25266.052126094226,,25297.541804262124,25292.535483735457,25118.2,25089.6,25146.800000000003,25303.850000000002,25432.300000000007,24989.75,24804.1,24675.649999999998,4009169
2026-01-28T12:40:00+05:30,25274.65,25277.85,25258.95,25275.35,25266.052126094226,,25295.428299094303,25289.098386988364,25118.2,25089.6,25146.800000000003,25303.850000000002,25432.300000000007,24989.75,24804.1,24675.649999999998,6198053
2026-01-28T12:45:00+05:30,25275.6,25281.05,25263.05,25265.1,,25328.129402850627,25292.53988965675,25284.29870959069,25118.2,25089.6,25146.800000000003,25303.850000000002,25432.300000000007,24989.75,24804.1,24675.649999999998,5130267
2026-01-28T12:50:00+05:30,25264.4,25279.45,25261,25265.4,,25328.129402850627,25289.95513826087,25280.518967672553,25118.2,25089.6,25146.800000000003,25303.850000000002,25432.300000000007,24989.75,24804.1,24675.649999999998,4065523
2026-01-28T12:55:00+05:30,25265.15,25268.35,25257.05,25258.1,,25318.988234678105,25286.921315569358,25276.035174138044,25118.2,25089.6,25146.800000000003,25303.850000000002,25432.300000000007,24989.75,24804.1,24675.649999999998,3261850
2026-01-28T13:00:00+05:30,25258.3,25269.15,25252.05,25262.25,,25316.389411210297,25284.571666467513,25273.278139310434,25118.2,25089.6,25146.800000000003,25303.850000000002,25432.300000000007,24989.75,24804.1,24675.649999999998,14308675
2026-01-28T13:05:00+05:30,25262.4,25267.15,25256.35,25260.05,,25315.20047008927,25282.236269661083,25270.632511448348,25118.2,25089.6,25146.800000000003,25303.850000000002,25432.300000000007,24989.75,24804.1,24675.649999999998,3346500
2026-01-28T13:10:00+05:30,25260.9,25279.7,25256.85,25276.25,,25315.20047008927,25281.66614874098,25271.75600915868,25118.2,25089.6,25146.800000000003,25303.850000000002,25432.300000000007,24989.75,24804.1,24675.649999999998,3863794
2026-01-28T13:15:00+05:30,25276.6,25291.3,25268.8,25278.55,,25315.20047008927,25281.36937267041,25273.114807326943,25118.2,25089.6,25146.800000000003,25303.850000000002,25432.300000000007,24989.75,24804.1,24675.649999999998,5045039
2026-01-28T13:20:00+05:30,25278.5,25280.15,25213.55,25238.3,,25315.20047008927,25277.26752765418,25266.151845861554,25118.2,25089.6,25146.800000000003,25303.850000000002,25432.300000000007,24989.75,24804.1,24675.649999999998,7045974
2026-01-28T13:25:00+05:30,25239.25,25252.55,25227.85,25238.65,,25311.12564842557,25273.589667877593,25260.651476689243,25118.2,25089.6,25146.800000000003,25303.850000000002,25432.300000000007,24989.75,24804.1,24675.649999999998,4624428
2026-01-28T13:30:00+05:30,25238.35,25251.5,25232.8,25232.8,,25311.12564842557,25269.704937603536,25255.081181351394,25118.2,25089.6,25146.800000000003,25303.850000000002,25432.300000000007,24989.75,24804.1,24675.649999999998,5963578
2026-01-28T13:35:00+05:30,25233,25234.9,25225.85,25232.4,,25295.588775224714,25266.1520864032,25250.544945081114,25118.2,25089.6,25146.800000000003,25303.850000000002,25432.300000000007,24989.75,24804.1,24675.649999999998,5042047
2026-01-28T13:40:00+05:30,25232,25240.8,25207,25208.35,,25292.732397702242,25260.64712579337,25242.10595606489,25118.2,25089.6,25146.800000000003,25303.850000000002,25432.300000000007,24989.75,24804.1,24675.649999999998,4919076
2026-01-28T13:45:00+05:30,25207.35,25213.45,25191.25,25198.8,,25270.959157932015,25254.75692333686,25233.444764851913,25118.2,25089.6,25146.800000000003,25303.850000000002,25432.300000000007,24989.75,24804.1,24675.649999999998,3484632
2026-01-28T13:50:00+05:30,25199.05,25220.85,25187.65,25218.85,,25270.959157932015,25251.337216352396,25230.52581188153,25118.2,25089.6,25146.800000000003,25303.850000000002,25432.300000000007,24989.75,24804.1,24675.649999999998,5130848
2026-01-28T13:55:00+05:30,25219.05,25234.2,25216.9,25231.3,,25270.959157932015,25249.42891003312,25230.680649505222,25118.2,25089.6,25146.800000000003,25303.850000000002,25432.300000000007,24989.75,24804.1,24675.649999999998,3564999
2026-01-28T14:00:00+05:30,25232.25,25242.8,25224.6,25235.5,,25270.959157932015,25248.102347172822,25231.64451960418,25118.2,25089.6,25146.800000000003,25303.850000000002,25432.300000000007,24989.75,24804.1,24675.649999999998,4570283
2026-01-28T14:05:00+05:30,25235.8,25237.45,25221.7,25223.8,,25270.959157932015,25245.78783791827,25230.07561568334,25118.2,25089.6,25146.800000000003,25303.850000000002,25432.300000000007,24989.75,24804.1,24675.649999999998,9610836
2026-01-28T14:10:00+05:30,25223.95,25233.55,25205.15,25209.05,,25270.959157932015,25242.288996211766,25225.870492546674,25118.2,25089.6,25146.800000000003,25303.850000000002,25432.300000000007,24989.75,24804.1,24675.649999999998,6438980
2026-01-28T14:15:00+05:30,25208.65,25226.45,25201.1,25226.35,,25270.959157932015,25240.77099657255,25225.96639403734,25118.2,25089.6,25146.800000000003,25303.850000000002,25432.300000000007,24989.75,24804.1,24675.649999999998,6689602
2026-01-28T14:20:00+05:30,25226.4,25232.15,25211,25219.1,,25270.959157932015,25238.70709213707,25224.593115229873,25118.2,25089.6,25146.800000000003,25303.850000000002,25432.300000000007,24989.75,24804.1,24675.649999999998,8055498
2026-01-28T14:25:00+05:30,25219.8,25239.6,25216.35,25235.15,,25270.959157932015,25238.368321457347,25226.704492183897,25118.2,25089.6,25146.800000000003,25303.850000000002,25432.300000000007,24989.75,24804.1,24675.649999999998,8236496
2026-01-28T14:30:00+05:30,25235,25250.7,25224.3,25224.3,,25270.959157932015,25237.02848131855,25226.223593747116,25118.2,25089.6,25146.800000000003,25303.850000000002,25432.300000000007,24989.75,24804.1,24675.649999999998,10514778
2026-01-28T14:35:00+05:30,25223.55,25240.6,25218.95,25236.75,,25270.959157932015,25237.001959288213,25228.328874997693,25118.2,25089.6,25146.800000000003,25303.850000000002,25432.300000000007,24989.75,24804.1,24675.649999999998,6915952
2026-01-28T14:40:00+05:30,25237.65,25253.2,25232.8,25251.55,,25270.959157932015,25238.38748697505,25232.973099998155,25118.2,25089.6,25146.800000000003,25303.850000000002,25432.300000000007,24989.75,24804.1,24675.649999999998,6772009
2026-01-28T14:45:00+05:30,25252.05,25280.85,25251.2,25280.5,25195.685994305546,,25242.398202501237,25242.478479998525,25118.2,25089.6,25146.800000000003,25303.850000000002,25432.300000000007,24989.75,24804.1,24675.649999999998,7417675
2026-01-28T14:50:00+05:30,25280.9,25309.55,25278,25307.2,25221.00489487499,,25248.569802263024,25255.42278399882,25118.2,25089.6,25146.800000000003,25303.850000000002,25432.300000000007,24989.75,24804.1,24675.649999999998,12732273
2026-01-28T14:55:00+05:30,25307.75,25329.05,25307.75,25320.7,25246.35190538749,,25255.43934490464,25268.478227199055,25118.2,25089.6,25146.800000000003,25303.850000000002,25432.300000000007,24989.75,24804.1,24675.649999999998,11033260
2026-01-28T15:00:00+05:30,25320.8,25344.5,25320.8,25334.35,25260.666714848743,,25262.954645389913,25281.652581759245,25118.2,25089.6,25146.800000000003,25303.850000000002,25432.300000000007,24989.75,24804.1,24675.649999999998,16467503
2026-01-28T15:05:00+05:30,25333.6,25344.1,25323.2,25333.2,25262.59504336387,,25269.644679162302,25291.962065407395,25118.2,25089.6,25146.800000000003,25303.850000000002,25432.300000000007,24989.75,24804.1,24675.649999999998,12844752
2026-01-28T15:10:00+05:30,25334.65,25334.65,25322.5,25329.65,25262.59504336387,,25275.359471623036,25299.499652325918,25118.2,25089.6,25146.800000000003,25303.850000000002,25432.300000000007,24989.75,24804.1,24675.649999999998,12519330
2026-01-28T15:15:00+05:30,25329.75,25356.45,25329.75,25350.55,25274.224985124732,,25282.520474325604,25309.709721860734,25118.2,25089.6,25146.800000000003,25303.850000000002,25432.300000000007,24989.75,24804.1,24675.649999999998,13447986
2026-01-28T15:20:00+05:30,25352.3,25357.9,25346.4,25351.6,25286.71248661226,,25289.099476770785,25318.08777748859,25118.2,25089.6,25146.800000000003,25303.850000000002,25432.300000000007,24989.75,24804.1,24675.649999999998,13300591
2026-01-28T15:25:00+05:30,25350.5,25358.4,25341,25348.05,25286.71248661226,,25294.713812316426,25324.08022199087,25118.2,25089.6,25146.800000000003,25303.850000000002,25432.300000000007,24989.75,24804.1,24675.649999999998,11618865
2026-01-29T09:15:00+05:30,25354.85,25359.35,25248.55,25280.55,,25366.545105125013,25293.364877810098,25315.374177592694,25300.833333333332,25279.875,25321.791666666664,25414.016666666663,25485.283333333333,25229.566666666666,25116.383333333335,25045.11666666667,22949944
2026-01-29T09:20:00+05:30,25281.3,25285.45,25252.4,25275.85,,25360.688147259665,25291.696794209136,25307.469342074153,25300.833333333332,25279.875,25321.791666666664,25414.016666666663,25485.283333333333,25229.566666666666,25116.383333333335,25045.11666666667,12077504
2026-01-29T09:25:00+05:30,25275.05,25304.6,25271.6,25272.6,,25360.688147259665,25289.878051903503,25300.49547365932,25300.833333333332,25279.875,25321.791666666664,25414.016666666663,25485.283333333333,25229.566666666666,25116.383333333335,25045.11666666667,12110759
2026-01-29T09:30:00+05:30,25270.7,25282.25,25252.3,25280.55,,25359.498149280327,25288.989666007932,25296.506378927457,25300.833333333332,25279.875,25321.791666666664,25414.016666666663,25485.283333333333,25229.566666666666,25116.383333333335,25045.11666666667,10399453
2026-01-29T09:35:00+05:30,25279,25279.1,25215.4,25225.7,,25349.795834352295,25282.96207876908,25282.345103141965,25300.833333333332,25279.875,25321.791666666664,25414.016666666663,25485.283333333333,25229.566666666666,25116.383333333335,25045.11666666667,10485958
2026-01-29T09:40:00+05:30,25225.9,25241.65,25207.8,25210.7,,25327.171250917065,25276.079976029167,25268.01608251357,25300.833333333332,25279.875,25321.791666666664,25414.016666666663,25485.283333333333,25229.566666666666,25116.383333333335,25045.11666666667,10047863
2026-01-29T09:45:00+05:30,25209,25232.8,25204.25,25229.1,,25319.29162582536,25271.605692597816,25260.232866010858,25300.833333333332,25279.875,25321.791666666664,25414.016666666663,25485.283333333333,25229.566666666666,25116.383333333335,25045.11666666667,7822278
2026-01-29T09:50:00+05:30,25227.45,25238.35,25175.75,25180.7,,25316.51996324282,25262.9480075885,25244.326292808688,25300.833333333332,25279.875,25321.791666666664,25414.016666666663,25485.283333333333,25229.566666666666,25116.383333333335,25045.11666666667,8589428
2026-01-29T09:55:00+05:30,25181.45,25192.15,25159.8,25184.85,,25284.20296691854,25255.510102103883,25232.43103424695,25300.833333333332,25279.875,25321.791666666664,25414.016666666663,25485.283333333333,25229.566666666666,25116.383333333335,25045.11666666667,7286290
2026-01-29T10:00:00+05:30,25185.3,25197.9,25167.05,25193,,25284.20296691854,25249.55675904637,25224.54482739756,25300.833333333332,25279.875,25321.791666666664,25414.016666666663,25485.283333333333,25229.566666666666,25116.383333333335,25045.11666666667,6410962
2026-01-29T10:05:00+05:30,25192.85,25200.05,25172.9,25190.7,,25284.20296691854,25243.951353422905,25217.77586191805,25300.833333333332,25279.875,25321.791666666664,25414.016666666663,25485.283333333333,25229.566666666666,25116.383333333335,25045.11666666667,7219425
2026-01-29T10:10:00+05:30,25190.4,25214.35,25178.85,25211.65,,25284.20296691854,25240.875034049295,25216.55068953444,25300.833333333332,25279.875,25321.791666666664,25414.016666666663,25485.283333333333,25229.566666666666,25116.383333333335,25045.11666666667,5279505
2026-01-29T10:15:00+05:30,25210.35,25228.85,25205.4,25210.85,,25284.20296691854,25238.01550699698,25215.410551627552,25300.833333333332,25279.875,25321.791666666664,25414.016666666663,25485.283333333333,25229.566666666666,25116.383333333335,25045.11666666667,5301534
2026-01-29T10:20:00+05:30,25211.25,25218.3,25167.65,25213.3,,25284.20296691854,25235.661649187743,25214.98844130204,25300.833333333332,25279.875,25321.791666666664,25414.016666666663,25485.283333333333,25229.566666666666,25116.383333333335,25045.11666666667,8675859
2026-01-29T10:25:00+05:30,25211.85,25214.9,25179.2,25194.3,,25284.20296691854,25231.722444503197,25210.850753041632,25300.833333333332,25279.875,25321.791666666664,25414.016666666663,25485.283333333333,25229.566666666666,25116.383333333335,25045.11666666667,7113599
2026-01-29T10:30:00+05:30,25195.65,25218.5,25183.4,25212.45,,25284.20296691854,25229.88697359813,25211.170602433307,25300.833333333332,25279.875,25321.791666666664,25414.016666666663,25485.283333333333,25229.566666666666,25116.383333333335,25045.11666666667,6682228
2026-01-29T10:35:00+05:30,25213.1,25221.65,25186.4,25186.4,,25284.20296691854,25225.745357064978,25206.216481946645,25300.833333333332,25279.875,25321.791666666664,25414.016666666663,25485.283333333333,25229.566666666666,25116.383333333335,25045.11666666667,7262198
2026-01-29T10:40:00+05:30,25186.25,25204.95,25175.65,25190,,25284.20296691854,25222.341037344504,25202.973185557315,25300.833333333332,25279.875,25321.791666666664,25414.016666666663,25485.283333333333,25229.566666666666,25116.383333333335,25045.11666666667,7129503
2026-01-29T10:45:00+05:30,25191.05,25200.85,25184.5,25184.85,,25284.20296691854,25218.770462359313,25199.34854844585,25300.833333333332,25279.875,25321.791666666664,25414.016666666663,25485.283333333333,25229.566666666666,25116.383333333335,25045.11666666667,5147824
2026-01-29T10:50:00+05:30,25184.35,25227.95,25183.55,25224.05,,25284.20296691854,25219.27327546795,25204.28883875668,25300.833333333332,25279.875,25321.791666666664,25414.016666666663,25485.283333333333,25229.566666666666,25116.383333333335,25045.11666666667,4591446
2026-01-29T10:55:00+05:30,25223.95,25240.55,25218.6,25234,,25284.20296691854,25220.67582066148,25210.231071005346,25300.833333333332,25279.875,25321.791666666664,25414.016666666663,25485.283333333333,25229.566666666666,25116.383333333335,25045.11666666667,4944006
2026-01-29T11:00:00+05:30,25234.6,25247.15,25232.35,25238.4,,25284.20296691854,25222.363837741337,25215.864856804277,25300.833333333332,25279.875,25321.791666666664,25414.016666666663,25485.283333333333,25229.566666666666,25116.383333333335,25045.11666666667,4337987
2026-01-29T11:05:00+05:30,25238.55,25252.1,25230.1,25247.4,,25284.20296691854,25224.748234146926,25222.171885443422,25300.833333333332,25279.875,25321.791666666664,25414.016666666663,25485.283333333333,25229.566666666666,25116.383333333335,25045.11666666667,4655411
2026-01-29T11:10:00+05:30,25247.75,25258.95,25242.05,25257.8,,25284.20296691854,25227.896021371027,25229.29750835474,25300.833333333332,25279.875,25321.791666666664,25414.016666666663,25485.283333333333,25229.566666666666,25116.383333333335,25045.11666666667,4737157
2026-01-29T11:15:00+05:30,25257.95,25279.25,25257.2,25267.55,,25284.20296691854,25231.67259076426,25236.94800668379,25300.833333333332,25279.875,25321.791666666664,25414.016666666663,25485.283333333333,25229.566666666666,25116.383333333335,25045.11666666667,5572437
2026-01-29T11:20:00+05:30,25267.05,25296.9,25263.25,25287.5,25194.011399067982,,25236.98948688195,25247.05840534703,25300.833333333332,25279.875,25321.791666666664,25414.016666666663,25485.283333333333,25229.566666666666,25116.383333333335,25045.11666666667,8912935
2026-01-29T11:25:00+05:30,25287.75,25287.75,25261.25,25278.4,25194.011399067982,,25240.933345274145,25253.326724277624,25300.833333333332,25279.875,25321.791666666664,25414.016666666663,25485.283333333333,25229.566666666666,25116.383333333335,25045.11666666667,5603049
2026-01-29T11:30:00+05:30,25277.4,25295.2,25261.5,25262.8,25194.011399067982,,25243.015883819466,25255.2213794221,25300.833333333332,25279.875,25321.791666666664,25414.016666666663,25485.283333333333,25229.566666666666,25116.383333333335,25045.11666666667,5202294
2026-01-29T11:35:00+05:30,25262.85,25267.4,25249,25256.1,25194.011399067982,,25244.261990122373,25255.397103537678,25300.833333333332,25279.875,25321.791666666664,25414.016666666663,25485.283333333333,25229.566666666666,25116.383333333335,25045.11666666667,4617508
2026-01-29T11:40:00+05:30,25255.8,25276.75,25254.25,25269.45,25194.011399067982,,25246.660848205956,25258.207682830143,25300.833333333332,25279.875,25321.791666666664,25414.016666666663,25485.283333333333,25229.566666666666,25116.383333333335,25045.11666666667,3824031
2026-01-29T11:45:00+05:30,25270.2,25270.2,25249.15,25262.8,25194.011399067982,,25248.19791028158,25259.126146264116,25300.833333333332,25279.875,25321.791666666664,25414.016666666663,25485.283333333333,25229.566666666666,25116.383333333335,25045.11666666667,7349429
2026-01-29T11:50:00+05:30,25263,25274.9,25240,25244.25,25194.011399067982,,25247.82191882619,25256.15091701129,25300.833333333332,25279.875,25321.791666666664,25414.016666666663,25485.283333333333,25229.566666666666,25116.383333333335,25045.11666666667,5173867
2026-01-29T11:55:00+05:30,25243.95,25263.4,25243.55,25258.8,25194.011399067982,,25248.867450366553,25256.68073360903,25300.833333333332,25279.875,25321.791666666664,25414.016666666663,25485.283333333333,25229.566666666666,25116.383333333335,25045.11666666667,5859027
2026-01-29T12:00:00+05:30,25259.1,25268.8,25255.65,25265.5,25194.011399067982,,25250.451502712596,25258.444586887224,25300.833333333332,25279.875,25321.791666666664,25414.016666666663,25485.283333333333,25229.566666666666,25116.383333333335,25045.11666666667,6356399
2026-01-29T12:05:00+05:30,25265.6,25287.95,25259.9,25284.15,25196.84008834332,,25253.660883406636,25263.58566950978,25300.833333333332,25279.875,25321.791666666664,25414.016666666663,25485.283333333333,25229.566666666666,25116.383333333335,25045.11666666667,6119811
2026-01-29T12:10:00+05:30,25283.7,25286.55,25265,25280.75,25199.933579508986,,25256.24079927267,25267.018535607822,25300.833333333332,25279.875,25321.791666666664,25414.016666666663,25485.283333333333,25229.566666666666,25116.383333333335,25045.11666666667,4047627
2026-01-29T12:15:00+05:30,25280.4,25282.95,25267.1,25271.35,25202.012721558087,,25257.679770770512,25267.884828486258,25300.833333333332,25279.875,25321.791666666664,25414.016666666663,25485.283333333333,25229.566666666666,25116.383333333335,25045.11666666667,4618805
2026-01-29T12:20:00+05:30,25271.15,25290.15,25262.05,25288.3,25202.012721558087,,25260.59598307808,25271.967862789006,25300.833333333332,25279.875,25321.791666666664,25414.016666666663,25485.283333333333,25229.566666666666,25116.383333333335,25045.11666666667,4309175
2026-01-29T12:25:00+05:30,25289.15,25289.15,25268.2,25284.95,25205.663054462053,,25262.915413261122,25274.564290231207,25300.833333333332,25279.875,25321.791666666664,25414.016666666663,25485.283333333333,25229.566666666666,25116.383333333335,25045.11666666667,4575796
2026-01-29T12:30:00+05:30,25285.85,25309.05,25284.9,25297.3,25224.019249015844,,25266.190135807683,25279.111432184964,25300.833333333332,25279.875,25321.791666666664,25414.016666666663,25485.283333333333,25229.566666666666,25116.383333333335,25045.11666666667,4745534
2026-01-29T12:35:00+05:30,25297.9,25300.8,25286.7,25288.8,25224.019249015844,,25268.343456206952,25281.04914574797,25300.833333333332,25279.875,25321.791666666664,25414.016666666663,25485.283333333333,25229.566666666666,25116.383333333335,25045.11666666667,5224271
2026-01-29T12:40:00+05:30,25289.65,25297.15,25281.25,25282.5,25224.019249015844,,25269.691698472958,25281.339316598376,25300.833333333332,25279.875,25321.791666666664,25414.016666666663,25485.283333333333,25229.566666666666,25116.383333333335,25045.11666666667,4698835
2026-01-29T12:45:00+05:30,25282.3,25309.45,25276.45,25302.45,25224.019249015844,,25272.811536713627,25285.5614532787,25300.833333333332,25279.875,25321.791666666664,25414.016666666663,25485.283333333333,25229.566666666666,25116.383333333335,25045.11666666667,4142607
2026-01-29T12:50:00+05:30,25303.15,25332.6,25301.85,25329.25,25244.276361779295,,25278.186628455187,25294.29916262296,25300.833333333332,25279.875,25321.791666666664,25414.016666666663,25485.283333333333,25229.566666666666,25116.383333333335,25045.11666666667,4029660
2026-01-29T12:55:00+05:30,25330.05,25340.85,25317.05,25321.8,25256.156225601364,,25282.340282888028,25299.79933009837,25300.833333333332,25279.875,25321.791666666664,25414.016666666663,25485.283333333333,25229.566666666666,25116.383333333335,25045.11666666667,4458735
2026-01-29T13:00:00+05:30,25322.25,25351.65,25321,25351.3,25261.61560304123,,25288.90787499393,25310.099464078696,25300.833333333332,25279.875,25321.791666666664,25414.016666666663,25485.283333333333,25229.566666666666,25116.383333333335,25045.11666666667,5913804
2026-01-29T13:05:00+05:30,25351.65,25368.15,25349.35,25356.85,25285.871542737106,,25295.378553565937,25319.449571262958,25300.833333333332,25279.875,25321.791666666664,25414.016666666663,25485.283333333333,25229.566666666666,25116.383333333335,25045.11666666667,5418288
2026-01-29T13:10:00+05:30,25357.15,25364,25345.25,25353.65,25285.871542737106,,25300.928215131087,25326.289657010366,25300.833333333332,25279.875,25321.791666666664,25414.016666666663,25485.283333333333,25229.566666666666,25116.383333333335,25045.11666666667,4807419
2026-01-29T13:15:00+05:30,25353.45,25356.4,25334.75,25338.3,25285.871542737106,,25304.48743273765,25328.691725608292,25300.833333333332,25279.875,25321.791666666664,25414.016666666663,25485.283333333333,25229.566666666666,25116.383333333335,25045.11666666667,4271885
2026-01-29T13:20:00+05:30,25338.25,25347.4,25335.75,25345.45,25285.871542737106,,25308.388629619778,25332.043380486633,25300.833333333332,25279.875,25321.791666666664,25414.016666666663,25485.283333333333,25229.566666666666,25116.383333333335,25045.11666666667,3816841
2026-01-29T13:25:00+05:30,25345.75,25350.5,25328.3,25336.75,25285.871542737106,,25311.089712513134,25332.984704389306,25300.833333333332,25279.875,25321.791666666664,25414.016666666663,25485.283333333333,25229.566666666666,25116.383333333335,25045.11666666667,4773510
2026-01-29T13:30:00+05:30,25337.15,25380.05,25333.45,25374.05,25285.871542737106,,25317.085930369027,25341.197763511445,25300.833333333332,25279.875,25321.791666666664,25414.016666666663,25485.283333333333,25229.566666666666,25116.383333333335,25045.11666666667,6187441
2026-01-29T13:35:00+05:30,25374.3,25390.05,25371.85,25388.7,25308.652069043746,,25323.90631795293,25350.698210809158,25300.833333333332,25279.875,25321.791666666664,25414.016666666663,25485.283333333333,25229.566666666666,25116.383333333335,25045.11666666667,5457029
2026-01-29T13:40:00+05:30,25387.8,25404.1,25380.3,25402.5,25319.991862139374,,25331.39143052884,25361.058568647328,25300.833333333332,25279.875,25321.791666666664,25414.016666666663,25485.283333333333,25229.566666666666,25116.383333333335,25045.11666666667,6205082
2026-01-29T13:45:00+05:30,25403.45,25431.4,25400.05,25419.5,25341.332675925434,,25339.78272285943,25372.746854917863,25300.833333333332,25279.875,25321.791666666664,25414.016666666663,25485.283333333333,25229.566666666666,25116.383333333335,25045.11666666667,9381503
2026-01-29T13:50:00+05:30,25419.15,25426.1,25414.9,25421.4,25350.186908332893,,25347.555796872817,25382.47748393429,25300.833333333332,25279.875,25321.791666666664,25414.016666666663,25485.283333333333,25229.566666666666,25116.383333333335,25045.11666666667,5083381
2026-01-29T13:55:00+05:30,25421.15,25431.9,25416.4,25430.9,25356.218217499605,,25355.493340027788,25392.161987147432,25300.833333333332,25279.875,25321.791666666664,25414.016666666663,25485.283333333333,25229.566666666666,25116.383333333335,25045.11666666667,6132701
2026-01-29T14:00:00+05:30,25430.05,25437.3,25416.5,25416.9,25359.521395749645,,25361.341593358477,25397.109589717948,25300.833333333332,25279.875,25321.791666666664,25414.016666666663,25485.283333333333,25229.566666666666,25116.383333333335,25045.11666666667,7943583
2026-01-29T14:05:00+05:30,25416.95,25416.95,25383.65,25384.9,25359.521395749645,,25363.58525113386,25394.667671774358,25300.833333333332,25279.875,25321.791666666664,25414.016666666663,25485.283333333333,25229.566666666666,25116.383333333335,25045.11666666667,8656692
2026-01-29T14:10:00+05:30,25385.1,25420.85,25384.3,25412.9,25359.521395749645,,25368.281893883017,25398.314137419486,25300.833333333332,25279.875,25321.791666666664,25414.016666666663,25485.283333333333,25229.566666666666,25116.383333333335,25045.11666666667,7312543
2026-01-29T14:15:00+05:30,25413.3,25420.05,25400.35,25401.85,25359.521395749645,,25371.478856370348,25399.02130993559,25300.833333333332,25279.875,25321.791666666664,25414.016666666663,25485.283333333333,25229.566666666666,25116.383333333335,25045.11666666667,5570910
2026-01-29T14:20:00+05:30,25402.55,25410.8,25398.65,25409.85,25359.521395749645,,25375.133251001742,25401.18704794847,25300.833333333332,25279.875,25321.791666666664,25414.016666666663,25485.283333333333,25229.566666666666,25116.383333333335,25045.11666666667,6376568
2026-01-29T14:25:00+05:30,25409.95,25431,25408.6,25430.95,25359.521395749645,,25380.44913185872,25407.139638358778,25300.833333333332,25279.875,25321.791666666664,25414.016666666663,25485.283333333333,25229.566666666666,25116.383333333335,25045.11666666667,5826618
2026-01-29T14:30:00+05:30,25431.15,25454.7,25430.7,25448,25373.290275578587,,25386.882547872177,25415.311710687023,25300.833333333332,25279.875,25321.791666666664,25414.016666666663,25485.283333333333,25229.566666666666,25116.383333333335,25045.11666666667,8383941
2026-01-29T14:35:00+05:30,25447.6,25451.25,25434.95,25441.75,25375.741248020728,,25392.108019503397,25420.599368549618,25300.833333333332,25279.875,25321.791666666664,25414.016666666663,25485.283333333333,25229.566666666666,25116.383333333335,25045.11666666667,8540397
2026-01-29T14:40:00+05:30,25441.25,25444.45,25430.65,25440.25,25375.741248020728,,25396.692970026885,25424.529494839695,25300.833333333332,25279.875,25321.791666666664,25414.016666666663,25485.283333333333,25229.566666666666,25116.383333333335,25045.11666666667,6893344
2026-01-29T14:45:00+05:30,25439.7,25455.45,25436.2,25451.2,25381.76341089679,,25401.88411573861,25429.863595871757,25300.833333333332,25279.875,25321.791666666664,25414.016666666663,25485.283333333333,25229.566666666666,25116.383333333335,25045.11666666667,7565506
2026-01-29T14:50:00+05:30,25451.5,25458.15,25440.05,25444.85,25386.01456980711,,25405.976104715883,25432.860876697407,25300.833333333332,25279.875,25321.791666666664,25414.016666666663,25485.283333333333,25229.566666666666,25116.383333333335,25045.11666666667,9902014
2026-01-29T14:55:00+05:30,25444.8,25444.8,25429.95,25434.8,25386.01456980711,,25408.721237600083,25433.248701357927,25300.833333333332,25279.875,25321.791666666664,25414.016666666663,25485.283333333333,25229.566666666666,25116.383333333335,25045.11666666667,9129100
2026-01-29T15:00:00+05:30,25436.95,25445.9,25408,25419.4,25386.01456980711,,25409.738262590552,25430.47896108634,25300.833333333332,25279.875,25321.791666666664,25414.016666666663,25485.283333333333,25229.566666666666,25116.383333333335,25045.11666666667,22041686
2026-01-29T15:05:00+05:30,25420,25433.85,25408,25421.45,25386.01456980711,,25410.853666153358,25428.673168869074,25300.833333333332,25279.875,25321.791666666664,25414.016666666663,25485.283333333333,25229.566666666666,25116.383333333335,25045.11666666667,17193893
2026-01-29T15:10:00+05:30,25423,25428.35,25407.6,25407.6,25386.01456980711,,25410.54379318637,25424.45853509526,25300.833333333332,25279.875,25321.791666666664,25414.016666666663,25485.283333333333,25229.566666666666,25116.383333333335,25045.11666666667,16663069
2026-01-29T15:15:00+05:30,25407.65,25431.65,25405.1,25421.55,25386.01456980711,,25411.592003359096,25423.876828076205,25300.833333333332,25279.875,25321.791666666664,25414.016666666663,25485.283333333333,25229.566666666666,25116.383333333335,25045.11666666667,21730998
2026-01-29T15:20:00+05:30,25421.5,25427.7,25408.7,25412.45,25386.01456980711,,25411.673717324895,25421.591462460965,25300.833333333332,25279.875,25321.791666666664,25414.016666666663,25485.283333333333,25229.566666666666,25116.383333333335,25045.11666666667,23990602
2026-01-29T15:25:00+05:30,25413.85,25425.95,25405.7,25422.1,25386.01456980711,,25412.666696627286,25421.69316996877,25300.833333333332,25279.875,25321.791666666664,25414.016666666663,25485.283333333333,25229.566666666666,25116.383333333335,25045.11666666667,15871394
2026-01-30T09:15:00+05:30,25271.3,25285.95,25224.35,25259.3,,25374.366137889785,25398.060344567544,25389.214535975017,25345.61666666667,25308.975,25382.25833333334,25531.433333333338,25643.96666666667,25233.083333333336,25047.266666666666,24934.733333333334,21712559
2026-01-30T09:20:00+05:30,25257.8,25266,25234.2,25238.85,,25366.934524100805,25382.89745460873,25359.141628780013,25345.61666666667,25308.975,25382.25833333334,25531.433333333338,25643.96666666667,25233.083333333336,25047.266666666666,24934.733333333334,9414815
2026-01-30T09:25:00+05:30,25236.15,25280.6,25230.65,25242,,25366.934524100805,25369.478649407898,25335.71330302401,25345.61666666667,25308.975,25382.25833333334,25531.433333333338,25643.96666666667,25233.083333333336,25047.266666666666,24934.733333333334,9094154
2026-01-30T09:30:00+05:30,25242.5,25261.9,25218.95,25261.4,,25361.432464521655,25359.185444702383,25320.85064241921,25345.61666666667,25308.975,25382.25833333334,25531.433333333338,25643.96666666667,25233.083333333336,25047.266666666666,24934.733333333334,7358916
2026-01-30T09:35:00+05:30,25261.2,25308.8,25261.2,25290.65,,25361.432464521655,25352.658259492633,25314.81051393537,25345.61666666667,25308.975,25382.25833333334,25531.433333333338,25643.96666666667,25233.083333333336,25047.266666666666,24934.733333333334,6943593
2026-01-30T09:40:00+05:30,25291.05,25304.55,25268.8,25292.25,,25361.432464521655,25346.905091921904,25310.298411148295,25345.61666666667,25308.975,25382.25833333334,25531.433333333338,25643.96666666667,25233.083333333336,25047.266666666666,24934.733333333334,5504176
2026-01-30T09:45:00+05:30,25291.75,25308.05,25280.95,25305.55,,25361.432464521655,25342.966511738865,25309.348728918634,25345.61666666667,25308.975,25382.25833333334,25531.433333333338,25643.96666666667,25233.083333333336,25047.266666666666,24934.733333333334,5723953
2026-01-30T09:50:00+05:30,25303.65,25323.15,25298.2,25316.45,,25361.432464521655,25340.441129668496,25310.76898313491,25345.61666666667,25308.975,25382.25833333334,25531.433333333338,25643.96666666667,25233.083333333336,25047.266666666666,24934.733333333334,5624445
2026-01-30T09:55:00+05:30,25316.3,25317.55,25274.35,25283.4,,25361.432464521655,25335.00864112864,25305.295186507927,25345.61666666667,25308.975,25382.25833333334,25531.433333333338,25643.96666666667,25233.083333333336,25047.266666666666,24934.733333333334,10505035
2026-01-30T10:00:00+05:30,25283.95,25315.95,25279.95,25288.6,,25361.432464521655,25330.58877054496,25301.95614920634,25345.61666666667,25308.975,25382.25833333334,25531.433333333338,25643.96666666667,25233.083333333336,25047.266666666666,24934.733333333334,6643031
2026-01-30T10:05:00+05:30,25288.1,25288.9,25266.45,25282.65,,25361.432464521655,25326.023173350204,25298.094919365074,25345.61666666667,25308.975,25382.25833333334,25531.433333333338,25643.96666666667,25233.083333333336,25047.266666666666,24934.733333333334,5697512
2026-01-30T10:10:00+05:30,25282.55,25315.75,25275.45,25314.3,,25361.432464521655,25324.906680650183,25301.335935492058,25345.61666666667,25308.975,25382.25833333334,25531.433333333338,25643.96666666667,25233.083333333336,25047.266666666666,24934.733333333334,5789339
2026-01-30T10:15:00+05:30,25315.8,25319.65,25303.35,25303.35,,25361.432464521655,25322.853663445403,25301.738748393647,25345.61666666667,25308.975,25382.25833333334,25531.433333333338,25643.96666666667,25233.083333333336,25047.266666666666,24934.733333333334,5450844
2026-01-30T10:20:00+05:30,25303.25,25304.35,25274.5,25279.3,,25361.432464521655,25318.70569549822,25297.250998714917,25345.61666666667,25308.975,25382.25833333334,25531.433333333338,25643.96666666667,25233.083333333336,25047.266666666666,24934.733333333334,10065801
2026-01-30T10:25:00+05:30,25279.75,25281.4,25268.95,25279.6,,25361.432464521655,25314.98134354601,25293.72079897193,25345.61666666667,25308.975,25382.25833333334,25531.433333333338,25643.96666666667,25233.083333333336,25047.266666666666,24934.733333333334,5489036
2026-01-30T10:30:00+05:30,25279.95,25299.95,25273.45,25292.05,,25361.432464521655,25312.797406065438,25293.386639177545,25345.61666666667,25308.975,25382.25833333334,25531.433333333338,25643.96666666667,25233.083333333336,25047.266666666666,24934.733333333334,6087343
2026-01-30T10:35:00+05:30,25291.55,25302,25282,25301.25,,25361.432464521655,25311.697653106825,25294.959311342034,25345.61666666667,25308.975,25382.25833333334,25531.433333333338,25643.96666666667,25233.083333333336,25047.266666666666,24934.733333333334,3315707
2026-01-30T10:40:00+05:30,25300.9,25311.6,25295.9,25302.1,,25361.432464521655,25310.783590906176,25296.387449073627,25345.61666666667,25308.975,25382.25833333334,25531.433333333338,25643.96666666667,25233.083333333336,25047.266666666666,24934.733333333334,4041497
2026-01-30T10:45:00+05:30,25301.05,25312.65,25297.25,25297.6,,25361.432464521655,25309.528010819875,25296.629959258902,25345.61666666667,25308.975,25382.25833333334,25531.433333333338,25643.96666666667,25233.083333333336,25047.266666666666,24934.733333333334,4531912
2026-01-30T10:50:00+05:30,25297.75,25298.5,25284.3,25296.8,,25361.432464521655,25308.31581931322,25296.663967407123,25345.61666666667,25308.975,25382.25833333334,25531.433333333338,25643.96666666667,25233.083333333336,25047.266666666666,24934.733333333334,3404998
2026-01-30T10:55:00+05:30,25296.25,25306.5,25295.15,25302.05,,25361.432464521655,25307.71907461672,25297.741173925697,25345.61666666667,25308.975,25382.25833333334,25531.433333333338,25643.96666666667,25233.083333333336,25047.266666666666,24934.733333333334,3060035
2026-01-30T11:00:00+05:30,25302.4,25309.2,25298.95,25300.45,,25361.432464521655,25307.02678179608,25298.282939140558,25345.61666666667,25308.975,25382.25833333334,25531.433333333338,25643.96666666667,25233.083333333336,25047.266666666666,24934.733333333334,3182041
2026-01-30T11:05:00+05:30,25300.65,25300.65,25262,25263.1,,25355.86884356375,25302.843278767883,25291.246351312446,25345.61666666667,25308.975,25382.25833333334,25531.433333333338,25643.96666666667,25233.083333333336,25047.266666666666,24934.733333333334,4393242
2026-01-30T11:10:00+05:30,25262.85,25267.35,25247.1,25255.45,,25330.38945920737,25298.329633170943,25284.08708104996,25345.61666666667,25308.975,25382.25833333334,25531.433333333338,25643.96666666667,25233.083333333336,25047.266666666666,24934.733333333334,5915262
2026-01-30T11:15:00+05:30,25255.35,25260.05,25246.45,25252.35,,25323.178013286637,25293.950620487994,25277.739664839966,25345.61666666667,25308.975,25382.25833333334,25531.433333333338,25643.96666666667,25233.083333333336,25047.266666666666,24934.733333333334,4764361
2026-01-30T11:20:00+05:30,25252.45,25263.8,25244,25263.5,,25322.775211957975,25291.0505613939,25274.891731871972,25345.61666666667,25308.975,25382.25833333334,25531.433333333338,25643.96666666667,25233.083333333336,25047.266666666666,24934.733333333334,4381125
2026-01-30T11:25:00+05:30,25263.25,25282.85,25256.6,25258.95,,25322.775211957975,25287.99336507067,25271.703385497578,25345.61666666667,25308.975,25382.25833333334,25531.433333333338,25643.96666666667,25233.083333333336,25047.266666666666,24934.733333333334,3870492
2026-01-30T11:30:00+05:30,25257.55,25261.75,25232,25245.85,,25318.676421685956,25283.979711254415,25266.532708398063,25345.61666666667,25308.975,25382.25833333334,25531.433333333338,25643.96666666667,25233.083333333336,25047.266666666666,24934.733333333334,3735567
2026-01-30T11:35:00+05:30,25245.3,25274.95,25242.95,25274.05,,25318.676421685956,25283.03402446828,25268.03616671845,25345.61666666667,25308.975,25382.25833333334,25531.433333333338,25643.96666666667,25233.083333333336,25047.266666666666,24934.733333333334,3979021
2026-01-30T11:40:00+05:30,25273.95,25280.35,25269.65,25272.45,,25318.676421685956,25282.02602213797,25268.91893337476,25345.61666666667,25308.975,25382.25833333334,25531.433333333338,25643.96666666667,25233.083333333336,25047.266666666666,24934.733333333334,3434261
2026-01-30T11:45:00+05:30,25271.85,25275.4,25256.3,25261.7,,25318.676421685956,25280.09021050578,25267.47514669981,25345.61666666667,25308.975,25382.25833333334,25531.433333333338,25643.96666666667,25233.083333333336,25047.266666666666,24934.733333333334,4421558
2026-01-30T11:50:00+05:30,25260.5,25294,25259.6,25287.4,,25318.676421685956,25280.7863809338,25271.46011735985,25345.61666666667,25308.975,25382.25833333334,25531.433333333338,25643.96666666667,25233.083333333336,25047.266666666666,24934.733333333334,4569743
2026-01-30T11:55:00+05:30,25287.7,25293.35,25257.65,25261.4,,25318.676421685956,25278.940058940105,25269.44809388788,25345.61666666667,25308.975,25382.25833333334,25531.433333333338,25643.96666666667,25233.083333333336,25047.266666666666,24934.733333333334,4366408
2026-01-30T12:00:00+05:30,25262,25265.35,25248.85,25258.35,,25318.676421685956,25276.97910094581,25267.228475110303,25345.61666666667,25308.975,25382.25833333334,25531.433333333338,25643.96666666667,25233.083333333336,25047.266666666666,24934.733333333334,4934750
2026-01-30T12:05:00+05:30,25258.15,25271,25253.8,25268.6,,25318.676421685956,25276.181091331924,25267.50278008824,25345.61666666667,25308.975,25382.25833333334,25531.433333333338,25643.96666666667,25233.083333333336,25047.266666666666,24934.733333333334,4979597
2026-01-30T12:10:00+05:30,25269.1,25294.85,25268.25,25294.7,,25318.676421685956,25277.94479691936,25272.942224070594,25345.61666666667,25308.975,25382.25833333334,25531.433333333338,25643.96666666667,25233.083333333336,25047.266666666666,24934.733333333334,4703984
2026-01-30T12:15:00+05:30,25293.65,25301.8,25270.6,25274.6,,25318.676421685956,25277.6262448318,25273.273779256473,25345.61666666667,25308.975,25382.25833333334,25531.433333333338,25643.96666666667,25233.083333333336,25047.266666666666,24934.733333333334,3765182
2026-01-30T12:20:00+05:30,25275.25,25311.95,25275.25,25306.95,,25318.676421685956,25280.418983419248,25280.00902340518,25345.61666666667,25308.975,25382.25833333334,25531.433333333338,25643.96666666667,25233.083333333336,25047.266666666666,24934.733333333334,4325933
2026-01-30T12:25:00+05:30,25306.75,25316.6,25288.95,25294.05,,25318.676421685956,25281.717175474558,25282.817218724143,25345.61666666667,25308.975,25382.25833333334,25531.433333333338,25643.96666666667,25233.083333333336,25047.266666666666,24934.733333333334,2977723
2026-01-30T12:30:00+05:30,25293.8,25309.1,25291.2,25295.35,,25318.676421685956,25283.015539715077,25285.323774979315,25345.61666666667,25308.975,25382.25833333334,25531.433333333338,25643.96666666667,25233.083333333336,25047.266666666666,24934.733333333334,3553467
2026-01-30T12:35:00+05:30,25296.45,25304.8,25281.45,25300.05,,25318.676421685956,25284.637869266022,25288.26901998345,25345.61666666667,25308.975,25382.25833333334,25531.433333333338,25643.96666666667,25233.083333333336,25047.266666666666,24934.733333333334,3608360
2026-01-30T12:40:00+05:30,25299.9,25309.85,25288.8,25293.55,,25318.676421685956,25285.48664362164,25289.32521598676,25345.61666666667,25308.975,25382.25833333334,25531.433333333338,25643.96666666667,25233.083333333336,25047.266666666666,24934.733333333334,5619277
2026-01-30T12:45:00+05:30,25293.7,25300.85,25290.15,25293,,25318.676421685956,25286.20220137196,25290.060172789406,25345.61666666667,25308.975,25382.25833333334,25531.433333333338,25643.96666666667,25233.083333333336,25047.266666666666,24934.733333333334,4169942
2026-01-30T12:50:00+05:30,25293.1,25299.7,25285.2,25298.2,,25318.676421685956,25287.344848860346,25291.688138231526,25345.61666666667,25308.975,25382.25833333334,25531.433333333338,25643.96666666667,25233.083333333336,25047.266666666666,24934.733333333334,3315106
2026-01-30T12:55:00+05:30,25298.3,25303.3,25288.3,25302.65,,25318.676421685956,25288.802482302217,25293.880510585223,25345.61666666667,25308.975,25382.25833333334,25531.433333333338,25643.96666666667,25233.083333333336,25047.266666666666,24934.733333333334,4042074
2026-01-30T13:00:00+05:30,25303.75,25306.15,25274.65,25276.95,,25318.676421685956,25287.67367446391,25290.494408468177,25345.61666666667,25308.975,25382.25833333334,25531.433333333338,25643.96666666667,25233.083333333336,25047.266666666666,24934.733333333334,4173961
2026-01-30T13:05:00+05:30,25276.6,25277.6,25243.25,25243.75,,25318.676421685956,25283.490467372107,25281.14552677454,25345.61666666667,25308.975,25382.25833333334,25531.433333333338,25643.96666666667,25233.083333333336,25047.266666666666,24934.733333333334,5079381
2026-01-30T13:10:00+05:30,25243.9,25260.25,25238.5,25247.05,,25318.676421685956,25280.01994667,25274.32642141963,25345.61666666667,25308.975,25382.25833333334,25531.433333333338,25643.96666666667,25233.083333333336,25047.266666666666,24934.733333333334,4790905
2026-01-30T13:15:00+05:30,25247.4,25247.5,25213.65,25232.6,,25304.484921540752,25275.503761272856,25265.981137135706,25345.61666666667,25308.975,25382.25833333334,25531.433333333338,25643.96666666667,25233.083333333336,25047.266666666666,24934.733333333334,5365137
2026-01-30T13:20:00+05:30,25232.55,25238,25227,25229.8,,25302.318929386678,25271.15102210401,25258.744909708566,25345.61666666667,25308.975,25382.25833333334,25531.433333333338,25643.96666666667,25233.083333333336,25047.266666666666,24934.733333333334,3992061
2026-01-30T13:25:00+05:30,25229.95,25239.95,25228.6,25230.5,,25300.51703644801,25267.279496189345,25253.09592776685,25345.61666666667,25308.975,25382.25833333334,25531.433333333338,25643.96666666667,25233.083333333336,25047.266666666666,24934.733333333334,2793256
2026-01-30T13:30:00+05:30,25229.55,25254.65,25229.55,25254.3,,25300.51703644801,25266.04335369512,25253.33674221348,25345.61666666667,25308.975,25382.25833333334,25531.433333333338,25643.96666666667,25233.083333333336,25047.266666666666,24934.733333333334,3660613
2026-01-30T13:35:00+05:30,25254.9,25270.05,25251.9,25269.85,,25300.51703644801,25266.40589143844,25256.639393770783,25345.61666666667,25308.975,25382.25833333334,25531.433333333338,25643.96666666667,25233.083333333336,25047.266666666666,24934.733333333334,3173995
2026-01-30T13:40:00+05:30,25270.2,25306.5,25269.8,25301.2,25217.8497554294,,25269.71961606335,25265.55151501663,25345.61666666667,25308.975,25382.25833333334,25531.433333333338,25643.96666666667,25233.083333333336,25047.266666666666,24934.733333333334,3965656
2026-01-30T13:45:00+05:30,25302.05,25313.1,25284.9,25299.2,25227.26977988646,,25272.527271676365,25272.281212013302,25345.61666666667,25308.975,25382.25833333334,25531.433333333338,25643.96666666667,25233.083333333336,25047.266666666666,24934.733333333334,5077911
2026-01-30T13:50:00+05:30,25297.45,25339.5,25295.65,25329.6,25239.862801897816,,25277.96276961195,25283.74496961064,25345.61666666667,25308.975,25382.25833333334,25531.433333333338,25643.96666666667,25233.083333333336,25047.266666666666,24934.733333333334,5454133
2026-01-30T13:55:00+05:30,25331.15,25344.9,25322.75,25342.65,25257.239021708036,,25284.123458220336,25295.525975688513,25345.61666666667,25308.975,25382.25833333334,25531.433333333338,25643.96666666667,25233.083333333336,25047.266666666666,24934.733333333334,3792305
2026-01-30T14:00:00+05:30,25343.8,25353,25331.7,25338.8,25267.03261953723,,25289.33074791364,25304.18078055081,25345.61666666667,25308.975,25382.25833333334,25531.433333333338,25643.96666666667,25233.083333333336,25047.266666666666,24934.733333333334,4311744
2026-01-30T14:05:00+05:30,25338.95,25365.65,25338.55,25365.65,25276.184357583505,,25296.59924811234,25316.47462444065,25345.61666666667,25308.975,25382.25833333334,25531.433333333338,25643.96666666667,25233.083333333336,25047.266666666666,24934.733333333334,3791263
2026-01-30T14:10:00+05:30,25366.7,25370.7,25344.1,25352.45,25281.095921825156,,25301.918367339735,25323.66969955252,25345.61666666667,25308.975,25382.25833333334,25531.433333333338,25643.96666666667,25233.083333333336,25047.266666666666,24934.733333333334,4590219
2026-01-30T14:15:00+05:30,25353.5,25356.45,25344.1,25353.15,25281.095921825156,,25306.797570450235,25329.565759642017,25345.61666666667,25308.975,25382.25833333334,25531.433333333338,25643.96666666667,25233.083333333336,25047.266666666666,24934.733333333334,4197651
2026-01-30T14:20:00+05:30,25352.6,25356.35,25336.5,25346.75,25281.095921825156,,25310.60256374069,25333.002607713614,25345.61666666667,25308.975,25382.25833333334,25531.433333333338,25643.96666666667,25233.083333333336,25047.266666666666,24934.733333333334,3528228
2026-01-30T14:25:00+05:30,25348.15,25348.3,25326.35,25336.1,25281.095921825156,,25313.03089100348,25333.62208617089,25345.61666666667,25308.975,25382.25833333334,25531.433333333338,25643.96666666667,25233.083333333336,25047.266666666666,24934.733333333334,3854407
2026-01-30T14:30:00+05:30,25335.45,25341.5,25320.55,25322.5,25281.095921825156,,25313.93271090791,25331.397668936712,25345.61666666667,25308.975,25382.25833333334,25531.433333333338,25643.96666666667,25233.083333333336,25047.266666666666,24934.733333333334,4617977
2026-01-30T14:35:00+05:30,25322.05,25348.65,25320.05,25344.85,25281.095921825156,,25316.877214630964,25334.08813514937,25345.61666666667,25308.975,25382.25833333334,25531.433333333338,25643.96666666667,25233.083333333336,25047.266666666666,24934.733333333334,5531790
2026-01-30T14:40:00+05:30,25344.8,25350.3,25303.95,25311.6,25281.095921825156,,25316.37462276135,25329.590508119494,25345.61666666667,25308.975,25382.25833333334,25531.433333333338,25643.96666666667,25233.083333333336,25047.266666666666,24934.733333333334,6626648
2026-01-30T14:45:00+05:30,25310.15,25351.95,25302.2,25348.3,25281.095921825156,,25319.415134879317,25333.332406495596,25345.61666666667,25308.975,25382.25833333334,25531.433333333338,25643.96666666667,25233.083333333336,25047.266666666666,24934.733333333334,7039790
2026-01-30T14:50:00+05:30,25347.3,25357.8,25343.15,25352.45,25281.095921825156,,25322.561312509857,25337.155925196475,25345.61666666667,25308.975,25382.25833333334,25531.433333333338,25643.96666666667,25233.083333333336,25047.266666666666,24934.733333333334,7955427
2026-01-30T14:55:00+05:30,25351.65,25368.8,25340.35,25352.45,25281.095921825156,,25325.407854175584,25340.214740157182,25345.61666666667,25308.975,25382.25833333334,25531.433333333338,25643.96666666667,25233.083333333336,25047.266666666666,24934.733333333334,7272459
2026-01-30T15:00:00+05:30,25353.65,25354.2,25293.3,25314.05,25281.095921825156,,25324.32615377791,25334.981792125745,25345.61666666667,25308.975,25382.25833333334,25531.433333333338,25643.96666666667,25233.083333333336,25047.266666666666,24934.733333333334,25897565
2026-01-30T15:05:00+05:30,25314.35,25324.5,25306.5,25320.9,25281.095921825156,,25323.99985341811,25332.165433700597,25345.61666666667,25308.975,25382.25833333334,25531.433333333338,25643.96666666667,25233.083333333336,25047.266666666666,24934.733333333334,22843571
2026-01-30T15:10:00+05:30,25322,25333.85,25318.2,25319.7,25281.095921825156,,25323.590343568765,25329.672346960477,25345.61666666667,25308.975,25382.25833333334,25531.433333333338,25643.96666666667,25233.083333333336,25047.266666666666,24934.733333333334,22798496
2026-01-30T15:15:00+05:30,25321,25343.9,25316.45,25324.45,25281.095921825156,,25323.672215609837,25328.627877568382,25345.61666666667,25308.975,25382.25833333334,25531.433333333338,25643.96666666667,25233.083333333336,25047.266666666666,24934.733333333334,25516445
2026-01-30T15:20:00+05:30,25325.15,25327.25,25311.05,25313.25,25281.095921825156,,25322.679623646996,25325.552302054704,25345.61666666667,25308.975,25382.25833333334,25531.433333333338,25643.96666666667,25233.083333333336,25047.266666666666,24934.733333333334,25956481
2026-01-30T15:25:00+05:30,25313.85,25337.65,25309.6,25315.8,25281.095921825156,,25322.0244213949,25323.601841643762,25345.61666666667,25308.975,25382.25833333334,25531.433333333338,25643.96666666667,25233.083333333336,25047.266666666666,24934.733333333334,20833452
2026-02-01T09:15:00+05:30,25329.75,25342.55,25252.3,25282.8,25281.095921825156,,25318.288762214434,25315.441473315008,25301.666666666668,25292.175000000003,25311.158333333333,25389.683333333334,25458.716666666667,25232.633333333335,25144.61666666667,25075.583333333336,9184218
2026-02-01T09:20:00+05:30,25282.35,25303.95,25272.25,25300.55,25281.095921825156,,25316.59935628925,25312.463178652008,25301.666666666668,25292.175000000003,25311.158333333333,25389.683333333334,25458.716666666667,25232.633333333335,25144.61666666667,25075.583333333336,6753963
2026-02-01T09:25:00+05:30,25300.05,25323.55,25287.65,25320.4,25281.095921825156,,25316.961322356943,25314.050542921606,25301.666666666668,25292.175000000003,25311.158333333333,25389.683333333334,25458.716666666667,25232.633333333335,25144.61666666667,25075.583333333336,5737777
2026-02-01T09:30:00+05:30,25319.85,25322.15,25296.7,25309.75,25281.095921825156,,25316.27452975152,25313.190434337284,25301.666666666668,25292.175000000003,25311.158333333333,25389.683333333334,25458.716666666667,25232.633333333335,25144.61666666667,25075.583333333336,3759377
2026-02-01T09:35:00+05:30,25309.4,25321.35,25301.2,25311.2,25281.095921825156,,25315.79124120376,25312.79234746983,25301.666666666668,25292.175000000003,25311.158333333333,25389.683333333334,25458.716666666667,25232.633333333335,25144.61666666667,25075.583333333336,3085978
2026-02-01T09:40:00+05:30,25308.95,25335.1,25301.6,25333.35,25281.095921825156,,25317.46350394626,25316.903877975863,25301.666666666668,25292.175000000003,25311.158333333333,25389.683333333334,25458.716666666667,25232.633333333335,25144.61666666667,25075.583333333336,2897144
2026-02-01T09:45:00+05:30,25332.6,25346.85,25324.9,25334.7,25281.095921825156,,25319.105074998995,25320.46310238069,25301.666666666668,25292.175000000003,25311.158333333333,25389.683333333334,25458.716666666667,25232.633333333335,25144.61666666667,25075.583333333336,3094966
2026-02-01T09:50:00+05:30,25333.55,25337.75,25264.85,25319.6,25281.095921825156,,25319.152210713375,25320.29048190455,25301.666666666668,25292.175000000003,25311.158333333333,25389.683333333334,25458.716666666667,25232.633333333335,25144.61666666667,25075.583333333336,5278002
2026-02-01T09:55:00+05:30,25318.45,25331.4,25310.55,25321.5,25281.095921825156,,25319.375809693054,25320.532385523642,25301.666666666668,25292.175000000003,25311.158333333333,25389.683333333334,25458.716666666667,25232.633333333335,25144.61666666667,25075.583333333336,3257379
2026-02-01T10:00:00+05:30,25321.95,25337.9,25316.2,25324.4,25281.095921825156,,25319.854304008,25321.305908418915,25301.666666666668,25292.175000000003,25311.158333333333,25389.683333333334,25458.716666666667,25232.633333333335,25144.61666666667,25075.583333333336,2057682
2026-02-01T10:05:00+05:30,25324.5,25337,25321,25330.1,25281.095921825156,,25320.830084578665,25323.06472673513,25301.666666666668,25292.175000000003,25311.158333333333,25389.683333333334,25458.716666666667,25232.633333333335,25144.61666666667,25075.583333333336,2314628
2026-02-01T10:10:00+05:30,25330.2,25352.25,25327.25,25351,25281.095921825156,,25323.703409856887,25328.651781388104,25301.666666666668,25292.175000000003,25311.158333333333,25389.683333333334,25458.716666666667,25232.633333333335,25144.61666666667,25075.583333333336,2703286
2026-02-01T10:15:00+05:30,25350.9,25361.2,25338.6,25347.15,25281.095921825156,,25325.936418441946,25332.351425110483,25301.666666666668,25292.175000000003,25311.158333333333,25389.683333333334,25458.716666666667,25232.633333333335,25144.61666666667,25075.583333333336,3046117
2026-02-01T10:20:00+05:30,25346.9,25373.2,25346.5,25372.25,25281.095921825156,,25330.34723573319,25340.331140088387,25301.666666666668,25292.175000000003,25311.158333333333,25389.683333333334,25458.716666666667,25232.633333333335,25144.61666666667,25075.583333333336,2431281
2026-02-01T10:25:00+05:30,25370.25,25376.4,25363.9,25368.25,25287.98268917328,,25333.95702280622,25345.914912070708,25301.666666666668,25292.175000000003,25311.158333333333,25389.683333333334,25458.716666666667,25232.633333333335,25144.61666666667,25075.583333333336,2115256
2026-02-01T10:30:00+05:30,25369.3,25375.2,25354.85,25375.2,25287.98268917328,,25337.8849253961,25351.771929656566,25301.666666666668,25292.175000000003,25311.158333333333,25389.683333333334,25458.716666666667,25232.633333333335,25144.61666666667,25075.583333333336,1749365
2026-02-01T10:35:00+05:30,25375.45,25387.55,25372.45,25375.65,25303.41997823036,,25341.481599167902,25356.547543725253,25301.666666666668,25292.175000000003,25311.158333333333,25389.683333333334,25458.716666666667,25232.633333333335,25144.61666666667,25075.583333333336,1881908
2026-02-01T10:40:00+05:30,25376.4,25382.25,25364.4,25371.3,25303.41997823036,,25344.321446866197,25359.498034980203,25301.666666666668,25292.175000000003,25311.158333333333,25389.683333333334,25458.716666666667,25232.633333333335,25144.61666666667,25075.583333333336,2248108
2026-02-01T10:45:00+05:30,25370.7,25376.65,25360.3,25369.4,25303.41997823036,,25346.709880497987,25361.478427984162,25301.666666666668,25292.175000000003,25311.158333333333,25389.683333333334,25458.716666666667,25232.633333333335,25144.61666666667,25075.583333333336,2188366
2026-02-01T10:50:00+05:30,25369.05,25378.75,25359.7,25375.15,25303.41997823036,,25349.418463307702,25364.21274238733,25301.666666666668,25292.175000000003,25311.158333333333,25389.683333333334,25458.716666666667,25232.633333333335,25144.61666666667,25075.583333333336,1391379
2026-02-01T10:55:00+05:30,25377,25385.8,25369.6,25383,25309.575502716933,,25352.616704897446,25367.970193909867,25301.666666666668,25292.175000000003,25311.158333333333,25389.683333333334,25458.716666666667,25232.633333333335,25144.61666666667,25075.583333333336,2359802
2026-02-01T11:00:00+05:30,25383.75,25387.05,25348.9,25364.5,25309.575502716933,,25353.748447288166,25367.276155127893,25301.666666666668,25292.175000000003,25311.158333333333,25389.683333333334,25458.716666666667,25232.633333333335,25144.61666666667,25075.583333333336,2451319
2026-02-01T11:05:00+05:30,25365.1,25440.9,25362.9,25417.55,25313.018657200722,,25359.824785641675,25377.330924102313,25301.666666666668,25292.175000000003,25311.158333333333,25389.683333333334,25458.716666666667,25232.633333333335,25144.61666666667,25075.583333333336,3190255
2026-02-01T11:10:00+05:30,25415.85,25439.45,25401.55,25411,25329.136791480647,,25364.698615580564,25384.06473928185,25301.666666666668,25292.175000000003,25311.158333333333,25389.683333333334,25458.716666666667,25232.633333333335,25144.61666666667,25075.583333333336,8231623
2026-02-01T11:15:00+05:30,25410.1,25412.35,25382.95,25383.75,25329.136791480647,,25366.51303314432,25384.00179142548,25301.666666666668,25292.175000000003,25311.158333333333,25389.683333333334,25458.716666666667,25232.633333333335,25144.61666666667,25075.583333333336,4375693
2026-02-01T11:20:00+05:30,25385.05,25386.85,25356.25,25369.4,25329.136791480647,,25366.78798236867,25381.08143314038,25301.666666666668,25292.175000000003,25311.158333333333,25389.683333333334,25458.716666666667,25232.633333333335,25144.61666666667,25075.583333333336,3494979
2026-02-01T11:25:00+05:30,25370.65,25402.75,25368.8,25386.4,25329.136791480647,,25368.655793571656,25382.145146512306,25301.666666666668,25292.175000000003,25311.158333333333,25389.683333333334,25458.716666666667,25232.633333333335,25144.61666666667,25075.583333333336,3070271
2026-02-01T11:30:00+05:30,25385.9,25402.15,25372.7,25387.05,25329.136791480647,,25370.40762275531,25383.126117209846,25301.666666666668,25292.175000000003,25311.158333333333,25389.683333333334,25458.716666666667,25232.633333333335,25144.61666666667,25075.583333333336,2761215
2026-02-01T11:35:00+05:30,25386.1,25392.1,25365.95,25365.95,25329.136791480647,,25369.983087254805,25379.690893767878,25301.666666666668,25292.175000000003,25311.158333333333,25389.683333333334,25458.716666666667,25232.633333333335,25144.61666666667,25075.583333333336,2764029
2026-02-01T11:40:00+05:30,25365.15,25367.7,25302,25311.55,,25435.986989698733,25364.418031325775,25366.0627150143,25301.666666666668,25292.175000000003,25311.158333333333,25389.683333333334,25458.716666666667,25232.633333333335,25144.61666666667,25075.583333333336,4489586
2026-02-01T11:45:00+05:30,25311.45,25312.5,25282.1,25300.6,,25397.443290728857,25358.340123580463,25352.97017201144,25301.666666666668,25292.175000000003,25311.158333333333,25389.683333333334,25458.716666666667,25232.633333333335,25144.61666666667,25075.583333333336,3367486
2026-02-01T11:50:00+05:30,25299.25,25328.9,25279.75,25289.3,,25397.443290728857,25351.764873715656,25340.23613760915,25301.666666666668,25292.175000000003,25311.158333333333,25389.683333333334,25458.716666666667,25232.633333333335,25144.61666666667,25075.583333333336,3116499
2026-02-01T11:55:00+05:30,25289.2,25312.45,25268,25279.85,,25397.443290728857,25344.91583812369,25328.15891008732,25301.666666666668,25292.175000000003,25311.158333333333,25389.683333333334,25458.716666666667,25232.633333333335,25144.61666666667,25075.583333333336,4620368
2026-02-01T12:00:00+05:30,25279.6,25281,25236.9,25251.85,,25369.12940894134,25336.05242496905,25312.897128069857,25301.666666666668,25292.175000000003,25311.158333333333,25389.683333333334,25458.716666666667,25232.633333333335,25144.61666666667,25075.583333333336,5359055
2026-02-01T12:05:00+05:30,25253.45,25353.8,25239.7,25349.65,,25369.12940894134,25337.347432114853,25320.247702455887,25301.666666666668,25292.175000000003,25311.158333333333,25389.683333333334,25458.716666666667,25232.633333333335,25144.61666666667,25075.583333333336,5545325
2026-02-01T12:10:00+05:30,25348.25,25385.95,25203.4,25223.55,,25369.12940894134,25326.509581437247,25300.908161964708,25301.666666666668,25292.175000000003,25311.158333333333,25389.683333333334,25458.716666666667,25232.633333333335,25144.61666666667,25075.583333333336,5898667
2026-02-01T12:15:00+05:30,25226.75,25244.8,25080.7,25084.65,,25369.12940894134,25303.47533558608,25257.656529571766,25301.666666666668,25292.175000000003,25311.158333333333,25389.683333333334,25458.716666666667,25232.633333333335,25144.61666666667,25075.583333333336,5794854
2026-02-01T12:20:00+05:30,25084.7,25104.05,25025.15,25030.3,,25274.17903020641,25277.458636958836,25212.185223657412,25301.666666666668,25292.175000000003,25311.158333333333,25389.683333333334,25458.716666666667,25232.633333333335,25144.61666666667,25075.583333333336,8144532
2026-02-01T12:25:00+05:30,25029.1,25075.45,24906.25,24906.45,,25230.23112718577,25242.124481057996,25151.03817892593,25301.666666666668,25292.175000000003,25311.158333333333,25389.683333333334,25458.716666666667,25232.633333333335,25144.61666666667,25075.583333333336,11438118
2026-02-01T12:30:00+05:30,24902.7,24905.1,24571.75,24834.45,,25054.278014467192,25203.298340004854,25087.720543140746,25301.666666666668,25292.175000000003,25311.158333333333,25389.683333333334,25458.716666666667,25232.633333333335,25144.61666666667,25075.583333333336,20341263
2026-02-01T12:35:00+05:30,24833.05,25015.15,24827.95,25009.95,,25054.278014467192,25184.884212385343,25072.166434512597,25301.666666666668,25292.175000000003,25311.158333333333,25389.683333333334,25458.716666666667,25232.633333333335,25144.61666666667,25075.583333333336,14563275
2026-02-01T12:40:00+05:30,25009.45,25058.7,24955.15,25013.15,,25054.278014467192,25168.528573110547,25060.363147610078,25301.666666666668,25292.175000000003,25311.158333333333,25389.683333333334,25458.716666666667,25232.633333333335,25144.61666666667,25075.583333333336,11484104
2026-02-01T12:45:00+05:30,25005.4,25070.3,24954.7,24971.9,,25054.278014467192,25149.802042338113,25042.670518088064,25301.666666666668,25292.175000000003,25311.158333333333,25389.683333333334,25458.716666666667,25232.633333333335,25144.61666666667,25075.583333333336,9162543
2026-02-01T12:50:00+05:30,24973,25028.55,24949.15,25025.8,,25054.278014467192,25137.992324020197,25039.29641447045,25301.666666666668,25292.175000000003,25311.158333333333,25389.683333333334,25458.716666666667,25232.633333333335,25144.61666666667,25075.583333333336,7344753
2026-02-01T12:55:00+05:30,25027.55,25096.5,25026.4,25075.9,24744.71019248727,,25132.078769351607,25046.61713157636,25301.666666666668,25292.175000000003,25311.158333333333,25389.683333333334,25458.716666666667,25232.633333333335,25144.61666666667,25075.583333333336,5093186
2026-02-01T13:00:00+05:30,25074.15,25122.05,25055.75,25109.45,24783.944173238542,,25129.92364846098,25059.18370526109,25301.666666666668,25292.175000000003,25311.158333333333,25389.683333333334,25458.716666666667,25232.633333333335,25144.61666666667,25075.583333333336,5837401
2026-02-01T13:05:00+05:30,25107.4,25121.35,25080.05,25115.45,24813.849755914685,,25128.545205750408,25070.43696420887,25301.666666666668,25292.175000000003,25311.158333333333,25389.683333333334,25458.716666666667,25232.633333333335,25144.61666666667,25075.583333333336,6737094
2026-02-01T13:10:00+05:30,25114.5,25141.9,25063.6,25119.95,24821.09478032322,,25127.72661472656,25080.339571367098,25301.666666666668,25292.175000000003,25311.158333333333,25389.683333333334,25458.716666666667,25232.633333333335,25144.61666666667,25075.583333333336,5786492
2026-02-01T13:15:00+05:30,25121.15,25124.45,25090.85,25118.1,24844.0803022909,,25126.80979427641,25087.891657093678,25301.666666666668,25292.175000000003,25311.158333333333,25389.683333333334,25458.716666666667,25232.633333333335,25144.61666666667,25075.583333333336,4226853
2026-02-01T13:20:00+05:30,25118.5,25148.95,25118.5,25129.6,24887.257272061805,,25127.075528154848,25096.23332567494,25301.666666666668,25292.175000000003,25311.158333333333,25389.683333333334,25458.716666666667,25232.633333333335,25144.61666666667,25075.583333333336,4452573
2026-02-01T13:25:00+05:30,25128.5,25131.15,25066.9,25066.9,24887.257272061805,,25121.344525473432,25090.366660539952,25301.666666666668,25292.175000000003,25311.158333333333,25389.683333333334,25458.716666666667,25232.633333333335,25144.61666666667,25075.583333333336,4502630
2026-02-01T13:30:00+05:30,25065.6,25094.1,25031.1,25090.65,24887.257272061805,,25118.421237333107,25090.423328431963,25301.666666666668,25292.175000000003,25311.158333333333,25389.683333333334,25458.716666666667,25232.633333333335,25144.61666666667,25075.583333333336,4962178
2026-02-01T13:35:00+05:30,25089.75,25101.7,25049.55,25068.3,24887.257272061805,,25113.647786158526,25085.99866274557,25301.666666666668,25292.175000000003,25311.158333333333,25389.683333333334,25458.716666666667,25232.633333333335,25144.61666666667,25075.583333333336,3865622
2026-02-01T13:40:00+05:30,25068.05,25085.75,25047.35,25077.1,24887.257272061805,,25110.16704461962,25084.218930196454,25301.666666666668,25292.175000000003,25311.158333333333,25389.683333333334,25458.716666666667,25232.633333333335,25144.61666666667,25075.583333333336,3115541
2026-02-01T13:45:00+05:30,25078,25095.3,25052.7,25052.9,24887.257272061805,,25104.71304037013,25077.955144157164,25301.666666666668,25292.175000000003,25311.158333333333,25389.683333333334,25458.716666666667,25232.633333333335,25144.61666666667,25075.583333333336,3547352
2026-02-01T13:50:00+05:30,25053.2,25053.8,24985.3,24996.2,24887.257272061805,,25094.378465096786,25061.604115325732,25301.666666666668,25292.175000000003,25311.158333333333,25389.683333333334,25458.716666666667,25232.633333333335,25144.61666666667,25075.583333333336,5298211
2026-02-01T13:55:00+05:30,24995.55,25050.85,24993.5,25048.95,24887.257272061805,,25090.05194461138,25059.073292260586,25301.666666666668,25292.175000000003,25311.158333333333,25389.683333333334,25458.716666666667,25232.633333333335,25144.61666666667,25075.583333333336,3160595
2026-02-01T14:00:00+05:30,25047.1,25063.85,25027.75,25030.1,24887.257272061805,,25084.342235600772,25053.27863380847,25301.666666666668,25292.175000000003,25311.158333333333,25389.683333333334,25458.716666666667,25232.633333333335,25144.61666666667,25075.583333333336,3080185
2026-02-01T14:05:00+05:30,25030.4,25031.75,25004.65,25012.55,24887.257272061805,,25077.50487982927,25045.132907046776,25301.666666666668,25292.175000000003,25311.158333333333,25389.683333333334,25458.716666666667,25232.633333333335,25144.61666666667,25075.583333333336,3973447
2026-02-01T14:10:00+05:30,25011.75,25025.8,24983.55,25011.75,24887.257272061805,,25071.24251032172,25038.45632563742,25301.666666666668,25292.175000000003,25311.158333333333,25389.683333333334,25458.716666666667,25232.633333333335,25144.61666666667,25075.583333333336,4154206
2026-02-01T14:15:00+05:30,25012.3,25021.2,24991.3,25012.8,24887.257272061805,,25065.676556957747,25033.325060509935,25301.666666666668,25292.175000000003,25311.158333333333,25389.683333333334,25458.716666666667,25232.633333333335,25144.61666666667,25075.583333333336,3697592
2026-02-01T14:20:00+05:30,25013.65,25039.35,25000.4,25011.85,24887.257272061805,,25060.550218199867,25029.03004840795,25301.666666666668,25292.175000000003,25311.158333333333,25389.683333333334,25458.716666666667,25232.633333333335,25144.61666666667,25075.583333333336,3825986
2026-02-01T14:25:00+05:30,25013.35,25053.8,25013.35,25039.1,24887.257272061805,,25058.50734027607,25031.04403872636,25301.666666666668,25292.175000000003,25311.158333333333,25389.683333333334,25458.716666666667,25232.633333333335,25144.61666666667,25075.583333333336,2933491
2026-02-01T14:30:00+05:30,25038.45,25070.8,25026.9,25063.85,24891.903211972327,,25059.016165011682,25037.605230981088,25301.666666666668,25292.175000000003,25311.158333333333,25389.683333333334,25458.716666666667,25232.633333333335,25144.61666666667,25075.583333333336,3528469
2026-02-01T14:35:00+05:30,25064.1,25091.55,25046.75,25058.75,24914.4578907751,,25058.990815962952,25041.83418478487,25301.666666666668,25292.175000000003,25311.158333333333,25389.683333333334,25458.716666666667,25232.633333333335,25144.61666666667,25075.583333333336,2866477
2026-02-01T14:40:00+05:30,25057.95,25065.45,25034.85,25035.05,24914.4578907751,,25056.710738252194,25040.4773478279,25301.666666666668,25292.175000000003,25311.158333333333,25389.683333333334,25458.716666666667,25232.633333333335,25144.61666666667,25075.583333333336,2492114
2026-02-01T14:45:00+05:30,25033.7,25052,24965,24967.05,24914.4578907751,,25048.171620323414,25025.79187826232,25301.666666666668,25292.175000000003,25311.158333333333,25389.683333333334,25458.716666666667,25232.633333333335,25144.61666666667,25075.583333333336,5016163
2026-02-01T14:50:00+05:30,24967.1,24973.8,24928.6,24931.3,24914.4578907751,,25037.04098981642,25006.893502609855,25301.666666666668,25292.175000000003,25311.158333333333,25389.683333333334,25458.716666666667,25232.633333333335,25144.61666666667,25075.583333333336,5757389
2026-02-01T14:55:00+05:30,24932.8,24955.7,24912.45,24923.85,24914.4578907751,,25026.260895548192,24990.284802087885,25301.666666666668,25292.175000000003,25311.158333333333,25389.683333333334,25458.716666666667,25232.633333333335,25144.61666666667,25075.583333333336,5764783
2026-02-01T15:00:00+05:30,24923.9,24947.05,24905.45,24942.5,24914.4578907751,,25018.283667400745,24980.72784167031,25301.666666666668,25292.175000000003,25311.158333333333,25389.683333333334,25458.716666666667,25232.633333333335,25144.61666666667,25075.583333333336,5991686
2026-02-01T15:05:00+05:30,24942.45,24954.25,24874.9,24880.1,,25074.761627418593,25005.123318124482,24960.602273336248,25301.666666666668,25292.175000000003,25311.158333333333,25389.683333333334,25458.716666666667,25232.633333333335,25144.61666666667,25075.583333333336,6268174
2026-02-01T15:10:00+05:30,24880.5,24891.75,24847.45,24850.15,,25027.057964676733,24990.36395449358,24938.511818668998,25301.666666666668,25292.175000000003,25311.158333333333,25389.683333333334,25458.716666666667,25232.633333333335,25144.61666666667,25075.583333333336,6961294
2026-02-01T15:15:00+05:30,24849.4,24850.55,24784.55,24790.95,,24979.06216820906,24971.372149303716,24908.999454935198,25301.666666666668,25292.175000000003,25311.158333333333,25389.683333333334,25458.716666666667,25232.633333333335,25144.61666666667,25075.583333333336,9900161
2026-02-01T15:20:00+05:30,24791.05,24802.4,24750.75,24751,,24937.430951388156,24950.384325560506,24877.399563948158,25301.666666666668,25292.175000000003,25311.158333333333,25389.683333333334,25458.716666666667,25232.633333333335,25144.61666666667,25075.583333333336,10358886
2026-02-01T15:25:00+05:30,24749.95,24768,24721,24768,,24903.37035624934,24933.01438979284,24855.519651158527,25301.666666666668,25292.175000000003,25311.158333333333,25389.683333333334,25458.716666666667,25232.633333333335,25144.61666666667,25075.583333333336,10619585
2026-02-02T09:15:00+05:30,24813.15,24815.85,24726.85,24803.7,,24903.37035624934,24920.698733622092,24845.15572092682,24946.033333333336,24885.741666666672,25006.325,25320.316666666673,25815.183333333334,24451.16666666667,24076.883333333335,23582.01666666667,20551669
2026-02-02T09:20:00+05:30,24806.35,24884.7,24803.9,24876.3,,24903.37035624934,24916.47028280094,24851.384576741457,24946.033333333336,24885.741666666672,25006.325,25320.316666666673,25815.183333333334,24451.16666666667,24076.883333333335,23582.01666666667,12277876
2026-02-02T09:25:00+05:30,24875.8,24880,24818.15,24849.05,,24903.37035624934,24910.049303486565,24850.917661393167,24946.033333333336,24885.741666666672,25006.325,25320.316666666673,25815.183333333334,24451.16666666667,24076.883333333335,23582.01666666667,11340866
2026-02-02T09:30:00+05:30,24851.35,24918.55,24843.85,24889.55,,24903.37035624934,24908.096988868798,24858.644129114535,24946.033333333336,24885.741666666672,25006.325,25320.316666666673,25815.183333333334,24451.16666666667,24076.883333333335,23582.01666666667,9645702
2026-02-02T09:35:00+05:30,24889.6,24914.1,24854.4,24887.75,,24903.37035624934,24906.159180405102,24864.46530329163,24946.033333333336,24885.741666666672,25006.325,25320.316666666673,25815.183333333334,24451.16666666667,24076.883333333335,23582.01666666667,8753619
2026-02-02T09:40:00+05:30,24888.7,24907.2,24864.7,24865.05,,24903.37035624934,24902.24402036652,24864.582242633303,24946.033333333336,24885.741666666672,25006.325,25320.316666666673,25815.183333333334,24451.16666666667,24076.883333333335,23582.01666666667,5753966
2026-02-02T09:45:00+05:30,24867.1,24907.2,24850.45,24893.95,,24903.37035624934,24901.454113664946,24870.45579410664,24946.033333333336,24885.741666666672,25006.325,25320.316666666673,25815.183333333334,24451.16666666667,24076.883333333335,23582.01666666667,5915465
2026-02-02T09:50:00+05:30,24893.7,24942.95,24873.4,24937.5,24728.870844513644,,24904.887055220664,24883.864635285314,24946.033333333336,24885.741666666672,25006.325,25320.316666666673,25815.183333333334,24451.16666666667,24076.883333333335,23582.01666666667,6432988
2026-02-02T09:55:00+05:30,24936.15,24939.05,24857.8,24861.9,24728.870844513644,,24900.793049961554,24879.47170822825,24946.033333333336,24885.741666666672,25006.325,25320.316666666673,25815.183333333334,24451.16666666667,24076.883333333335,23582.01666666667,7782977
2026-02-02T10:00:00+05:30,24863.3,24865.9,24817.2,24817.2,24728.870844513644,,24892.831807108072,24867.0173665826,24946.033333333336,24885.741666666672,25006.325,25320.316666666673,25815.183333333334,24451.16666666667,24076.883333333335,23582.01666666667,7172690
2026-02-02T10:05:00+05:30,24816.65,24821.65,24795.7,24811,24728.870844513644,,24885.038301669207,24855.81389326608,24946.033333333336,24885.741666666672,25006.325,25320.316666666673,25815.183333333334,24451.16666666667,24076.883333333335,23582.01666666667,7391076
2026-02-02T10:10:00+05:30,24810.55,24849.8,24798.7,24826.75,24728.870844513644,,24879.48703484357,24850.001114612864,24946.033333333336,24885.741666666672,25006.325,25320.316666666673,25815.183333333334,24451.16666666667,24076.883333333335,23582.01666666667,4824750
2026-02-02T10:15:00+05:30,24826.15,24845.6,24809.95,24832.55,24728.870844513644,,24875.016841048942,24846.51089169029,24946.033333333336,24885.741666666672,25006.325,25320.316666666673,25815.183333333334,24451.16666666667,24076.883333333335,23582.01666666667,3981922
2026-02-02T10:20:00+05:30,24834.1,24842.55,24799.9,24814.85,24728.870844513644,,24869.286665710948,24840.17871335223,24946.033333333336,24885.741666666672,25006.325,25320.316666666673,25815.183333333334,24451.16666666667,24076.883333333335,23582.01666666667,4553831
2026-02-02T10:25:00+05:30,24814.7,24850.6,24810.1,24826.4,24728.870844513644,,24865.202221357526,24837.422970681786,24946.033333333336,24885.741666666672,25006.325,25320.316666666673,25815.183333333334,24451.16666666667,24076.883333333335,23582.01666666667,4389536
2026-02-02T10:30:00+05:30,24826,24865.35,24825.65,24859.8,24728.870844513644,,24864.68772408538,24841.89837654543,24946.033333333336,24885.741666666672,25006.325,25320.316666666673,25815.183333333334,24451.16666666667,24076.883333333335,23582.01666666667,3795805
2026-02-02T10:35:00+05:30,24859.3,24873.65,24839.35,24857,24728.870844513644,,24863.95555988677,24844.918701236344,24946.033333333336,24885.741666666672,25006.325,25320.316666666673,25815.183333333334,24451.16666666667,24076.883333333335,23582.01666666667,4153646
2026-02-02T10:40:00+05:30,24855.95,24872.2,24841.55,24847.1,24728.870844513644,,24862.35026846898,24845.354960989076,24946.033333333336,24885.741666666672,25006.325,25320.316666666673,25815.183333333334,24451.16666666667,24076.883333333335,23582.01666666667,3634272
2026-02-02T10:45:00+05:30,24846.9,24861.45,24836.6,24848.6,24728.870844513644,,24861.040719090983,24846.00396879126,24946.033333333336,24885.741666666672,25006.325,25320.316666666673,25815.183333333334,24451.16666666667,24076.883333333335,23582.01666666667,3177485
2026-02-02T10:50:00+05:30,24848.9,24864.35,24819.8,24822.65,24728.870844513644,,24857.384460129935,24841.33317503301,24946.033333333336,24885.741666666672,25006.325,25320.316666666673,25815.183333333334,24451.16666666667,24076.883333333335,23582.01666666667,3823486
2026-02-02T10:55:00+05:30,24822.6,24823.05,24769.15,24773.45,24728.870844513644,,24849.390702022323,24827.75654002641,24946.033333333336,24885.741666666672,25006.325,25320.316666666673,25815.183333333334,24451.16666666667,24076.883333333335,23582.01666666667,6066654
2026-02-02T11:00:00+05:30,24773,24773,24741.75,24750.6,24728.870844513644,,24839.982063734482,24812.32523202113,24946.033333333336,24885.741666666672,25006.325,25320.316666666673,25815.183333333334,24451.16666666667,24076.883333333335,23582.01666666667,7529132
2026-02-02T11:05:00+05:30,24749.75,24751.95,24702,24722.1,,24861.978397772134,24828.755200521675,24794.280185616903,24946.033333333336,24885.741666666672,25006.325,25320.316666666673,25815.183333333334,24451.16666666667,24076.883333333335,23582.01666666667,5757755
2026-02-02T11:10:00+05:30,24723,24740.85,24711.05,24728.35,,24856.39305799492,24819.192800471992,24781.09414849352,24946.033333333336,24885.741666666672,25006.325,25320.316666666673,25815.183333333334,24451.16666666667,24076.883333333335,23582.01666666667,5227792
2026-02-02T11:15:00+05:30,24728.45,24733.9,24704.45,24710.1,,24845.40875219543,24808.80300995085,24766.895318794817,24946.033333333336,24885.741666666672,25006.325,25320.316666666673,25815.183333333334,24451.16666666667,24076.883333333335,23582.01666666667,4123435
2026-02-02T11:20:00+05:30,24710,24718,24682.1,24687.2,,24824.430376975888,24797.221770907912,24750.956255035853,24946.033333333336,24885.741666666672,25006.325,25320.316666666673,25815.183333333334,24451.16666666667,24076.883333333335,23582.01666666667,4823932
2026-02-02T11:25:00+05:30,24686.75,24728.1,24679.4,24726.25,,24824.430376975888,24790.46255463097,24746.015004028683,24946.033333333336,24885.741666666672,25006.325,25320.316666666673,25815.183333333334,24451.16666666667,24076.883333333335,23582.01666666667,4520698
2026-02-02T11:30:00+05:30,24724.3,24829.3,24722.05,24827.15,24629.60289464953,,24793.95659704707,24762.242003222946,24946.033333333336,24885.741666666672,25006.325,25320.316666666673,25815.183333333334,24451.16666666667,24076.883333333335,23582.01666666667,5983339
2026-02-02T11:35:00+05:30,24826.75,24853.95,24794.55,24850.1,24674.96510518458,,24799.30358780449,24779.813602578357,24946.033333333336,24885.741666666672,25006.325,25320.316666666673,25815.183333333334,24451.16666666667,24076.883333333335,23582.01666666667,4771912
2026-02-02T11:40:00+05:30,24845.95,24869.7,24817.9,24868.3,24693.903594666124,,24805.874674680254,24797.510882062685,24946.033333333336,24885.741666666672,25006.325,25320.316666666673,25815.183333333334,24451.16666666667,24076.883333333335,23582.01666666667,3693768
2026-02-02T11:45:00+05:30,24868.4,24879.45,24857.6,24867.7,24727.06323519951,,24811.762800901182,24811.548705650148,24946.033333333336,24885.741666666672,25006.325,25320.316666666673,25815.183333333334,24451.16666666667,24076.883333333335,23582.01666666667,4044510
2026-02-02T11:50:00+05:30,24868.1,24879.95,24850.5,24867.15,24729.074411679554,,24817.037772243926,24822.66896452012,24946.033333333336,24885.741666666672,25006.325,25320.316666666673,25815.183333333334,24451.16666666667,24076.883333333335,23582.01666666667,4755331
2026-02-02T11:55:00+05:30,24866.65,24877.7,24852.2,24874.3,24734.764470511604,,24822.491317744505,24832.995171616094,24946.033333333336,24885.741666666672,25006.325,25320.316666666673,25815.183333333334,24451.16666666667,24076.883333333335,23582.01666666667,3739102
2026-02-02T12:00:00+05:30,24874.05,24878.8,24855.75,24861.35,24743.193023460444,,24826.19214462598,24838.666137292876,24946.033333333336,24885.741666666672,25006.325,25320.316666666673,25815.183333333334,24451.16666666667,24076.883333333335,23582.01666666667,3751140
2026-02-02T12:05:00+05:30,24861.1,24874.6,24853.75,24869.5,24746.246221114397,,24830.31670228065,24844.832909834302,24946.033333333336,24885.741666666672,25006.325,25320.316666666673,25815.183333333334,24451.16666666667,24076.883333333335,23582.01666666667,3322663
2026-02-02T12:10:00+05:30,24869.75,24914.05,24852.7,24910.65,24758.834099002957,,24837.967492539636,24857.99632786744,24946.033333333336,24885.741666666672,25006.325,25320.316666666673,25815.183333333334,24451.16666666667,24076.883333333335,23582.01666666667,3703438
2026-02-02T12:15:00+05:30,24910.45,24927.3,24890.6,24890.95,24785.853189102658,,24843.0134456311,24864.58706229395,24946.033333333336,24885.741666666672,25006.325,25320.316666666673,25815.183333333334,24451.16666666667,24076.883333333335,23582.01666666667,4552041
2026-02-02T12:20:00+05:30,24890.1,24899.9,24879.45,24896.85,24785.853189102658,,24848.140736523375,24871.039649835162,24946.033333333336,24885.741666666672,25006.325,25320.316666666673,25815.183333333334,24451.16666666667,24076.883333333335,23582.01666666667,3339545
2026-02-02T12:25:00+05:30,24897.3,24900.95,24883.05,24897.25,24785.853189102658,,24852.817809235436,24876.28171986813,24946.033333333336,24885.741666666672,25006.325,25320.316666666673,25815.183333333334,24451.16666666667,24076.883333333335,23582.01666666667,3960842
2026-02-02T12:30:00+05:30,24896.95,24897.65,24874.55,24879.3,24785.853189102658,,24855.339922641586,24876.885375894504,24946.033333333336,24885.741666666672,25006.325,25320.316666666673,25815.183333333334,24451.16666666667,24076.883333333335,23582.01666666667,3723411
2026-02-02T12:35:00+05:30,24878.25,24883.7,24861.95,24879.85,24785.853189102658,,24857.67421572334,24877.478300715604,24946.033333333336,24885.741666666672,25006.325,25320.316666666673,25815.183333333334,24451.16666666667,24076.883333333335,23582.01666666667,3699176
2026-02-02T12:40:00+05:30,24880.6,24890.25,24869.05,24870.9,24785.853189102658,,24858.93381422588,24876.162640572482,24946.033333333336,24885.741666666672,25006.325,25320.316666666673,25815.183333333334,24451.16666666667,24076.883333333335,23582.01666666667,3613555
2026-02-02T12:45:00+05:30,24870.85,24903.9,24865.05,24902.6,24785.853189102658,,24863.09249858532,24881.450112457984,24946.033333333336,24885.741666666672,25006.325,25320.316666666673,25815.183333333334,24451.16666666667,24076.883333333335,23582.01666666667,3648113
2026-02-02T12:50:00+05:30,24902.65,24905.3,24883.3,24893.25,24797.447257112915,,24865.964641577193,24883.810089966388,24946.033333333336,24885.741666666672,25006.325,25320.316666666673,25815.183333333334,24451.16666666667,24076.883333333335,23582.01666666667,3469263
2026-02-02T12:55:00+05:30,24894.3,24944.5,24892.8,24938.2,24815.972531401625,,24872.844199522224,24894.68807197311,24946.033333333336,24885.741666666672,25006.325,25320.316666666673,25815.183333333334,24451.16666666667,24076.883333333335,23582.01666666667,4335785
2026-02-02T13:00:00+05:30,24938.55,24954.2,24933.45,24951.6,24845.190278261463,,24880.34475194868,24906.070457578488,24946.033333333336,24885.741666666672,25006.325,25320.316666666673,25815.183333333334,24451.16666666667,24076.883333333335,23582.01666666667,4350957
2026-02-02T13:05:00+05:30,24951.2,24963.3,24945.9,24959.65,24860.608750435316,,24887.897632715474,24916.78636606279,24946.033333333336,24885.741666666672,25006.325,25320.316666666673,25815.183333333334,24451.16666666667,24076.883333333335,23582.01666666667,4334511
2026-02-02T13:10:00+05:30,24959.55,24962.35,24930.3,24934.95,24860.608750435316,,24892.378810552094,24920.419092850232,24946.033333333336,24885.741666666672,25006.325,25320.316666666673,25815.183333333334,24451.16666666667,24076.883333333335,23582.01666666667,4730349
2026-02-02T13:15:00+05:30,24935.2,24942.95,24883.85,24887.85,24860.608750435316,,24891.94749526142,24913.905274280187,24946.033333333336,24885.741666666672,25006.325,25320.316666666673,25815.183333333334,24451.16666666667,24076.883333333335,23582.01666666667,4412712
2026-02-02T13:20:00+05:30,24887.8,24890.8,24851.35,24873.45,24860.608750435316,,24890.185829046044,24905.814219424148,24946.033333333336,24885.741666666672,25006.325,25320.316666666673,25815.183333333334,24451.16666666667,24076.883333333335,23582.01666666667,4675035
2026-02-02T13:25:00+05:30,24873,24906.8,24863.3,24894.55,24860.608750435316,,24890.60146437499,24903.561375539317,24946.033333333336,24885.741666666672,25006.325,25320.316666666673,25815.183333333334,24451.16666666667,24076.883333333335,23582.01666666667,4172099
2026-02-02T13:30:00+05:30,24895.85,24898.8,24870.8,24887.75,24860.608750435316,,24890.329896339277,24900.399100431452,24946.033333333336,24885.741666666672,25006.325,25320.316666666673,25815.183333333334,24451.16666666667,24076.883333333335,23582.01666666667,3534924
2026-02-02T13:35:00+05:30,24887.4,24916.7,24880.2,24914.15,24860.608750435316,,24892.5984776403,24903.149280345162,24946.033333333336,24885.741666666672,25006.325,25320.316666666673,25815.183333333334,24451.16666666667,24076.883333333335,23582.01666666667,4491374
2026-02-02T13:40:00+05:30,24913.45,24972.3,24912.65,24964.9,24860.608750435316,,24899.48433691265,24915.49942427613,24946.033333333336,24885.741666666672,25006.325,25320.316666666673,25815.183333333334,24451.16666666667,24076.883333333335,23582.01666666667,5766920
2026-02-02T13:45:00+05:30,24964.2,24970,24941.7,24966.6,24860.608750435316,,24905.87630482573,24925.719539420905,24946.033333333336,24885.741666666672,25006.325,25320.316666666673,25815.183333333334,24451.16666666667,24076.883333333335,23582.01666666667,6568834
2026-02-02T13:50:00+05:30,24966.65,24984.45,24954.95,24963.5,24862.19147913578,,24911.36427579471,24933.275631536722,24946.033333333336,24885.741666666672,25006.325,25320.316666666673,25815.183333333334,24451.16666666667,24076.883333333335,23582.01666666667,6138039
2026-02-02T13:55:00+05:30,24964.4,24968.2,24946.1,24948.15,24862.19147913578,,24914.867678099974,24936.250505229378,24946.033333333336,24885.741666666672,25006.325,25320.316666666673,25815.183333333334,24451.16666666667,24076.883333333335,23582.01666666667,4928218
2026-02-02T14:00:00+05:30,24948.6,24958.05,24928.1,24951.1,24862.19147913578,,24918.318375423787,24939.220404183503,24946.033333333336,24885.741666666672,25006.325,25320.316666666673,25815.183333333334,24451.16666666667,24076.883333333335,23582.01666666667,4334385
2026-02-02T14:05:00+05:30,24950.7,24958.75,24929.15,24932.3,24862.19147913578,,24919.64995871676,24937.8363233468,24946.033333333336,24885.741666666672,25006.325,25320.316666666673,25815.183333333334,24451.16666666667,24076.883333333335,23582.01666666667,4333633
2026-02-02T14:10:00+05:30,24932.05,24943.4,24913.85,24943.15,24862.19147913578,,24921.888057886594,24938.89905867744,24946.033333333336,24885.741666666672,25006.325,25320.316666666673,25815.183333333334,24451.16666666667,24076.883333333335,23582.01666666667,4171220
2026-02-02T14:15:00+05:30,24943.2,24955.7,24921.65,24929.7,24862.19147913578,,24922.632052373585,24937.059246941953,24946.033333333336,24885.741666666672,25006.325,25320.316666666673,25815.183333333334,24451.16666666667,24076.883333333335,23582.01666666667,3955559
2026-02-02T14:20:00+05:30,24929.5,24966.3,24927.05,24953.15,24862.19147913578,,24925.538523576102,24940.277397553564,24946.033333333336,24885.741666666672,25006.325,25320.316666666673,25815.183333333334,24451.16666666667,24076.883333333335,23582.01666666667,5126817
2026-02-02T14:25:00+05:30,24953.3,24974.4,24945.2,24972.15,24862.19147913578,,24929.97771180695,24946.65191804285,24946.033333333336,24885.741666666672,25006.325,25320.316666666673,25815.183333333334,24451.16666666667,24076.883333333335,23582.01666666667,3892275
2026-02-02T14:30:00+05:30,24971.2,24983.4,24934.6,24938.55,24862.19147913578,,24930.79412020629,24945.03153443428,24946.033333333336,24885.741666666672,25006.325,25320.316666666673,25815.183333333334,24451.16666666667,24076.883333333335,23582.01666666667,5657672
2026-02-02T14:35:00+05:30,24939.1,24958.3,24931.2,24957.25,24862.19147913578,,24933.313727805693,24947.475227547424,24946.033333333336,24885.741666666672,25006.325,25320.316666666673,25815.183333333334,24451.16666666667,24076.883333333335,23582.01666666667,5029581
2026-02-02T14:40:00+05:30,24957.15,24963.2,24945.5,24956.3,24862.19147913578,,24935.502896586102,24949.24018203794,24946.033333333336,24885.741666666672,25006.325,25320.316666666673,25815.183333333334,24451.16666666667,24076.883333333335,23582.01666666667,4667817
2026-02-02T14:45:00+05:30,24955.4,24998.35,24952.85,24993.8,24874.191339423014,,24941.05500167314,24958.15214563035,24946.033333333336,24885.741666666672,25006.325,25320.316666666673,25815.183333333334,24451.16666666667,24076.883333333335,23582.01666666667,6373170
2026-02-02T14:50:00+05:30,24993.95,25022.85,24989.5,25019.35,24904.902205480714,,24948.51166818046,24970.39171650428,24946.033333333336,24885.741666666672,25006.325,25320.316666666673,25815.183333333334,24451.16666666667,24076.883333333335,23582.01666666667,6530796
2026-02-02T14:55:00+05:30,25019.3,25035.05,25014.05,25032.15,24927.104484932643,,24956.477223591846,24982.743373203426,24946.033333333336,24885.741666666672,25006.325,25320.316666666673,25815.183333333334,24451.16666666667,24076.883333333335,23582.01666666667,5626264
2026-02-02T15:00:00+05:30,25033.3,25079.15,25033.3,25069.35,24954.424036439377,,24967.227011821193,25000.06469856274,24946.033333333336,24885.741666666672,25006.325,25320.316666666673,25815.183333333334,24451.16666666667,24076.883333333335,23582.01666666667,13270362
2026-02-02T15:05:00+05:30,25068.65,25093.3,25068.65,25088.15,24981.95913279544,,24978.74348688584,25017.68175885019,24946.033333333336,24885.741666666672,25006.325,25320.316666666673,25815.183333333334,24451.16666666667,24076.883333333335,23582.01666666667,11259015
2026-02-02T15:10:00+05:30,25089.35,25091.9,25078.3,25086.75,24991.905719515897,,24989.029821468142,25031.495407080154,24946.033333333336,24885.741666666672,25006.325,25320.316666666673,25815.183333333334,24451.16666666667,24076.883333333335,23582.01666666667,13193987
2026-02-02T15:15:00+05:30,25086.45,25108.1,25085.85,25097.95,25006.425147564307,,24999.40317180451,25044.786325664125,24946.033333333336,24885.741666666672,25006.325,25320.316666666673,25815.183333333334,24451.16666666667,24076.883333333335,23582.01666666667,13133310
2026-02-02T15:20:00+05:30,25097,25097.7,25084.3,25088.15,25006.425147564307,,25007.855250680273,25053.4590605313,24946.033333333336,24885.741666666672,25006.325,25320.316666666673,25815.183333333334,24451.16666666667,24076.883333333335,23582.01666666667,13855994
2026-02-02T15:25:00+05:30,25090.5,25099.25,25069.5,25081.3,25006.425147564307,,25014.849988710725,25059.027248425038,24946.033333333336,24885.741666666672,25006.325,25320.316666666673,25815.183333333334,24451.16666666667,24076.883333333335,23582.01666666667,14223536
2026-02-03T09:15:00+05:30,26324,26341.2,25766.65,25809.75,25598.594707574382,,25090.554751690655,25209.17179874003,24958.63333333333,24893.75,25023.516666666663,25237.86666666666,25387.33333333333,24809.166666666664,24529.933333333334,24380.466666666667,83661600
2026-02-03T09:20:00+05:30,25811.1,25869,25807.75,25808.95,25598.594707574382,,25158.973346767736,25329.127438992025,24958.63333333333,24893.75,25023.516666666663,25237.86666666666,25387.33333333333,24809.166666666664,24529.933333333334,24380.466666666667,28546205
2026-02-03T09:25:00+05:30,25813.2,25823.1,25763.9,25786.25,25598.594707574382,,25218.713980408906,25420.55195119362,24958.63333333333,24893.75,25023.516666666663,25237.86666666666,25387.33333333333,24809.166666666664,24529.933333333334,24380.466666666667,19894977
2026-02-03T09:30:00+05:30,25785.3,25795.25,25753.25,25755.15,25598.594707574382,,25269.803125131868,25487.4715609549,24958.63333333333,24893.75,25023.516666666663,25237.86666666666,25387.33333333333,24809.166666666664,24529.933333333334,24380.466666666667,16453693
2026-02-03T09:35:00+05:30,25756.3,25782.05,25746.2,25772.65,25598.594707574382,,25317.69330369074,25544.50724876392,24958.63333333333,24893.75,25023.516666666663,25237.86666666666,25387.33333333333,24809.166666666664,24529.933333333334,24380.466666666667,13590513
2026-02-03T09:40:00+05:30,25771.65,25777.5,25720.15,25727.3,25598.594707574382,,25356.703465244,25581.065799011136,24958.63333333333,24893.75,25023.516666666663,25237.86666666666,25387.33333333333,24809.166666666664,24529.933333333334,24380.466666666667,13076912
2026-02-03T09:45:00+05:30,25726.3,25777.5,25675.15,25776.4,25598.594707574382,,25396.674563792192,25620.13263920891,24958.63333333333,24893.75,25023.516666666663,25237.86666666666,25387.33333333333,24809.166666666664,24529.933333333334,24380.466666666667,13143855
2026-02-03T09:50:00+05:30,25775.85,25793.1,25732.15,25732.15,25598.594707574382,,25428.624605335794,25642.536111367128,24958.63333333333,24893.75,25023.516666666663,25237.86666666666,25387.33333333333,24809.166666666664,24529.933333333334,24380.466666666667,8466189
2026-02-03T09:55:00+05:30,25733.4,25748.15,25696.9,25702.6,25598.594707574382,,25454.71750006572,25654.5488890937,24958.63333333333,24893.75,25023.516666666663,25237.86666666666,25387.33333333333,24809.166666666664,24529.933333333334,24380.466666666667,10875630
2026-02-03T10:00:00+05:30,25703.55,25729.15,25701.3,25701.3,25598.594707574382,,25478.20154767851,25663.89911127496,24958.63333333333,24893.75,25023.516666666663,25237.86666666666,25387.33333333333,24809.166666666664,24529.933333333334,24380.466666666667,7566790
2026-02-03T10:05:00+05:30,25701.6,25702.7,25641.3,25685.35,25598.594707574382,,25497.929971709127,25668.189289019967,24958.63333333333,24893.75,25023.516666666663,25237.86666666666,25387.33333333333,24809.166666666664,24529.933333333334,24380.466666666667,8500705
2026-02-03T10:10:00+05:30,25685.25,25685.25,25645.2,25671,25598.594707574382,,25514.412831546353,25668.751431215973,24958.63333333333,24893.75,25023.516666666663,25237.86666666666,25387.33333333333,24809.166666666664,24529.933333333334,24380.466666666667,7319731
2026-02-03T10:15:00+05:30,25672.35,25761.45,25672.35,25753.35,25598.594707574382,,25537.168752351463,25685.671144972777,24958.63333333333,24893.75,25023.516666666663,25237.86666666666,25387.33333333333,24809.166666666664,24529.933333333334,24380.466666666667,9666660
2026-02-03T10:20:00+05:30,25753.5,25786.55,25753.3,25781.25,25598.594707574382,,25560.414585460847,25704.78691597822,24958.63333333333,24893.75,25023.516666666663,25237.86666666666,25387.33333333333,24809.166666666664,24529.933333333334,24380.466666666667,8516209
2026-02-03T10:25:00+05:30,25782.05,25794.7,25771,25771.15,25598.594707574382,,25580.484624940767,25718.059532782576,24958.63333333333,24893.75,25023.516666666663,25237.86666666666,25387.33333333333,24809.166666666664,24529.933333333334,24380.466666666667,6755531
2026-02-03T10:30:00+05:30,25771.55,25818.5,25763.7,25810.3,25598.594707574382,,25602.371803517835,25736.50762622606,24958.63333333333,24893.75,25023.516666666663,25237.86666666666,25387.33333333333,24809.166666666664,24529.933333333334,24380.466666666667,6638500
2026-02-03T10:35:00+05:30,25810.55,25821.65,25805.6,25814,25614.01431487955,,25622.52686984947,25752.00610098085,24958.63333333333,24893.75,25023.516666666663,25237.86666666666,25387.33333333333,24809.166666666664,24529.933333333334,24380.466666666667,6470373
2026-02-03T10:40:00+05:30,25813.85,25819.2,25795.95,25798.3,25620.950383391595,,25639.267167959042,25761.264880784678,24958.63333333333,24893.75,25023.516666666663,25237.86666666666,25387.33333333333,24809.166666666664,24529.933333333334,24380.466666666667,5015450
2026-02-03T10:45:00+05:30,25798.25,25804.4,25756.05,25763.7,25620.950383391595,,25651.117913867703,25761.75190462774,24958.63333333333,24893.75,25023.516666666663,25237.86666666666,25387.33333333333,24809.166666666664,24529.933333333334,24380.466666666667,6447007
2026-02-03T10:50:00+05:30,25764.3,25767.4,25746.7,25766.3,25620.950383391595,,25662.087636356493,25762.661523702194,24958.63333333333,24893.75,25023.516666666663,25237.86666666666,25387.33333333333,24809.166666666664,24529.933333333334,24380.466666666667,5808662
2026-02-03T10:55:00+05:30,25765.5,25798.2,25764.85,25780.1,25620.950383391595,,25673.326909084444,25766.149218961757,24958.63333333333,24893.75,25023.516666666663,25237.86666666666,25387.33333333333,24809.166666666664,24529.933333333334,24380.466666666667,5351215
2026-02-03T11:00:00+05:30,25780.7,25810.5,25778.8,25794,25638.086844043224,,25684.819584409735,25771.719375169407,24958.63333333333,24893.75,25023.516666666663,25237.86666666666,25387.33333333333,24809.166666666664,24529.933333333334,24380.466666666667,4713518
2026-02-03T11:05:00+05:30,25794.45,25803.4,25775.9,25778,25640.493159638903,,25693.693909704045,25772.975500135526,24958.63333333333,24893.75,25023.516666666663,25237.86666666666,25387.33333333333,24809.166666666664,24529.933333333334,24380.466666666667,6154597
2026-02-03T11:10:00+05:30,25778.1,25789,25765.5,25784.2,25640.493159638903,,25702.313537351278,25775.22040010842,24958.63333333333,24893.75,25023.516666666663,25237.86666666666,25387.33333333333,24809.166666666664,24529.933333333334,24380.466666666667,6213379
2026-02-03T11:15:00+05:30,25785.15,25794.75,25773.9,25776.85,25650.90795930751,,25709.412248079727,25775.546320086738,24958.63333333333,24893.75,25023.516666666663,25237.86666666666,25387.33333333333,24809.166666666664,24529.933333333334,24380.466666666667,5773059
2026-02-03T11:20:00+05:30,25777.3,25801.7,25774.55,25798.7,25659.904663376758,,25717.915843500705,25780.17705606939,24958.63333333333,24893.75,25023.516666666663,25237.86666666666,25387.33333333333,24809.166666666664,24529.933333333334,24380.466666666667,4815788
2026-02-03T11:25:00+05:30,25799.7,25824.05,25798.8,25815.75,25688.421697039084,,25727.233382214923,25787.29164485551,24958.63333333333,24893.75,25023.516666666663,25237.86666666666,25387.33333333333,24809.166666666664,24529.933333333334,24380.466666666667,5664114
2026-02-03T11:30:00+05:30,25815.9,25859.85,25805.75,25858.4,25705.867027335174,,25739.725441051596,25801.51331588441,24958.63333333333,24893.75,25023.516666666663,25237.86666666666,25387.33333333333,24809.166666666664,24529.933333333334,24380.466666666667,7409846
2026-02-03T11:35:00+05:30,25857.85,25863.15,25834.15,25847.05,25725.71032460166,,25749.94682761811,25810.62065270753,24958.63333333333,24893.75,25023.516666666663,25237.86666666666,25387.33333333333,24809.166666666664,24529.933333333334,24380.466666666667,4803142
2026-02-03T11:40:00+05:30,25847.9,25861.15,25846.45,25851.55,25738.744292141495,,25759.62332022591,25818.806522166025,24958.63333333333,24893.75,25023.516666666663,25237.86666666666,25387.33333333333,24809.166666666664,24529.933333333334,24380.466666666667,5297745
2026-02-03T11:45:00+05:30,25851.2,25855.9,25830.65,25833.25,25738.744292141495,,25766.6353849663,25821.69521773282,24958.63333333333,24893.75,25023.516666666663,25237.86666666666,25387.33333333333,24809.166666666664,24529.933333333334,24380.466666666667,6121113
2026-02-03T11:50:00+05:30,25833.55,25841.05,25826.15,25835.25,25738.744292141495,,25773.170110207604,25824.406174186257,24958.63333333333,24893.75,25023.516666666663,25237.86666666666,25387.33333333333,24809.166666666664,24529.933333333334,24380.466666666667,4815774
2026-02-03T11:55:00+05:30,25835.6,25850.25,25832.25,25847.85,25741.815638971148,,25780.282480664024,25829.094939349005,24958.63333333333,24893.75,25023.516666666663,25237.86666666666,25387.33333333333,24809.166666666664,24529.933333333334,24380.466666666667,6060522
2026-02-03T12:00:00+05:30,25849.2,25851.85,25818.75,25820.05,25741.815638971148,,25784.069863457928,25827.285951479204,24958.63333333333,24893.75,25023.516666666663,25237.86666666666,25387.33333333333,24809.166666666664,24529.933333333334,24380.466666666667,5502175
2026-02-03T12:05:00+05:30,25820.1,25834.35,25813.15,25828.25,25741.815638971148,,25788.277495509552,25827.478761183364,24958.63333333333,24893.75,25023.516666666663,25237.86666666666,25387.33333333333,24809.166666666664,24529.933333333334,24380.466666666667,4657881
2026-02-03T12:10:00+05:30,25830,25843.35,25827.95,25836.55,25744.77505080997,,25792.874876889593,25829.29300894669,24958.63333333333,24893.75,25023.516666666663,25237.86666666666,25387.33333333333,24809.166666666664,24529.933333333334,24380.466666666667,4693154
2026-02-03T12:15:00+05:30,25837.35,25838.6,25822.95,25829.3,25744.77505080997,,25796.343936233443,25829.29440715735,24958.63333333333,24893.75,25023.516666666663,25237.86666666666,25387.33333333333,24809.166666666664,24529.933333333334,24380.466666666667,4207320
2026-02-03T12:20:00+05:30,25830.4,25835.45,25812.15,25812.15,25744.77505080997,,25797.849275639783,25825.86552572588,24958.63333333333,24893.75,25023.516666666663,25237.86666666666,25387.33333333333,24809.166666666664,24529.933333333334,24380.466666666667,3818162
2026-02-03T12:25:00+05:30,25811.6,25812.45,25780.85,25786.55,25744.77505080997,,25796.77315415028,25818.002420580702,24958.63333333333,24893.75,25023.516666666663,25237.86666666666,25387.33333333333,24809.166666666664,24529.933333333334,24380.466666666667,4183928
2026-02-03T12:30:00+05:30,25786.25,25812.1,25781.7,25795.05,25744.77505080997,,25796.609044231205,25813.411936464563,24958.63333333333,24893.75,25023.516666666663,25237.86666666666,25387.33333333333,24809.166666666664,24529.933333333334,24380.466666666667,4359379
2026-02-03T12:35:00+05:30,25796.5,25797.05,25767.55,25789.9,25744.77505080997,,25795.970087637757,25808.70954917165,24958.63333333333,24893.75,25023.516666666663,25237.86666666666,25387.33333333333,24809.166666666664,24529.933333333334,24380.466666666667,5706795
2026-02-03T12:40:00+05:30,25792.45,25801.75,25788.5,25796.05,25744.77505080997,,25795.977698338924,25806.17763933732,24958.63333333333,24893.75,25023.516666666663,25237.86666666666,25387.33333333333,24809.166666666664,24529.933333333334,24380.466666666667,3455918
2026-02-03T12:45:00+05:30,25796.45,25797.7,25783.5,25784.1,25744.77505080997,,25794.84648897331,25801.762111469856,24958.63333333333,24893.75,25023.516666666663,25237.86666666666,25387.33333333333,24809.166666666664,24529.933333333334,24380.466666666667,3562985
2026-02-03T12:50:00+05:30,25784.3,25797.85,25780.1,25790.8,25744.77505080997,,25794.46110907109,25799.569689175885,24958.63333333333,24893.75,25023.516666666663,25237.86666666666,25387.33333333333,24809.166666666664,24529.933333333334,24380.466666666667,4430866
2026-02-03T12:55:00+05:30,25791.45,25805.5,25785.65,25795.6,25744.77505080997,,25794.569574873844,25798.77575134071,24958.63333333333,24893.75,25023.516666666663,25237.86666666666,25387.33333333333,24809.166666666664,24529.933333333334,24380.466666666667,3501429
2026-02-03T13:00:00+05:30,25795.45,25808.6,25792.1,25801.35,25744.77505080997,,25795.215329647763,25799.290601072567,24958.63333333333,24893.75,25023.516666666663,25237.86666666666,25387.33333333333,24809.166666666664,24529.933333333334,24380.466666666667,3725970
2026-02-03T13:05:00+05:30,25801.05,25811.5,25790.15,25791.15,25744.77505080997,,25794.828155395597,25797.662480858053,24958.63333333333,24893.75,25023.516666666663,25237.86666666666,25387.33333333333,24809.166666666664,24529.933333333334,24380.466666666667,3677304
2026-02-03T13:10:00+05:30,25791.3,25795.65,25786.4,25790.3,25744.77505080997,,25794.39690250078,25796.189984686443,24958.63333333333,24893.75,25023.516666666663,25237.86666666666,25387.33333333333,24809.166666666664,24529.933333333334,24380.466666666667,3370342
2026-02-03T13:15:00+05:30,25791.3,25800.45,25790.15,25798.6,25744.77505080997,,25794.797197500706,25796.671987749156,24958.63333333333,24893.75,25023.516666666663,25237.86666666666,25387.33333333333,24809.166666666664,24529.933333333334,24380.466666666667,4152437
2026-02-03T13:20:00+05:30,25797.75,25800.15,25786.95,25793.05,25744.77505080997,,25794.630797738733,25795.947590199325,24958.63333333333,24893.75,25023.516666666663,25237.86666666666,25387.33333333333,24809.166666666664,24529.933333333334,24380.466666666667,5451274
2026-02-03T13:25:00+05:30,25793,25795.05,25744,25771.05,25744.77505080997,,25792.3850074779,25790.96807215946,24958.63333333333,24893.75,25023.516666666663,25237.86666666666,25387.33333333333,24809.166666666664,24529.933333333334,24380.466666666667,5561244
2026-02-03T13:30:00+05:30,25771.7,25779.7,25758.4,25759.3,25744.77505080997,,25789.234054384768,25784.634457727567,24958.63333333333,24893.75,25023.516666666663,25237.86666666666,25387.33333333333,24809.166666666664,24529.933333333334,24380.466666666667,4291249
2026-02-03T13:35:00+05:30,25758.65,25777.35,25729.4,25773.5,25744.77505080997,,25787.73557301479,25782.407566182053,24958.63333333333,24893.75,25023.516666666663,25237.86666666666,25387.33333333333,24809.166666666664,24529.933333333334,24380.466666666667,5547644
2026-02-03T13:40:00+05:30,25773,25811.45,25770.5,25800.8,25744.77505080997,,25788.97980415624,25786.086052945644,24958.63333333333,24893.75,25023.516666666663,25237.86666666666,25387.33333333333,24809.166666666664,24529.933333333334,24380.466666666667,4992544
2026-02-03T13:45:00+05:30,25802.05,25811.85,25795.05,25796.1,25744.77505080997,,25789.65791804612,25788.088842356516,24958.63333333333,24893.75,25023.516666666663,25237.86666666666,25387.33333333333,24809.166666666664,24529.933333333334,24380.466666666667,3917179
2026-02-03T13:50:00+05:30,25795.6,25806.9,25787.4,25806.7,25744.77505080997,,25791.280973470297,25791.811073885212,24958.63333333333,24893.75,25023.516666666663,25237.86666666666,25387.33333333333,24809.166666666664,24529.933333333334,24380.466666666667,3761037
2026-02-03T13:55:00+05:30,25806,25810.35,25770.15,25770.35,25744.77505080997,,25789.287547425505,25787.518859108168,24958.63333333333,24893.75,25023.516666666663,25237.86666666666,25387.33333333333,24809.166666666664,24529.933333333334,24380.466666666667,5096226
2026-02-03T14:00:00+05:30,25770.85,25777.85,25755.6,25776.45,25744.77505080997,,25788.064923861173,25785.305087286535,24958.63333333333,24893.75,25023.516666666663,25237.86666666666,25387.33333333333,24809.166666666664,24529.933333333334,24380.466666666667,4279037
2026-02-03T14:05:00+05:30,25775.95,25785.8,25765.75,25785.6,25744.77505080997,,25787.83016920773,25785.36406982923,24958.63333333333,24893.75,25023.516666666663,25237.86666666666,25387.33333333333,24809.166666666664,24529.933333333334,24380.466666666667,6024887
2026-02-03T14:10:00+05:30,25785,25786.7,25765.7,25775.15,25744.77505080997,,25786.622534045087,25783.321255863382,24958.63333333333,24893.75,25023.516666666663,25237.86666666666,25387.33333333333,24809.166666666664,24529.933333333334,24380.466666666667,4241996
2026-02-03T14:15:00+05:30,25774.4,25781.55,25763.4,25764,25744.77505080997,,25784.468006993175,25779.457004690707,24958.63333333333,24893.75,25023.516666666663,25237.86666666666,25387.33333333333,24809.166666666664,24529.933333333334,24380.466666666667,4160517
2026-02-03T14:20:00+05:30,25763.4,25778.7,25763,25772.85,25744.77505080997,,25783.36153013668,25778.135603752566,24958.63333333333,24893.75,25023.516666666663,25237.86666666666,25387.33333333333,24809.166666666664,24529.933333333334,24380.466666666667,4553308
2026-02-03T14:25:00+05:30,25772.5,25773.45,25766.25,25768.9,25744.77505080997,,25781.984241552236,25776.288483002052,24958.63333333333,24893.75,25023.516666666663,25237.86666666666,25387.33333333333,24809.166666666664,24529.933333333334,24380.466666666667,4400961
2026-02-03T14:30:00+05:30,25769.05,25788.1,25740.3,25762.8,25744.77505080997,,25780.157170928214,25773.59078640164,24958.63333333333,24893.75,25023.516666666663,25237.86666666666,25387.33333333333,24809.166666666664,24529.933333333334,24380.466666666667,5553033
2026-02-03T14:35:00+05:30,25763.4,25776.5,25763.25,25766.5,25744.77505080997,,25778.85648798267,25772.172629121313,24958.63333333333,24893.75,25023.516666666663,25237.86666666666,25387.33333333333,24809.166666666664,24529.933333333334,24380.466666666667,5041283
2026-02-03T14:40:00+05:30,25766.45,25766.5,25741.35,25746.6,25744.77505080997,,25775.78444150813,25767.05810329705,24958.63333333333,24893.75,25023.516666666663,25237.86666666666,25387.33333333333,24809.166666666664,24529.933333333334,24380.466666666667,8353856
2026-02-03T14:45:00+05:30,25746.2,25767.65,25740.2,25762,25744.77505080997,,25774.471637554976,25766.04648263764,24958.63333333333,24893.75,25023.516666666663,25237.86666666666,25387.33333333333,24809.166666666664,24529.933333333334,24380.466666666667,6512747
2026-02-03T14:50:00+05:30,25761.55,25770,25749.3,25764,25744.77505080997,,25773.474338740216,25765.637186110114,24958.63333333333,24893.75,25023.516666666663,25237.86666666666,25387.33333333333,24809.166666666664,24529.933333333334,24380.466666666667,5509618
2026-02-03T14:55:00+05:30,25763.55,25790.35,25760.85,25778.05,25744.77505080997,,25773.91011600305,25768.11974888809,24958.63333333333,24893.75,25023.516666666663,25237.86666666666,25387.33333333333,24809.166666666664,24529.933333333334,24380.466666666667,6260141
2026-02-03T15:00:00+05:30,25778.75,25780.45,25714.45,25719.65,,25825.016104416936,25768.74248590752,25758.42579911047,24958.63333333333,24893.75,25023.516666666663,25237.86666666666,25387.33333333333,24809.166666666664,24529.933333333334,24380.466666666667,13249346
2026-02-03T15:05:00+05:30,25719.9,25737.5,25696.85,25716.85,,25806.267159747156,25763.80034439252,25750.110639288378,24958.63333333333,24893.75,25023.516666666663,25237.86666666666,25387.33333333333,24809.166666666664,24529.933333333334,24380.466666666667,15652041
2026-02-03T15:10:00+05:30,25717.15,25739.25,25699.8,25717.85,,25806.267159747156,25759.42412111704,25743.6585114307,24958.63333333333,24893.75,25023.516666666663,25237.86666666666,25387.33333333333,24809.166666666664,24529.933333333334,24380.466666666667,16527801
2026-02-03T15:15:00+05:30,25721.9,25749.45,25706.05,25741.3,,25806.267159747156,25757.69801434399,25743.18680914456,24958.63333333333,24893.75,25023.516666666663,25237.86666666666,25387.33333333333,24809.166666666664,24529.933333333334,24380.466666666667,18247523
2026-02-03T15:20:00+05:30,25741.6,25741.6,25726.75,25730.45,,25806.267159747156,25755.10296535885,25740.63944731565,24958.63333333333,24893.75,25023.516666666663,25237.86666666666,25387.33333333333,24809.166666666664,24529.933333333334,24380.466666666667,16263750
2026-02-03T15:25:00+05:30,25731.15,25732.2,25708.5,25714.8,,25806.267159747156,25751.264587705624,25735.47155785252,24958.63333333333,24893.75,25023.516666666663,25237.86666666666,25387.33333333333,24809.166666666664,24529.933333333334,24380.466666666667,14518834
2026-02-04T09:15:00+05:30,25657.9,25742.05,25563.95,25710.7,,25786.3021029091,25747.40129363842,25730.517246282016,25903.350000000002,25815.450000000004,25991.25,26165.400000000005,26603.250000000004,25465.500000000004,25203.45,24765.600000000002,30856290
2026-02-04T09:20:00+05:30,25712.55,25762.15,25708.35,25754.15,,25786.3021029091,25748.04402757762,25735.243797025614,25903.350000000002,25815.450000000004,25991.25,26165.400000000005,26603.250000000004,25465.500000000004,25203.45,24765.600000000002,12605292
2026-02-04T09:25:00+05:30,25754.8,25788.3,25749.65,25752.65,,25786.3021029091,25748.482691617846,25738.72503762049,25903.350000000002,25815.450000000004,25991.25,26165.400000000005,26603.250000000004,25465.500000000004,25203.45,24765.600000000002,12091648
2026-02-04T09:30:00+05:30,25753.7,25790.15,25753.7,25762.25,,25786.3021029091,25749.79386384472,25743.43003009639,25903.350000000002,25815.450000000004,25991.25,26165.400000000005,26603.250000000004,25465.500000000004,25203.45,24765.600000000002,9073424
2026-02-04T09:35:00+05:30,25761.95,25764.2,25728.2,25729.75,,25786.3021029091,25747.884924430935,25740.694024077115,25903.350000000002,25815.450000000004,25991.25,26165.400000000005,26603.250000000004,25465.500000000004,25203.45,24765.600000000002,7141334
2026-02-04T09:40:00+05:30,25729.7,25791.2,25729.7,25788.65,25643.46746554432,,25751.76731258037,25750.285219261692,25903.350000000002,25815.450000000004,25991.25,26165.400000000005,26603.250000000004,25465.500000000004,25203.45,24765.600000000002,8954515
2026-02-04T09:45:00+05:30,25788.05,25795.25,25779.9,25786.45,25661.435559027886,,25755.070425667953,25757.518175409354,25903.350000000002,25815.450000000004,25991.25,26165.400000000005,26603.250000000004,25465.500000000004,25203.45,24765.600000000002,7280309
2026-02-04T09:50:00+05:30,25786.25,25786.95,25748.1,25762.65,25661.435559027886,,25755.792289890054,25758.544540327483,25903.350000000002,25815.450000000004,25991.25,26165.400000000005,26603.250000000004,25465.500000000004,25203.45,24765.600000000002,6278549
2026-02-04T09:55:00+05:30,25763.1,25782.05,25756.2,25781.5,25661.435559027886,,25758.240643233858,25763.135632261987,25903.350000000002,25815.450000000004,25991.25,26165.400000000005,26603.250000000004,25465.500000000004,25203.45,24765.600000000002,5261004
2026-02-04T10:00:00+05:30,25779.55,25785.35,25772.3,25776.15,25666.534297531325,,25759.946296259204,25765.73850580959,25903.350000000002,25815.450000000004,25991.25,26165.400000000005,26603.250000000004,25465.500000000004,25203.45,24765.600000000002,4284781
2026-02-04T10:05:00+05:30,25775.7,25800.55,25771.3,25796,25676.088367778197,,25763.379982329756,25771.790804647673,25903.350000000002,25815.450000000004,25991.25,26165.400000000005,26603.250000000004,25465.500000000004,25203.45,24765.600000000002,4496435
2026-02-04T10:10:00+05:30,25795.85,25801.8,25774.9,25782.3,25681.427031000374,,25765.18188877454,25773.89264371814,25903.350000000002,25815.450000000004,25991.25,26165.400000000005,26603.250000000004,25465.500000000004,25203.45,24765.600000000002,4414773
2026-02-04T10:15:00+05:30,25782.55,25787.05,25757.35,25757.35,25681.427031000374,,25764.435994605534,25770.58411497451,25903.350000000002,25815.450000000004,25991.25,26165.400000000005,26603.250000000004,25465.500000000004,25203.45,24765.600000000002,4290780
2026-02-04T10:20:00+05:30,25757.25,25769.6,25737.55,25744.8,25681.427031000374,,25762.565899881196,25765.42729197961,25903.350000000002,25815.450000000004,25991.25,26165.400000000005,26603.250000000004,25465.500000000004,25203.45,24765.600000000002,4379408
2026-02-04T10:25:00+05:30,25745,25753.8,25735.95,25743.3,25681.427031000374,,25760.731052273462,25761.001833583687,25903.350000000002,25815.450000000004,25991.25,26165.400000000005,26603.250000000004,25465.500000000004,25203.45,24765.600000000002,3952112
2026-02-04T10:30:00+05:30,25744.15,25750.35,25723.55,25726.5,25681.427031000374,,25757.47095205694,25754.10146686695,25903.350000000002,25815.450000000004,25991.25,26165.400000000005,26603.250000000004,25465.500000000004,25203.45,24765.600000000002,3588543
2026-02-04T10:35:00+05:30,25726.2,25732.2,25709.55,25727.45,25681.427031000374,,25754.611813765805,25748.77117349356,25903.350000000002,25815.450000000004,25991.25,26165.400000000005,26603.250000000004,25465.500000000004,25203.45,24765.600000000002,4214354
2026-02-04T10:40:00+05:30,25727.1,25743.75,25724,25740.35,25681.427031000374,,25753.25354578811,25747.086938794848,25903.350000000002,25815.450000000004,25991.25,26165.400000000005,26603.250000000004,25465.500000000004,25203.45,24765.600000000002,3475891
2026-02-04T10:45:00+05:30,25739,25755.9,25729.6,25752.85,25681.427031000374,,25753.21511285591,25748.239551035877,25903.350000000002,25815.450000000004,25991.25,26165.400000000005,26603.250000000004,25465.500000000004,25203.45,24765.600000000002,3852681
2026-02-04T10:50:00+05:30,25751.85,25756.9,25739.05,25743.3,25681.427031000374,,25752.27081639344,25747.2516408287,25903.350000000002,25815.450000000004,25991.25,26165.400000000005,26603.250000000004,25465.500000000004,25203.45,24765.600000000002,3207518
2026-02-04T10:55:00+05:30,25742.4,25750.4,25734.95,25746.2,25681.427031000374,,25751.69264340359,25747.04131266296,25903.350000000002,25815.450000000004,25991.25,26165.400000000005,26603.250000000004,25465.500000000004,25203.45,24765.600000000002,3119517
2026-02-04T11:00:00+05:30,25745.9,25760.15,25737.3,25749.05,25681.427031000374,,25751.440963079436,25747.44305013037,25903.350000000002,25815.450000000004,25991.25,26165.400000000005,26603.250000000004,25465.500000000004,25203.45,24765.600000000002,3624555
2026-02-04T11:05:00+05:30,25748.8,25759,25736.7,25737.15,25681.427031000374,,25750.079918976633,25745.384440104295,25903.350000000002,25815.450000000004,25991.25,26165.400000000005,26603.250000000004,25465.500000000004,25203.45,24765.600000000002,3503314
2026-02-04T11:10:00+05:30,25737.4,25738,25714.15,25723.95,25681.427031000374,,25747.591355264572,25741.097552083436,25903.350000000002,25815.450000000004,25991.25,26165.400000000005,26603.250000000004,25465.500000000004,25203.45,24765.600000000002,4012797
2026-02-04T11:15:00+05:30,25724,25726.8,25704.9,25708.95,25681.427031000374,,25743.911226191754,25734.668041666748,25903.350000000002,25815.450000000004,25991.25,26165.400000000005,26603.250000000004,25465.500000000004,25203.45,24765.600000000002,4240732
2026-02-04T11:20:00+05:30,25709.1,25723.25,25695.4,25698.05,25681.427031000374,,25739.54349036397,25727.344433333397,25903.350000000002,25815.450000000004,25991.25,26165.400000000005,26603.250000000004,25465.500000000004,25203.45,24765.600000000002,4241620
2026-02-04T11:25:00+05:30,25696.9,25704.65,25685.95,25699.35,25681.427031000374,,25735.715538900735,25721.745546666716,25903.350000000002,25815.450000000004,25991.25,26165.400000000005,26603.250000000004,25465.500000000004,25203.45,24765.600000000002,5515274
2026-02-04T11:30:00+05:30,25698.15,25711.5,25691.25,25705.15,25681.427031000374,,25732.804535195904,25718.42643733337,25903.350000000002,25815.450000000004,25991.25,26165.400000000005,26603.250000000004,25465.500000000004,25203.45,24765.600000000002,4400563
2026-02-04T11:35:00+05:30,25705.85,25709.1,25698.1,25703.45,25681.427031000374,,25730.008865177246,25715.431149866698,25903.350000000002,25815.450000000004,25991.25,26165.400000000005,26603.250000000004,25465.500000000004,25203.45,24765.600000000002,4287942
2026-02-04T11:40:00+05:30,25703.2,25723.9,25702.6,25717.35,25681.427031000374,,25728.80325896989,25715.814919893357,25903.350000000002,25815.450000000004,25991.25,26165.400000000005,26603.250000000004,25465.500000000004,25203.45,24765.600000000002,3263735
2026-02-04T11:45:00+05:30,25717.05,25725.6,25703.85,25714.2,25681.427031000374,,25727.412472401327,25715.491935914684,25903.350000000002,25815.450000000004,25991.25,26165.400000000005,26603.250000000004,25465.500000000004,25203.45,24765.600000000002,5028727
2026-02-04T11:50:00+05:30,25713.75,25723.15,25695.65,25721.9,25681.427031000374,,25726.887475029773,25716.773548731748,25903.350000000002,25815.450000000004,25991.25,26165.400000000005,26603.250000000004,25465.500000000004,25203.45,24765.600000000002,3731992
2026-02-04T11:55:00+05:30,25721.35,25729.55,25717.9,25727.45,25681.427031000374,,25726.941048836463,25718.908838985397,25903.350000000002,25815.450000000004,25991.25,26165.400000000005,26603.250000000004,25465.500000000004,25203.45,24765.600000000002,6858769
2026-02-04T12:00:00+05:30,25726.9,25734.85,25711.25,25717.55,25681.427031000374,,25726.04666323299,25718.637071188317,25903.350000000002,25815.450000000004,25991.25,26165.400000000005,26603.250000000004,25465.500000000004,25203.45,24765.600000000002,4017601
2026-02-04T12:05:00+05:30,25717.4,25737.9,25716.55,25736.35,25681.427031000374,,25727.027933401278,25722.179656950655,25903.350000000002,25815.450000000004,25991.25,26165.400000000005,26603.250000000004,25465.500000000004,25203.45,24765.600000000002,4045435
2026-02-04T12:10:00+05:30,25736.2,25742.55,25731.65,25742.55,25681.427031000374,,25728.5062254583,25726.253725560524,25903.350000000002,25815.450000000004,25991.25,26165.400000000005,26603.250000000004,25465.500000000004,25203.45,24765.600000000002,4243091
2026-02-04T12:15:00+05:30,25741.7,25750.3,25732.4,25734.15,25681.427031000374,,25729.043727795604,25727.83298044842,25903.350000000002,25815.450000000004,25991.25,26165.400000000005,26603.250000000004,25465.500000000004,25203.45,24765.600000000002,7034154
2026-02-04T12:20:00+05:30,25733.5,25738.3,25723.6,25727.85,25681.427031000374,,25728.93003943412,25727.836384358736,25903.350000000002,25815.450000000004,25991.25,26165.400000000005,26603.250000000004,25465.500000000004,25203.45,24765.600000000002,3701731
2026-02-04T12:25:00+05:30,25727.2,25756.3,25727.2,25748,25681.427031000374,,25730.74622615468,25731.86910748699,25903.350000000002,25815.450000000004,25991.25,26165.400000000005,26603.250000000004,25465.500000000004,25203.45,24765.600000000002,5809443
2026-02-04T12:30:00+05:30,25746.85,25747.7,25731.35,25738.5,25681.427031000374,,25731.484680806614,25733.19528598959,25903.350000000002,25815.450000000004,25991.25,26165.400000000005,26603.250000000004,25465.500000000004,25203.45,24765.600000000002,4752872
2026-02-04T12:35:00+05:30,25738,25742.95,25727.2,25741.55,25681.427031000374,,25732.443282634555,25734.86622879167,25903.350000000002,25815.450000000004,25991.25,26165.400000000005,26603.250000000004,25465.500000000004,25203.45,24765.600000000002,6758561
2026-02-04T12:40:00+05:30,25741.2,25762.95,25738.7,25738.7,25689.07195326584,,25733.039160478882,25735.632983033338,25903.350000000002,25815.450000000004,25991.25,26165.400000000005,26603.250000000004,25465.500000000004,25203.45,24765.600000000002,5054462
2026-02-04T12:45:00+05:30,25738.6,25738.9,25722.2,25723.35,25689.07195326584,,25732.116383290417,25733.17638642667,25903.350000000002,25815.450000000004,25991.25,26165.400000000005,26603.250000000004,25465.500000000004,25203.45,24765.600000000002,3878749
2026-02-04T12:50:00+05:30,25723.9,25725,25712.45,25720.4,25689.07195326584,,25731.000537262757,25730.621109141335,25903.350000000002,25815.450000000004,25991.25,26165.400000000005,26603.250000000004,25465.500000000004,25203.45,24765.600000000002,8423905
2026-02-04T12:55:00+05:30,25720.1,25721.6,25701.25,25705.15,25689.07195326584,,25728.53858133297,25725.52688731307,25903.350000000002,25815.450000000004,25991.25,26165.400000000005,26603.250000000004,25465.500000000004,25203.45,24765.600000000002,3549843
2026-02-04T13:00:00+05:30,25704.55,25718.25,25702.65,25717.1,25689.07195326584,,25727.44919263459,25723.841509850456,25903.350000000002,25815.450000000004,25991.25,26165.400000000005,26603.250000000004,25465.500000000004,25203.45,24765.600000000002,3529627
2026-02-04T13:05:00+05:30,25717.2,25738.1,25715.6,25733.9,25689.07195326584,,25728.06355524082,25725.853207880366,25903.350000000002,25815.450000000004,25991.25,26165.400000000005,26603.250000000004,25465.500000000004,25203.45,24765.600000000002,3420547
2026-02-04T13:10:00+05:30,25734.15,25740.95,25728.8,25736.75,25689.07195326584,,25728.890835694074,25728.032566304293,25903.350000000002,25815.450000000004,25991.25,26165.400000000005,26603.250000000004,25465.500000000004,25203.45,24765.600000000002,2641708
2026-02-04T13:15:00+05:30,25735.9,25744,25727.85,25734.7,25689.07195326584,,25729.444089437497,25729.366053043435,25903.350000000002,25815.450000000004,25991.25,26165.400000000005,26603.250000000004,25465.500000000004,25203.45,24765.600000000002,3117110
2026-02-04T13:20:00+05:30,25736.95,25752.2,25734.6,25750.6,25689.07195326584,,25731.458938062497,25733.612842434748,25903.350000000002,25815.450000000004,25991.25,26165.400000000005,26603.250000000004,25465.500000000004,25203.45,24765.600000000002,2829214
2026-02-04T13:25:00+05:30,25750.55,25759.25,25748.75,25757.25,25701.19790538141,,25733.915229675593,25738.340273947797,25903.350000000002,25815.450000000004,25991.25,26165.400000000005,26603.250000000004,25465.500000000004,25203.45,24765.600000000002,3151150
2026-02-04T13:30:00+05:30,25757.95,25768.9,25757.05,25765.15,25711.89811484327,,25736.889969706488,25743.702219158236,25903.350000000002,25815.450000000004,25991.25,26165.400000000005,26603.250000000004,25465.500000000004,25203.45,24765.600000000002,3555148
2026-02-04T13:35:00+05:30,25764.35,25772.5,25757.45,25770.9,25714.49080335894,,25740.129020210632,25749.14177532659,25903.350000000002,25815.450000000004,25991.25,26165.400000000005,26603.250000000004,25465.500000000004,25203.45,24765.600000000002,3195410
2026-02-04T13:40:00+05:30,25771.5,25772.7,25767.25,25771.35,25722.904223023048,,25743.10244685724,25753.58342026127,25903.350000000002,25815.450000000004,25991.25,26165.400000000005,26603.250000000004,25465.500000000004,25203.45,24765.600000000002,2972299
2026-02-04T13:45:00+05:30,25770.2,25772.55,25762.45,25764.4,25722.904223023048,,25745.13078525179,25755.746736209017,25903.350000000002,25815.450000000004,25991.25,26165.400000000005,26603.250000000004,25465.500000000004,25203.45,24765.600000000002,2834478
2026-02-04T13:50:00+05:30,25764.5,25787.1,25761,25786.25,25725.36567064867,,25749.046900942096,25761.847388967213,25903.350000000002,25815.450000000004,25991.25,26165.400000000005,26603.250000000004,25465.500000000004,25203.45,24765.600000000002,3632489
2026-02-04T13:55:00+05:30,25786.75,25788.25,25772.6,25775.1,25731.9141035838,,25751.52814847142,25764.49791117377,25903.350000000002,25815.450000000004,25991.25,26165.400000000005,26603.250000000004,25465.500000000004,25203.45,24765.600000000002,2985000
2026-02-04T14:00:00+05:30,25774.95,25775.8,25755.25,25766.2,25731.9141035838,,25752.92546766462,25764.838328939015,25903.350000000002,25815.450000000004,25991.25,26165.400000000005,26603.250000000004,25465.500000000004,25203.45,24765.600000000002,3298255
2026-02-04T14:05:00+05:30,25765.6,25767.9,25757.1,25766.55,25731.9141035838,,25754.22304217275,25765.18066315121,25903.350000000002,25815.450000000004,25991.25,26165.400000000005,26603.250000000004,25465.500000000004,25203.45,24765.600000000002,2832332
2026-02-04T14:10:00+05:30,25766.75,25791.7,25765.25,25790.9,25731.9141035838,,25757.716085775348,25770.32453052097,25903.350000000002,25815.450000000004,25991.25,26165.400000000005,26603.250000000004,25465.500000000004,25203.45,24765.600000000002,5003646
2026-02-04T14:15:00+05:30,25789.95,25813.9,25789.95,25806.2,25748.651815861336,,25762.33360141579,25777.499624416778,25903.350000000002,25815.450000000004,25991.25,26165.400000000005,26603.250000000004,25465.500000000004,25203.45,24765.600000000002,6155385
2026-02-04T14:20:00+05:30,25806.7,25818.55,25799.75,25801,25755.5641342752,,25766.01611556667,25782.199699533423,25903.350000000002,25815.450000000004,25991.25,26165.400000000005,26603.250000000004,25465.500000000004,25203.45,24765.600000000002,4400139
2026-02-04T14:25:00+05:30,25801.25,25801.25,25788.35,25798.2,25755.5641342752,,25769.081247417464,25785.39975962674,25903.350000000002,25815.450000000004,25991.25,26165.400000000005,26603.250000000004,25465.500000000004,25203.45,24765.600000000002,3849104
2026-02-04T14:30:00+05:30,25797.75,25804.05,25793.15,25799.2,25755.5641342752,,25771.949700044373,25788.15980770139,25903.350000000002,25815.450000000004,25991.25,26165.400000000005,26603.250000000004,25465.500000000004,25203.45,24765.600000000002,4230323
2026-02-04T14:35:00+05:30,25799.4,25815.7,25795.85,25811.5,25755.5641342752,,25775.716395278243,25792.82784616111,25903.350000000002,25815.450000000004,25991.25,26165.400000000005,26603.250000000004,25465.500000000004,25203.45,24765.600000000002,4774191
2026-02-04T14:40:00+05:30,25811.45,25813.25,25803.9,25809.35,25759.78288349796,,25778.919595727933,25796.13227692889,25903.350000000002,25815.450000000004,25991.25,26165.400000000005,26603.250000000004,25465.500000000004,25203.45,24765.600000000002,5017735
2026-02-04T14:45:00+05:30,25809.7,25812.65,25782.25,25795.05,25759.78288349796,,25780.455824706227,25795.915821543113,25903.350000000002,25815.450000000004,25991.25,26165.400000000005,26603.250000000004,25465.500000000004,25203.45,24765.600000000002,7392940
2026-02-04T14:50:00+05:30,25795.25,25799.55,25791.5,25795.65,25759.78288349796,,25781.90288901992,25795.86265723449,25903.350000000002,25815.450000000004,25991.25,26165.400000000005,26603.250000000004,25465.500000000004,25203.45,24765.600000000002,5911150
2026-02-04T14:55:00+05:30,25795.3,25798.7,25779.85,25782.65,25759.78288349796,,25781.974042446593,25793.220125787593,25903.350000000002,25815.450000000004,25991.25,26165.400000000005,26603.250000000004,25465.500000000004,25203.45,24765.600000000002,5340755
2026-02-04T15:00:00+05:30,25784.8,25812.4,25784.8,25789.9,25759.78288349796,,25782.728895546916,25792.556100630074,25903.350000000002,25815.450000000004,25991.25,26165.400000000005,26603.250000000004,25465.500000000004,25203.45,24765.600000000002,11218252
2026-02-04T15:05:00+05:30,25790.05,25796.55,25780.2,25784.65,25759.78288349796,,25782.91185787578,25790.974880504058,25903.350000000002,25815.450000000004,25991.25,26165.400000000005,26603.250000000004,25465.500000000004,25203.45,24765.600000000002,9593744
2026-02-04T15:10:00+05:30,25785.45,25789.3,25780.35,25783.1,25759.78288349796,,25782.929776173325,25789.399904403246,25903.350000000002,25815.450000000004,25991.25,26165.400000000005,26603.250000000004,25465.500000000004,25203.45,24765.600000000002,11611324
2026-02-04T15:15:00+05:30,25783,25790.25,25768.95,25768.95,25759.78288349796,,25781.598368918723,25785.309923522596,25903.350000000002,25815.450000000004,25991.25,26165.400000000005,26603.250000000004,25465.500000000004,25203.45,24765.600000000002,11919283
2026-02-04T15:20:00+05:30,25770.1,25771.45,25755.9,25759.7,,25815.685412453633,25779.512809974083,25780.18793881808,25903.350000000002,25815.450000000004,25991.25,26165.400000000005,26603.250000000004,25465.500000000004,25203.45,24765.600000000002,13007280
2026-02-04T15:25:00+05:30,25760.85,25764.6,25737.5,25737.5,,25805.989371208263,25775.51158997655,25771.650351054464,25903.350000000002,25815.450000000004,25991.25,26165.400000000005,26603.250000000004,25465.500000000004,25203.45,24765.600000000002,12169930
2026-02-05T09:15:00+05:30,25749.6,25757.65,25681.85,25727.35,,25791.93543408744,25770.924771883547,25762.790280843572,25719.5,25691.25,25747.75,25875.05,25974.100000000002,25620.45,25464.9,25365.850000000002,18144839
2026-02-05T09:20:00+05:30,25728.3,25728.3,25680.6,25682.3,,25783.726890678692,25762.484317418446,25746.692224674858,25719.5,25691.25,25747.75,25875.05,25974.100000000002,25620.45,25464.9,25365.850000000002,9216261
2026-02-05T09:25:00+05:30,25682.6,25690.65,25666.15,25690.65,,25757.09920161083,25755.642953854785,25735.483779739887,25719.5,25691.25,25747.75,25875.05,25974.100000000002,25620.45,25464.9,25365.850000000002,6993301
2026-02-05T09:30:00+05:30,25690.7,25729.55,25690.7,25692.75,,25757.09920161083,25749.65314872576,25726.93702379191,25719.5,25691.25,25747.75,25875.05,25974.100000000002,25620.45,25464.9,25365.850000000002,6470709
2026-02-05T09:35:00+05:30,25692.95,25707.05,25663.45,25677.85,,25757.09920161083,25742.814753609022,25717.11961903353,25719.5,25691.25,25747.75,25875.05,25974.100000000002,25620.45,25464.9,25365.850000000002,6248588
2026-02-05T09:40:00+05:30,25679.6,25680.35,25633.85,25635.15,,25749.64641797429,25732.56096755102,25700.72569522682,25719.5,25691.25,25747.75,25875.05,25974.100000000002,25620.45,25464.9,25365.850000000002,5894191
2026-02-05T09:45:00+05:30,25635.3,25641.8,25622.5,25631.65,,25721.231776176865,25722.950399212827,25686.910556181458,25719.5,25691.25,25747.75,25875.05,25974.100000000002,25620.45,25464.9,25365.850000000002,5039655
2026-02-05T09:50:00+05:30,25631.75,25647.05,25621.25,25624.6,,25721.231776176865,25713.58369452589,25674.448444945167,25719.5,25691.25,25747.75,25875.05,25974.100000000002,25620.45,25464.9,25365.850000000002,4715448
2026-02-05T09:55:00+05:30,25625.25,25643.8,25612.9,25637.65,,25716.742238703257,25706.351914094852,25667.088755956134,25719.5,25691.25,25747.75,25875.05,25974.100000000002,25620.45,25464.9,25365.850000000002,3737559
2026-02-05T10:00:00+05:30,25637.35,25643.1,25622.55,25636.85,,25716.742238703257,25699.732684181057,25661.041004764906,25719.5,25691.25,25747.75,25875.05,25974.100000000002,25620.45,25464.9,25365.850000000002,3548174
2026-02-05T10:05:00+05:30,25637.65,25646,25630,25637.1,,25716.742238703257,25693.767666640004,25656.252803811924,25719.5,25691.25,25747.75,25875.05,25974.100000000002,25620.45,25464.9,25365.850000000002,3501878
2026-02-05T10:10:00+05:30,25635.55,25676.7,25635.35,25672.75,,25716.742238703257,25691.76598410286,25659.55224304954,25719.5,25691.25,25747.75,25875.05,25974.100000000002,25620.45,25464.9,25365.850000000002,5359563
2026-02-05T10:15:00+05:30,25672.5,25673.1,25657.3,25670.55,,25716.742238703257,25689.745414188303,25661.75179443963,25719.5,25691.25,25747.75,25875.05,25974.100000000002,25620.45,25464.9,25365.850000000002,3209643
2026-02-05T10:20:00+05:30,25670.6,25700.45,25670.6,25694.6,,25716.742238703257,25690.207755694177,25668.321435551705,25719.5,25691.25,25747.75,25875.05,25974.100000000002,25620.45,25464.9,25365.850000000002,4682713
2026-02-05T10:25:00+05:30,25694.85,25698.35,25668.95,25669.55,,25716.742238703257,25688.24035038997,25668.567148441365,25719.5,25691.25,25747.75,25875.05,25974.100000000002,25620.45,25464.9,25365.850000000002,3165937
2026-02-05T10:30:00+05:30,25668.9,25670.85,25641.2,25646.7,,25716.742238703257,25684.284126543305,25664.193718753093,25719.5,25691.25,25747.75,25875.05,25974.100000000002,25620.45,25464.9,25365.850000000002,5825920
2026-02-05T10:35:00+05:30,25646.9,25653.4,25626.65,25627.8,,25716.742238703257,25678.904685920133,25656.914975002474,25719.5,25691.25,25747.75,25875.05,25974.100000000002,25620.45,25464.9,25365.850000000002,3076107
2026-02-05T10:40:00+05:30,25627.45,25651,25623.55,25642.65,,25716.742238703257,25675.451858689645,25654.061980001978,25719.5,25691.25,25747.75,25875.05,25974.100000000002,25620.45,25464.9,25365.850000000002,2956910
2026-02-05T10:45:00+05:30,25642.8,25649.15,25636.5,25639.95,,25716.742238703257,25672.07072929063,25651.23958400158,25719.5,25691.25,25747.75,25875.05,25974.100000000002,25620.45,25464.9,25365.850000000002,4384085
2026-02-05T10:50:00+05:30,25640.25,25651.15,25633.7,25635.05,,25716.742238703257,25668.544945548667,25648.001667201264,25719.5,25691.25,25747.75,25875.05,25974.100000000002,25620.45,25464.9,25365.850000000002,2972181
2026-02-05T10:55:00+05:30,25633.55,25635.85,25616,25624,,25700.583252447297,25664.30256978213,25643.20133376101,25719.5,25691.25,25747.75,25875.05,25974.100000000002,25620.45,25464.9,25365.850000000002,3413142
2026-02-05T11:00:00+05:30,25624.35,25649.3,25611.6,25643.1,,25700.583252447297,25662.283277421924,25643.18106700881,25719.5,25691.25,25747.75,25875.05,25974.100000000002,25620.45,25464.9,25365.850000000002,4580718
2026-02-05T11:05:00+05:30,25643.25,25663.4,25642.75,25662.85,,25700.583252447297,25662.337251000787,25647.114853607047,25719.5,25691.25,25747.75,25875.05,25974.100000000002,25620.45,25464.9,25365.850000000002,3275207
2026-02-05T11:10:00+05:30,25662.25,25678.25,25658.65,25673.55,,25700.583252447297,25663.405131857853,25652.40188288564,25719.5,25691.25,25747.75,25875.05,25974.100000000002,25620.45,25464.9,25365.850000000002,2515809
2026-02-05T11:15:00+05:30,25673.65,25676.9,25646.85,25647.8,,25700.583252447297,25661.918928823772,25651.48150630851,25719.5,25691.25,25747.75,25875.05,25974.100000000002,25620.45,25464.9,25365.850000000002,4516354
2026-02-05T11:20:00+05:30,25647.05,25655.7,25644.6,25645,,25700.583252447297,25660.307602269128,25650.185205046808,25719.5,25691.25,25747.75,25875.05,25974.100000000002,25620.45,25464.9,25365.850000000002,3406733
2026-02-05T11:25:00+05:30,25644.9,25655.3,25639.4,25653.05,,25700.583252447297,25659.61640205302,25650.758164037445,25719.5,25691.25,25747.75,25875.05,25974.100000000002,25620.45,25464.9,25365.850000000002,3589739
2026-02-05T11:30:00+05:30,25652.55,25665.85,25645.95,25647.3,,25700.583252447297,25658.443411381304,25650.066531229957,25719.5,25691.25,25747.75,25875.05,25974.100000000002,25620.45,25464.9,25365.850000000002,3034508
2026-02-05T11:35:00+05:30,25647.4,25674.35,25641.75,25671.05,,25700.583252447297,25659.6440388688,25654.263224983966,25719.5,25691.25,25747.75,25875.05,25974.100000000002,25620.45,25464.9,25365.850000000002,2948062
2026-02-05T11:40:00+05:30,25671.45,25680.2,25665.6,25666.3,,25700.583252447297,25660.277939928914,25656.670579987174,25719.5,25691.25,25747.75,25875.05,25974.100000000002,25620.45,25464.9,25365.850000000002,3027009
2026-02-05T11:45:00+05:30,25666.35,25668.3,25631.3,25635.05,,25700.583252447297,25657.8752789833,25652.34646398974,25719.5,25691.25,25747.75,25875.05,25974.100000000002,25620.45,25464.9,25365.850000000002,4982122
2026-02-05T11:50:00+05:30,25634.9,25638.9,25629.65,25638.35,,25700.583252447297,25656.01572860394,25649.547171191793,25719.5,25691.25,25747.75,25875.05,25974.100000000002,25620.45,25464.9,25365.850000000002,2343149
2026-02-05T11:55:00+05:30,25638.2,25652.25,25637.15,25651.9,,25700.583252447297,25655.623754451182,25650.017736953436,25719.5,25691.25,25747.75,25875.05,25974.100000000002,25620.45,25464.9,25365.850000000002,3779979
2026-02-05T12:00:00+05:30,25651.35,25654.55,25635,25651.3,,25700.583252447297,25655.211968312975,25650.274189562748,25719.5,25691.25,25747.75,25875.05,25974.100000000002,25620.45,25464.9,25365.850000000002,2346509
2026-02-05T12:05:00+05:30,25652.35,25657.7,25631.65,25636.95,,25700.583252447297,25653.47273323555,25647.609351650197,25719.5,25691.25,25747.75,25875.05,25974.100000000002,25620.45,25464.9,25365.850000000002,3802968
2026-02-05T12:10:00+05:30,25636.55,25642.1,25627.1,25629.8,,25699.16928736591,25651.21818721312,25644.047481320158,25719.5,25691.25,25747.75,25875.05,25974.100000000002,25620.45,25464.9,25365.850000000002,2556688
2026-02-05T12:15:00+05:30,25629.7,25630.5,25614.7,25615.05,,25685.452358629318,25647.773597954725,25638.247985056125,25719.5,25691.25,25747.75,25875.05,25974.100000000002,25620.45,25464.9,25365.850000000002,2836388
2026-02-05T12:20:00+05:30,25615.65,25622.05,25611.1,25616.4,,25676.427122766385,25644.785636244753,25633.8783880449,25719.5,25691.25,25747.75,25875.05,25974.100000000002,25620.45,25464.9,25365.850000000002,3886062
2026-02-05T12:25:00+05:30,25616.05,25626.5,25611.7,25621.55,,25676.427122766385,25642.572718507156,25631.41271043592,25719.5,25691.25,25747.75,25875.05,25974.100000000002,25620.45,25464.9,25365.850000000002,3289406
2026-02-05T12:30:00+05:30,25620.9,25634.95,25603.75,25618.1,,25676.427122766385,25640.241983411237,25628.750168348735,25719.5,25691.25,25747.75,25875.05,25974.100000000002,25620.45,25464.9,25365.850000000002,3272517
2026-02-05T12:35:00+05:30,25617.55,25627.8,25617.55,25621.35,,25676.427122766385,25638.442746895882,25627.270134678987,25719.5,25691.25,25747.75,25875.05,25974.100000000002,25620.45,25464.9,25365.850000000002,2155012
2026-02-05T12:40:00+05:30,25622.05,25627.35,25614.9,25617.45,,25676.427122766385,25636.4434376677,25625.30610774319,25719.5,25691.25,25747.75,25875.05,25974.100000000002,25620.45,25464.9,25365.850000000002,2245913
2026-02-05T12:45:00+05:30,25617.2,25628.65,25616.9,25625.55,,25676.427122766385,25635.405967413633,25625.35488619455,25719.5,25691.25,25747.75,25875.05,25974.100000000002,25620.45,25464.9,25365.850000000002,2315822
2026-02-05T12:50:00+05:30,25626.3,25636.9,25619.25,25623.3,,25676.427122766385,25634.253018136144,25624.94390895564,25719.5,25691.25,25747.75,25875.05,25974.100000000002,25620.45,25464.9,25365.850000000002,2500024
2026-02-05T12:55:00+05:30,25622.95,25646.55,25606.75,25640.8,,25676.427122766385,25634.876540218414,25628.11512716451,25719.5,25691.25,25747.75,25875.05,25974.100000000002,25620.45,25464.9,25365.850000000002,3012646
2026-02-05T13:00:00+05:30,25640.1,25642.2,25633.35,25637.7,,25676.427122766385,25635.145441149994,25630.03210173161,25719.5,25691.25,25747.75,25875.05,25974.100000000002,25620.45,25464.9,25365.850000000002,2390985
2026-02-05T13:05:00+05:30,25638.45,25644.55,25634.45,25642.55,,25676.427122766385,25635.850637230946,25632.53568138529,25719.5,25691.25,25747.75,25875.05,25974.100000000002,25620.45,25464.9,25365.850000000002,2162296
2026-02-05T13:10:00+05:30,25643.7,25646.45,25629.55,25636.8,,25676.427122766385,25635.94105273276,25633.38854510823,25719.5,25691.25,25747.75,25875.05,25974.100000000002,25620.45,25464.9,25365.850000000002,3032693
2026-02-05T13:15:00+05:30,25637.45,25653.25,25637.45,25650.55,,25676.427122766385,25637.332381043925,25636.820836086586,25719.5,25691.25,25747.75,25875.05,25974.100000000002,25620.45,25464.9,25365.850000000002,2620534
2026-02-05T13:20:00+05:30,25651.3,25657.3,25643.4,25644.65,,25676.427122766385,25638.02929713498,25638.38666886927,25719.5,25691.25,25747.75,25875.05,25974.100000000002,25620.45,25464.9,25365.850000000002,2474681
2026-02-05T13:25:00+05:30,25644.45,25645,25611.2,25612.3,,25676.427122766385,25635.57888788403,25633.169335095416,25719.5,25691.25,25747.75,25875.05,25974.100000000002,25620.45,25464.9,25365.850000000002,2906868
2026-02-05T13:30:00+05:30,25611.7,25633.7,25611.7,25632.55,,25676.427122766385,25635.290422371265,25633.045468076332,25719.5,25691.25,25747.75,25875.05,25974.100000000002,25620.45,25464.9,25365.850000000002,2903788
2026-02-05T13:35:00+05:30,25632.25,25643.5,25626.05,25639,,25676.427122766385,25635.643715478764,25634.236374461067,25719.5,25691.25,25747.75,25875.05,25974.100000000002,25620.45,25464.9,25365.850000000002,3327823
2026-02-05T13:40:00+05:30,25639.6,25643.4,25632.8,25635.9,,25676.427122766385,25635.668123528405,25634.569099568853,25719.5,25691.25,25747.75,25875.05,25974.100000000002,25620.45,25464.9,25365.850000000002,2883144
2026-02-05T13:45:00+05:30,25635.8,25645.15,25632,25642.4,,25676.427122766385,25636.309254620937,25636.135279655082,25719.5,25691.25,25747.75,25875.05,25974.100000000002,25620.45,25464.9,25365.850000000002,3596028
2026-02-05T13:50:00+05:30,25641.95,25647.4,25629.05,25629.4,,25676.427122766385,25635.651230371324,25634.788223724066,25719.5,25691.25,25747.75,25875.05,25974.100000000002,25620.45,25464.9,25365.850000000002,3125543
2026-02-05T13:55:00+05:30,25629.95,25635.3,25621.05,25635.25,,25676.427122766385,25635.61301795501,25634.880578979253,25719.5,25691.25,25747.75,25875.05,25974.100000000002,25620.45,25464.9,25365.850000000002,3743131
2026-02-05T14:00:00+05:30,25635.4,25642,25621.95,25627.25,,25676.427122766385,25634.816540054533,25633.3544631834,25719.5,25691.25,25747.75,25875.05,25974.100000000002,25620.45,25464.9,25365.850000000002,3736421
2026-02-05T14:05:00+05:30,25627.95,25627.95,25592.2,25594.4,,25668.829638765314,25630.967345763624,25625.56357054672,25719.5,25691.25,25747.75,25875.05,25974.100000000002,25620.45,25464.9,25365.850000000002,5417799
2026-02-05T14:10:00+05:30,25594.7,25599.2,25579.5,25596.95,,25648.13917488878,25627.72759854804,25619.84085643738,25719.5,25691.25,25747.75,25875.05,25974.100000000002,25620.45,25464.9,25365.850000000002,4574697
2026-02-05T14:15:00+05:30,25597.45,25601.5,25589.9,25597.4,,25648.13917488878,25624.83925582918,25615.352685149905,25719.5,25691.25,25747.75,25875.05,25974.100000000002,25620.45,25464.9,25365.850000000002,4730479
2026-02-05T14:20:00+05:30,25597.85,25605.35,25595.9,25598.95,,25648.13917488878,25622.37361241688,25612.072148119925,25719.5,25691.25,25747.75,25875.05,25974.100000000002,25620.45,25464.9,25365.850000000002,3559327
2026-02-05T14:25:00+05:30,25598.9,25617.65,25594.55,25611.9,,25648.13917488878,25621.376125520033,25612.03771849594,25719.5,25691.25,25747.75,25875.05,25974.100000000002,25620.45,25464.9,25365.850000000002,3843427
2026-02-05T14:30:00+05:30,25611.8,25627.35,25606.35,25626.4,,25648.13917488878,25621.85458975622,25614.91017479675,25719.5,25691.25,25747.75,25875.05,25974.100000000002,25620.45,25464.9,25365.850000000002,3677835
2026-02-05T14:35:00+05:30,25626.7,25640.35,25626.7,25631.1,,25648.13917488878,25622.735105017535,25618.1481398374,25719.5,25691.25,25747.75,25875.05,25974.100000000002,25620.45,25464.9,25365.850000000002,6548266
2026-02-05T14:40:00+05:30,25631.85,25634.2,25620.55,25624.05,,25648.13917488878,25622.860333111104,25619.32851186992,25719.5,25691.25,25747.75,25875.05,25974.100000000002,25620.45,25464.9,25365.850000000002,3655891
2026-02-05T14:45:00+05:30,25624.25,25626.9,25609.05,25620.8,,25648.13917488878,25622.664110910046,25619.622809495937,25719.5,25691.25,25747.75,25875.05,25974.100000000002,25620.45,25464.9,25365.850000000002,4675782
2026-02-05T14:50:00+05:30,25620.2,25632.1,25618.05,25630.2,,25648.13917488878,25623.3818146329,25621.73824759675,25719.5,25691.25,25747.75,25875.05,25974.100000000002,25620.45,25464.9,25365.850000000002,4103038
2026-02-05T14:55:00+05:30,25630.15,25649,25630.15,25645.2,,25648.13917488878,25625.459737048815,25626.4305980774,25719.5,25691.25,25747.75,25875.05,25974.100000000002,25620.45,25464.9,25365.850000000002,5110924
2026-02-05T15:00:00+05:30,25646.05,25669.45,25645.95,25665.25,25603.129833395946,,25629.24928590131,25634.19447846192,25719.5,25691.25,25747.75,25875.05,25974.100000000002,25620.45,25464.9,25365.850000000002,9351853
2026-02-05T15:05:00+05:30,25665.55,25669.75,25631.2,25643.2,25603.129833395946,,25630.577925339283,25635.995582769534,25719.5,25691.25,25747.75,25875.05,25974.100000000002,25620.45,25464.9,25365.850000000002,10356985
2026-02-05T15:10:00+05:30,25644.75,25649.45,25630.45,25647.8,25603.129833395946,,25632.218122926017,25638.356466215628,25719.5,25691.25,25747.75,25875.05,25974.100000000002,25620.45,25464.9,25365.850000000002,10200054
2026-02-05T15:15:00+05:30,25647.75,25649.75,25621.85,25629.25,25603.129833395946,,25631.93544455211,25636.5351729725,25719.5,25691.25,25747.75,25875.05,25974.100000000002,25620.45,25464.9,25365.850000000002,13179518
2026-02-05T15:20:00+05:30,25630.45,25642.15,25621.55,25640.95,25603.129833395946,,25632.793973642383,25637.418138378,25719.5,25691.25,25747.75,25875.05,25974.100000000002,25620.45,25464.9,25365.850000000002,10493266
2026-02-05T15:25:00+05:30,25642.7,25645.6,25629.3,25641.6,25603.129833395946,,25633.6326428193,25638.2545107024,25719.5,25691.25,25747.75,25875.05,25974.100000000002,25620.45,25464.9,25365.850000000002,10262751
2026-02-06T09:15:00+05:30,25621,25630.8,25553.55,25603.5,25603.129833395946,,25630.7628673127,25631.30360856192,25659.983333333334,25651.391666666666,25668.575,25740.466666666667,25838.13333333333,25562.316666666666,25481.833333333332,25384.166666666664,19843011
2026-02-06T09:20:00+05:30,25600.65,25601.85,25578.45,25587.85,,25671.008826684203,25626.675927568635,25622.612886849536,25659.983333333334,25651.391666666666,25668.575,25740.466666666667,25838.13333333333,25562.316666666666,25481.833333333332,25384.166666666664,8024486
2026-02-06T09:25:00+05:30,25588.1,25596.95,25570.5,25574.35,,25664.43294401578,25621.69250589543,25612.96030947963,25659.983333333334,25651.391666666666,25668.575,25740.466666666667,25838.13333333333,25562.316666666666,25481.833333333332,25384.166666666664,8720579
2026-02-06T09:30:00+05:30,25574.6,25574.6,25554.5,25563.6,,25643.217149614204,25616.15988628634,25603.088247583702,25659.983333333334,25651.391666666666,25668.575,25740.466666666667,25838.13333333333,25562.316666666666,25481.833333333332,25384.166666666664,6425976
2026-02-06T09:35:00+05:30,25563.65,25565.8,25534.2,25544.3,,25630.280434652785,25609.3160875924,25591.33059806696,25659.983333333334,25651.391666666666,25668.575,25740.466666666667,25838.13333333333,25562.316666666666,25481.833333333332,25384.166666666664,5580093
2026-02-06T09:40:00+05:30,25543.45,25547.7,25522.25,25526.3,,25614.862391187504,25601.409793535982,25578.324478453567,25659.983333333334,25651.391666666666,25668.575,25740.466666666667,25838.13333333333,25562.316666666666,25481.833333333332,25384.166666666664,3831493
2026-02-06T09:45:00+05:30,25527.2,25569,25527.2,25569,,25614.862391187504,25598.323146532555,25576.459582762855,25659.983333333334,25651.391666666666,25668.575,25740.466666666667,25838.13333333333,25562.316666666666,25481.833333333332,25384.166666666664,6056075
2026-02-06T09:50:00+05:30,25569.25,25570.8,25553,25554.25,,25614.862391187504,25594.125704005644,25572.017666210282,25659.983333333334,25651.391666666666,25668.575,25740.466666666667,25838.13333333333,25562.316666666666,25481.833333333332,25384.166666666664,3772477
2026-02-06T09:55:00+05:30,25554.2,25554.6,25538.05,25552.35,,25614.862391187504,25590.147065528916,25568.084132968226,25659.983333333334,25651.391666666666,25668.575,25740.466666666667,25838.13333333333,25562.316666666666,25481.833333333332,25384.166666666664,3473606
2026-02-06T10:00:00+05:30,25553.55,25560.45,25519.15,25535.55,,25614.862391187504,25584.94734500235,25561.57730637458,25659.983333333334,25651.391666666666,25668.575,25740.466666666667,25838.13333333333,25562.316666666666,25481.833333333332,25384.166666666664,3242024
2026-02-06T10:05:00+05:30,25534.85,25542.15,25520.8,25531.75,,25612.52285662231,25579.8809311926,25555.611845099666,25659.983333333334,25651.391666666666,25668.575,25740.466666666667,25838.13333333333,25562.316666666666,25481.833333333332,25384.166666666664,3708736
2026-02-06T10:10:00+05:30,25531.55,25533.5,25504.6,25515.8,,25600.66307096008,25573.777985364733,25547.649476079732,25659.983333333334,25651.391666666666,25668.575,25740.466666666667,25838.13333333333,25562.316666666666,25481.833333333332,25384.166666666664,4298733
2026-02-06T10:15:00+05:30,25517.2,25553.2,25511.6,25544.85,,25600.66307096008,25571.022939139522,25547.089580863787,25659.983333333334,25651.391666666666,25668.575,25740.466666666667,25838.13333333333,25562.316666666666,25481.833333333332,25384.166666666664,3677469
2026-02-06T10:20:00+05:30,25543.95,25558.8,25539.45,25544.7,,25600.66307096008,25568.515992554807,25546.61166469103,25659.983333333334,25651.391666666666,25668.575,25740.466666666667,25838.13333333333,25562.316666666666,25481.833333333332,25384.166666666664,2679581
2026-02-06T10:25:00+05:30,25543.95,25546.4,25506.65,25506.65,,25600.66307096008,25562.623993263875,25538.619331752823,25659.983333333334,25651.391666666666,25668.575,25740.466666666667,25838.13333333333,25562.316666666666,25481.833333333332,25384.166666666664,4725474
2026-02-06T10:30:00+05:30,25507.1,25514.15,25496.1,25504.8,,25588.61880585691,25557.11694628636,25531.85546540226,25659.983333333334,25651.391666666666,25668.575,25740.466666666667,25838.13333333333,25562.316666666666,25481.833333333332,25384.166666666664,4734249
2026-02-06T10:35:00+05:30,25504.85,25525.85,25502.4,25522.45,,25588.61880585691,25553.815332354327,25529.97437232181,25659.983333333334,25651.391666666666,25668.575,25740.466666666667,25838.13333333333,25562.316666666666,25481.833333333332,25384.166666666664,4497474
2026-02-06T10:40:00+05:30,25521.6,25523.65,25497.9,25502.4,,25588.61880585691,25548.918634034868,25524.459497857446,25659.983333333334,25651.391666666666,25668.575,25740.466666666667,25838.13333333333,25562.316666666666,25481.833333333332,25384.166666666664,3401118
2026-02-06T10:45:00+05:30,25501.7,25518.05,25496.95,25507.8,,25587.347834469685,25545.002573650596,25521.127598285955,25659.983333333334,25651.391666666666,25668.575,25740.466666666667,25838.13333333333,25562.316666666666,25481.833333333332,25384.166666666664,3618238
2026-02-06T10:50:00+05:30,25507.55,25513.5,25492.4,25498.25,,25581.14305102272,25540.549947588635,25516.552078628763,25659.983333333334,25651.391666666666,25668.575,25740.466666666667,25838.13333333333,25562.316666666666,25481.833333333332,25384.166666666664,4076649
2026-02-06T10:55:00+05:30,25498.2,25524.2,25491.9,25522.5,,25581.14305102272,25538.830904961145,25517.741662903012,25659.983333333334,25651.391666666666,25668.575,25740.466666666667,25838.13333333333,25562.316666666666,25481.833333333332,25384.166666666664,3407487
2026-02-06T11:00:00+05:30,25522.75,25548.15,25522.75,25546.75,,25581.14305102272,25539.585104488655,25523.54333032241,25659.983333333334,25651.391666666666,25668.575,25740.466666666667,25838.13333333333,25562.316666666666,25481.833333333332,25384.166666666664,4027691
2026-02-06T11:05:00+05:30,25546.25,25559.55,25543.25,25559.1,,25581.14305102272,25541.443665965926,25530.654664257927,25659.983333333334,25651.391666666666,25668.575,25740.466666666667,25838.13333333333,25562.316666666666,25481.833333333332,25384.166666666664,3747032
2026-02-06T11:10:00+05:30,25558.6,25576.4,25554.85,25576.4,,25581.14305102272,25544.772840635836,25539.80373140634,25659.983333333334,25651.391666666666,25668.575,25740.466666666667,25838.13333333333,25562.316666666666,25481.833333333332,25384.166666666664,9440526
2026-02-06T11:15:00+05:30,25577.8,25581.2,25564.6,25578.2,,25581.14305102272,25547.9563796229,25547.482985125072,25659.983333333334,25651.391666666666,25668.575,25740.466666666667,25838.13333333333,25562.316666666666,25481.833333333332,25384.166666666664,4878696
2026-02-06T11:20:00+05:30,25577.6,25597.55,25575.55,25593,25514.341009171436,,25552.246248230244,25556.58638810006,25659.983333333334,25651.391666666666,25668.575,25740.466666666667,25838.13333333333,25562.316666666666,25481.833333333332,25384.166666666664,4618792
2026-02-06T11:25:00+05:30,25592.9,25598.2,25583.35,25588.55,25521.33190825429,,25555.70374839879,25562.979110480046,25659.983333333334,25651.391666666666,25668.575,25740.466666666667,25838.13333333333,25562.316666666666,25481.833333333332,25384.166666666664,4556269
2026-02-06T11:30:00+05:30,25588.5,25609.8,25582.95,25607.8,25525.821217428864,,25560.665296170337,25571.943288384038,25659.983333333334,25651.391666666666,25668.575,25740.466666666667,25838.13333333333,25562.316666666666,25481.833333333332,25384.166666666664,3961940
2026-02-06T11:35:00+05:30,25607.7,25631.65,25599.85,25627.85,25542.711595685974,,25567.06383939221,25583.12463070723,25659.983333333334,25651.391666666666,25668.575,25740.466666666667,25838.13333333333,25562.316666666666,25481.833333333332,25384.166666666664,8260984
2026-02-06T11:40:00+05:30,25627.6,25644.5,25623.45,25623.8,25561.925436117377,,25572.46728325962,25591.259704565782,25659.983333333334,25651.391666666666,25668.575,25740.466666666667,25838.13333333333,25562.316666666666,25481.833333333332,25384.166666666664,5366905
2026-02-06T11:45:00+05:30,25623.85,25641.8,25613.2,25636.85,25561.925436117377,,25578.598970568226,25600.377763652625,25659.983333333334,25651.391666666666,25668.575,25740.466666666667,25838.13333333333,25562.316666666666,25481.833333333332,25384.166666666664,5929986
2026-02-06T11:50:00+05:30,25636.65,25639.55,25620.75,25625.65,25561.925436117377,,25583.0800209903,25605.4322109221,25659.983333333334,25651.391666666666,25668.575,25740.466666666667,25838.13333333333,25562.316666666666,25481.833333333332,25384.166666666664,3976710
2026-02-06T11:55:00+05:30,25625.5,25632.55,25616.65,25632.25,25561.925436117377,,25587.76287613408,25610.79576873768,25659.983333333334,25651.391666666666,25668.575,25740.466666666667,25838.13333333333,25562.316666666666,25481.833333333332,25384.166666666664,4321002
2026-02-06T12:00:00+05:30,25631.35,25657.9,25620.8,25621.25,25565.83206113661,,25590.95212602607,25612.886614990144,25659.983333333334,25651.391666666666,25668.575,25740.466666666667,25838.13333333333,25562.316666666666,25481.833333333332,25384.166666666664,4786559
2026-02-06T12:05:00+05:30,25621.15,25621.3,25592.6,25593.95,25565.83206113661,,25591.23763783311,25609.099291992115,25659.983333333334,25651.391666666666,25668.575,25740.466666666667,25838.13333333333,25562.316666666666,25481.833333333332,25384.166666666664,4262122
2026-02-06T12:10:00+05:30,25593.45,25611.65,25588.45,25611.05,25565.83206113661,,25593.124529468052,25609.48943359369,25659.983333333334,25651.391666666666,25668.575,25740.466666666667,25838.13333333333,25562.316666666666,25481.833333333332,25384.166666666664,3878516
2026-02-06T12:15:00+05:30,25611.7,25614.35,25592,25603.4,25565.83206113661,,25594.10314570919,25608.271546874952,25659.983333333334,25651.391666666666,25668.575,25740.466666666667,25838.13333333333,25562.316666666666,25481.833333333332,25384.166666666664,6215284
2026-02-06T12:20:00+05:30,25602.75,25602.75,25570.3,25570.3,25565.83206113661,,25591.83617945117,25600.67723749996,25659.983333333334,25651.391666666666,25668.575,25740.466666666667,25838.13333333333,25562.316666666666,25481.833333333332,25384.166666666664,4420035
2026-02-06T12:25:00+05:30,25570.45,25579.1,25561.35,25573.75,25565.83206113661,,25590.113686170105,25595.291789999967,25659.983333333334,25651.391666666666,25668.575,25740.466666666667,25838.13333333333,25562.316666666666,25481.833333333332,25384.166666666664,3665344
2026-02-06T12:30:00+05:30,25573.25,25573.5,25536.7,25543.3,,25632.659766847497,25585.65523986819,25584.89343199997,25659.983333333334,25651.391666666666,25668.575,25740.466666666667,25838.13333333333,25562.316666666666,25481.833333333332,25384.166666666664,3673668
2026-02-06T12:35:00+05:30,25542.95,25562.6,25542.95,25552.25,,25628.47379016275,25582.47378845217,25578.364745599978,25659.983333333334,25651.391666666666,25668.575,25740.466666666667,25838.13333333333,25562.316666666666,25481.833333333332,25384.166666666664,2827667
2026-02-06T12:40:00+05:30,25552.4,25558.15,25536.95,25543.45,,25622.038911146476,25578.757237171012,25571.381796479982,25659.983333333334,25651.391666666666,25668.575,25740.466666666667,25838.13333333333,25562.316666666666,25481.833333333332,25384.166666666664,3906856
2026-02-06T12:45:00+05:30,25542.8,25570.35,25537.5,25542.05,,25622.038911146476,25575.26130982139,25565.515437183985,25659.983333333334,25651.391666666666,25668.575,25740.466666666667,25838.13333333333,25562.316666666666,25481.833333333332,25384.166666666664,3963013
2026-02-06T12:50:00+05:30,25541.35,25547.85,25531.85,25532,,25613.855518028642,25571.141185076496,25558.81234974719,25659.983333333334,25651.391666666666,25668.575,25740.466666666667,25838.13333333333,25562.316666666666,25481.833333333332,25384.166666666664,3184669
2026-02-06T12:55:00+05:30,25532.3,25563.15,25526.65,25556.7,,25613.855518028642,25569.76583411683,25558.389879797753,25659.983333333334,25651.391666666666,25668.575,25740.466666666667,25838.13333333333,25562.316666666666,25481.833333333332,25384.166666666664,4453504
2026-02-06T13:00:00+05:30,25556.15,25557.8,25540.2,25557.15,,25613.855518028642,25568.564326105705,25558.1419038382,25659.983333333334,25651.391666666666,25668.575,25740.466666666667,25838.13333333333,25562.316666666666,25481.833333333332,25384.166666666664,4075303
2026-02-06T13:05:00+05:30,25557.6,25573.15,25545.3,25553.85,,25613.855518028642,25567.162961714686,25557.28352307056,25659.983333333334,25651.391666666666,25668.575,25740.466666666667,25838.13333333333,25562.316666666666,25481.833333333332,25384.166666666664,4608067
2026-02-06T13:10:00+05:30,25554.3,25565.55,25553.25,25561.45,,25613.855518028642,25566.618870122813,25558.11681845645,25659.983333333334,25651.391666666666,25668.575,25740.466666666667,25838.13333333333,25562.316666666666,25481.833333333332,25384.166666666664,2687680
2026-02-06T13:15:00+05:30,25562.1,25573.65,25559.7,25569.65,,25613.855518028642,25566.907549158735,25560.423454765158,25659.983333333334,25651.391666666666,25668.575,25740.466666666667,25838.13333333333,25562.316666666666,25481.833333333332,25384.166666666664,2609986
2026-02-06T13:20:00+05:30,25569.15,25576.65,25562.75,25569.4,,25613.855518028642,25567.144925429333,25562.218763812125,25659.983333333334,25651.391666666666,25668.575,25740.466666666667,25838.13333333333,25562.316666666666,25481.833333333332,25384.166666666664,2873130
2026-02-06T13:25:00+05:30,25570.5,25574.65,25563.9,25569,,25613.855518028642,25567.321599197967,25563.5750110497,25659.983333333334,25651.391666666666,25668.575,25740.466666666667,25838.13333333333,25562.316666666666,25481.833333333332,25384.166666666664,2730728
2026-02-06T13:30:00+05:30,25569.4,25576.45,25549.1,25562.85,,25613.855518028642,25566.895732607685,25563.430008839758,25659.983333333334,25651.391666666666,25668.575,25740.466666666667,25838.13333333333,25562.316666666666,25481.833333333332,25384.166666666664,3585741
2026-02-06T13:35:00+05:30,25563.55,25589.8,25560.95,25585.85,,25613.855518028642,25568.700900930762,25567.914007071806,25659.983333333334,25651.391666666666,25668.575,25740.466666666667,25838.13333333333,25562.316666666666,25481.833333333332,25384.166666666664,2976146
2026-02-06T13:40:00+05:30,25586.6,25598.75,25575.7,25578.45,,25613.855518028642,25569.629386556404,25570.021205657446,25659.983333333334,25651.391666666666,25668.575,25740.466666666667,25838.13333333333,25562.316666666666,25481.833333333332,25384.166666666664,4344709
2026-02-06T13:45:00+05:30,25578.3,25592.65,25572.05,25588.75,,25613.855518028642,25571.450397360557,25573.766964525956,25659.983333333334,25651.391666666666,25668.575,25740.466666666667,25838.13333333333,25562.316666666666,25481.833333333332,25384.166666666664,4590261
2026-02-06T13:50:00+05:30,25588.9,25620.65,25587.15,25618.6,25533.868028218225,,25575.94083570717,25582.733571620764,25659.983333333334,25651.391666666666,25668.575,25740.466666666667,25838.13333333333,25562.316666666666,25481.833333333332,25384.166666666664,3608757
2026-02-06T13:55:00+05:30,25618.25,25626.1,25602,25617.6,25543.791225396402,,25579.908375163628,25589.70685729661,25659.983333333334,25651.391666666666,25668.575,25740.466666666667,25838.13333333333,25562.316666666666,25481.833333333332,25384.166666666664,3224230
2026-02-06T14:00:00+05:30,25617.4,25633.3,25615.75,25618.85,25556.027102856766,,25583.61710133852,25595.53548583729,25659.983333333334,25651.391666666666,25668.575,25740.466666666667,25838.13333333333,25562.316666666666,25481.833333333332,25384.166666666664,3281577
2026-02-06T14:05:00+05:30,25618.6,25630.9,25618,25625.3,25558.931892571087,,25587.58690121104,25601.48838866983,25659.983333333334,25651.391666666666,25668.575,25740.466666666667,25838.13333333333,25562.316666666666,25481.833333333332,25384.166666666664,2204620
2026-02-06T14:10:00+05:30,25625.5,25626,25607.15,25612.3,25558.931892571087,,25589.940529667132,25603.650710935864,25659.983333333334,25651.391666666666,25668.575,25740.466666666667,25838.13333333333,25562.316666666666,25481.833333333332,25384.166666666664,2359727
2026-02-06T14:15:00+05:30,25612.15,25622.2,25601.9,25619.7,25558.931892571087,,25592.77476493693,25606.860568748692,25659.983333333334,25651.391666666666,25668.575,25740.466666666667,25838.13333333333,25562.316666666666,25481.833333333332,25384.166666666664,2882441
2026-02-06T14:20:00+05:30,25620.35,25630.65,25603.75,25604.75,25558.931892571087,,25593.915263514366,25606.438454998955,25659.983333333334,25651.391666666666,25668.575,25740.466666666667,25838.13333333333,25562.316666666666,25481.833333333332,25384.166666666664,3038651
2026-02-06T14:25:00+05:30,25604.7,25617.45,25604.25,25610.9,25558.931892571087,,25595.53285746538,25607.330763999165,25659.983333333334,25651.391666666666,25668.575,25740.466666666667,25838.13333333333,25562.316666666666,25481.833333333332,25384.166666666664,3116864
2026-02-06T14:30:00+05:30,25611.1,25623.35,25606.5,25622.1,25558.931892571087,,25598.063061516295,25610.28461119933,25659.983333333334,25651.391666666666,25668.575,25740.466666666667,25838.13333333333,25562.316666666666,25481.833333333332,25384.166666666664,3301852
2026-02-06T14:35:00+05:30,25622.35,25637.45,25619.35,25631.55,25567.17599151987,,25601.252293752837,25614.537688959466,25659.983333333334,25651.391666666666,25668.575,25740.466666666667,25838.13333333333,25562.316666666666,25481.833333333332,25384.166666666664,3202201
2026-02-06T14:40:00+05:30,25632.1,25652.4,25631.7,25651.85,25580.693392367884,,25606.071122919235,25622.000151167573,25659.983333333334,25651.391666666666,25668.575,25740.466666666667,25838.13333333333,25562.316666666666,25481.833333333332,25384.166666666664,4646280
2026-02-06T14:45:00+05:30,25651.8,25661.05,25633.65,25636.6,25583.909053131094,,25608.978635022166,25624.920120934057,25659.983333333334,25651.391666666666,25668.575,25740.466666666667,25838.13333333333,25562.316666666666,25481.833333333332,25384.166666666664,3571800
2026-02-06T14:50:00+05:30,25636.9,25651.75,25635.5,25651.3,25583.909053131094,,25613.00924121053,25630.196096747244,25659.983333333334,25651.391666666666,25668.575,25740.466666666667,25838.13333333333,25562.316666666666,25481.833333333332,25384.166666666664,3918399
2026-02-06T14:55:00+05:30,25651.8,25671.85,25651.8,25670.3,25599.885333036185,,25618.465503952382,25638.216877397794,25659.983333333334,25651.391666666666,25668.575,25740.466666666667,25838.13333333333,25562.316666666666,25481.833333333332,25384.166666666664,5145012
2026-02-06T15:00:00+05:30,25672.05,25690.25,25671.2,25685.45,25618.994299732567,,25624.84497976644,25647.663501918236,25659.983333333334,25651.391666666666,25668.575,25740.466666666667,25838.13333333333,25562.316666666666,25481.833333333332,25384.166666666664,9837174
2026-02-06T15:05:00+05:30,25683.05,25699.4,25681.75,25692.55,25629.72236975931,,25631.29307693154,25656.640801534588,25659.983333333334,25651.391666666666,25668.575,25740.466666666667,25838.13333333333,25562.316666666666,25481.833333333332,25384.166666666664,10823025
2026-02-06T15:10:00+05:30,25690.45,25703.8,25687.3,25698.5,25635.83263278338,,25637.69373627139,25665.01264122767,25659.983333333334,25651.391666666666,25668.575,25740.466666666667,25838.13333333333,25562.316666666666,25481.833333333332,25384.166666666664,11343844
2026-02-06T15:15:00+05:30,25697.75,25703.95,25693,25695.2,25641.44436950504,,25643.170523293164,25671.050112982135,25659.983333333334,25651.391666666666,25668.575,25740.466666666667,25838.13333333333,25562.316666666666,25481.833333333332,25384.166666666664,10929038
2026-02-06T15:20:00+05:30,25693.55,25701.5,25692.95,25700.95,25643.332432554536,,25648.673330598576,25677.03009038571,25659.983333333334,25651.391666666666,25668.575,25740.466666666667,25838.13333333333,25562.316666666666,25481.833333333332,25384.166666666664,11974558
2026-02-06T15:25:00+05:30,25698.5,25700.05,25660.2,25673.6,25643.332432554536,,25651.047299112997,25676.344072308566,25659.983333333334,25651.391666666666,25668.575,25740.466666666667,25838.13333333333,25562.316666666666,25481.833333333332,25384.166666666664,10067473
2026-02-09T09:15:00+05:30,25907.15,25922.25,25795.95,25815.55,25729.849520369175,,25666.714223007,25704.185257846853,25629.850000000002,25597.925000000003,25661.775,25767.800000000003,25841.9,25555.750000000004,25417.800000000003,25343.700000000004,23759802
2026-02-09T09:20:00+05:30,25814.3,25826.05,25793.3,25821.85,25729.849520369175,,25681.489058911095,25727.71820627748,25629.850000000002,25597.925000000003,25661.775,25767.800000000003,25841.9,25555.750000000004,25417.800000000003,25343.700000000004,9684021
2026-02-09T09:25:00+05:30,25821.2,25823.8,25801.75,25822.9,25729.849520369175,,25694.956767586227,25746.754565021984,25629.850000000002,25597.925000000003,25661.775,25767.800000000003,25841.9,25555.750000000004,25417.800000000003,25343.700000000004,7188019
2026-02-09T09:30:00+05:30,25822,25835.5,25791.75,25802.2,25729.849520369175,,25705.170408768492,25757.843652017586,25629.850000000002,25597.925000000003,25661.775,25767.800000000003,25841.9,25555.750000000004,25417.800000000003,25343.700000000004,6426757
2026-02-09T09:35:00+05:30,25802.55,25807.15,25781.65,25782.45,25729.849520369175,,25712.53036983816,25762.764921614067,25629.850000000002,25597.925000000003,25661.775,25767.800000000003,25841.9,25555.750000000004,25417.800000000003,25343.700000000004,5404151
2026-02-09T09:40:00+05:30,25781.95,25803.95,25780.9,25793.05,25729.849520369175,,25720.19890604405,25768.821937291254,25629.850000000002,25597.925000000003,25661.775,25767.800000000003,25841.9,25555.750000000004,25417.800000000003,25343.700000000004,4063599
2026-02-09T09:45:00+05:30,25792.9,25815.15,25790.35,25812,25729.849520369175,,25728.94186737319,25777.457549833,25629.850000000002,25597.925000000003,25661.775,25767.800000000003,25841.9,25555.750000000004,25417.800000000003,25343.700000000004,5752506
2026-02-09T09:50:00+05:30,25812.55,25819.25,25806.65,25812.8,25729.849520369175,,25736.92835619479,25784.5260398664,25629.850000000002,25597.925000000003,25661.775,25767.800000000003,25841.9,25555.750000000004,25417.800000000003,25343.700000000004,5287720
2026-02-09T09:55:00+05:30,25812.85,25818.1,25806.05,25814.1,25729.849520369175,,25744.27803655719,25790.44083189312,25629.850000000002,25597.925000000003,25661.775,25767.800000000003,25841.9,25555.750000000004,25417.800000000003,25343.700000000004,5512920
2026-02-09T10:00:00+05:30,25814.8,25826.1,25814.15,25824.75,25731.28903852119,,25751.942033075553,25797.302665514497,25629.850000000002,25597.925000000003,25661.775,25767.800000000003,25841.9,25555.750000000004,25417.800000000003,25343.700000000004,5243923
2026-02-09T10:05:00+05:30,25824.1,25831.1,25803.55,25810,25731.28903852119,,25757.471363258832,25799.8421324116,25629.850000000002,25597.925000000003,25661.775,25767.800000000003,25841.9,25555.750000000004,25417.800000000003,25343.700000000004,5057715
2026-02-09T10:10:00+05:30,25810.2,25812.65,25796.15,25801.6,25731.28903852119,,25761.674090567514,25800.19370592928,25629.850000000002,25597.925000000003,25661.775,25767.800000000003,25841.9,25555.750000000004,25417.800000000003,25343.700000000004,3424166
2026-02-09T10:15:00+05:30,25800.1,25817.95,25794,25816.65,25731.28903852119,,25766.909891465846,25803.484964743424,25629.850000000002,25597.925000000003,25661.775,25767.800000000003,25841.9,25555.750000000004,25417.800000000003,25343.700000000004,3499566
2026-02-09T10:20:00+05:30,25816.15,25829.95,25809.05,25817.85,25738.443540673754,,25771.76133037386,25806.35797179474,25629.850000000002,25597.925000000003,25661.775,25767.800000000003,25841.9,25555.750000000004,25417.800000000003,25343.700000000004,4239715
2026-02-09T10:25:00+05:30,25818.1,25825.6,25810.45,25812.8,25740.52918660638,,25775.66977510016,25807.64637743579,25629.850000000002,25597.925000000003,25661.775,25767.800000000003,25841.9,25555.750000000004,25417.800000000003,25343.700000000004,5054390
2026-02-09T10:30:00+05:30,25812.3,25829.2,25810.1,25826.25,25744.17376794574,,25780.486939376333,25811.367101948632,25629.850000000002,25597.925000000003,25661.775,25767.800000000003,25841.9,25555.750000000004,25417.800000000003,25343.700000000004,3524311
2026-02-09T10:35:00+05:30,25824.9,25846.7,25823.6,25842.65,25760.291391151168,,25786.4072308643,25817.623681558907,25629.850000000002,25597.925000000003,25661.775,25767.800000000003,25841.9,25555.750000000004,25417.800000000003,25343.700000000004,4316657
2026-02-09T10:40:00+05:30,25843.4,25852.35,25841.65,25852.35,25776.417252036048,,25792.68749459151,25824.568945247127,25629.850000000002,25597.925000000003,25661.775,25767.800000000003,25841.9,25555.750000000004,25417.800000000003,25343.700000000004,3388569
2026-02-09T10:45:00+05:30,25852.8,25859.75,25844.5,25846.3,25784.025526832444,,25797.79344748756,25828.9151561977,25629.850000000002,25597.925000000003,25661.775,25767.800000000003,25841.9,25555.750000000004,25417.800000000003,25343.700000000004,3884146
2026-02-09T10:50:00+05:30,25847.2,25861.1,25845.8,25860.15,25787.570474149197,,25803.732166774458,25835.162124958162,25629.850000000002,25597.925000000003,25661.775,25767.800000000003,25841.9,25555.750000000004,25417.800000000003,25343.700000000004,4526996
2026-02-09T10:55:00+05:30,25859.5,25866.4,25856,25864.6,25798.78842673428,,25809.52910327213,25841.04969996653,25629.850000000002,25597.925000000003,25661.775,25767.800000000003,25841.9,25555.750000000004,25417.800000000003,25343.700000000004,4624022
2026-02-09T11:00:00+05:30,25865.2,25870.05,25855.25,25856.45,25802.039584060854,,25813.997760103353,25844.129759973224,25629.850000000002,25597.925000000003,25661.775,25767.800000000003,25841.9,25555.750000000004,25417.800000000003,25343.700000000004,3722809
2026-02-09T11:05:00+05:30,25856.4,25866.6,25853.45,25855.15,25802.039584060854,,25817.91702104589,25846.33380797858,25629.850000000002,25597.925000000003,25661.775,25767.800000000003,25841.9,25555.750000000004,25417.800000000003,25343.700000000004,4378552
2026-02-09T11:10:00+05:30,25855.65,25864,25853.9,25857.95,25803.27506308929,,25821.729685708186,25848.657046382865,25629.850000000002,25597.925000000003,25661.775,25767.800000000003,25841.9,25555.750000000004,25417.800000000003,25343.700000000004,4978756
2026-02-09T11:15:00+05:30,25858.15,25862,25851.75,25860.65,25803.692556780363,,25825.436382307405,25851.055637106292,25629.850000000002,25597.925000000003,25661.775,25767.800000000003,25841.9,25555.750000000004,25417.800000000003,25343.700000000004,6330464
2026-02-09T11:20:00+05:30,25860.75,25865.35,25854.15,25863.55,25808.525801102325,,25829.06625065908,25853.554509685033,25629.850000000002,25597.925000000003,25661.775,25767.800000000003,25841.9,25555.750000000004,25417.800000000003,25343.700000000004,5157077
2026-02-09T11:25:00+05:30,25863.3,25868.35,25853.9,25858.4,25810.688220992095,,25831.859941072504,25854.523607748026,25629.850000000002,25597.925000000003,25661.775,25767.800000000003,25841.9,25555.750000000004,25417.800000000003,25343.700000000004,6315016
2026-02-09T11:30:00+05:30,25858.85,25860.05,25842,25848.4,25810.688220992095,,25833.435184779886,25853.29888619842,25629.850000000002,25597.925000000003,25661.775,25767.800000000003,25841.9,25555.750000000004,25417.800000000003,25343.700000000004,6088913
2026-02-09T11:35:00+05:30,25849.05,25862,25845.55,25860,25810.688220992095,,25835.965167181803,25854.639108958734,25629.850000000002,25597.925000000003,25661.775,25767.800000000003,25841.9,25555.750000000004,25417.800000000003,25343.700000000004,3241973
2026-02-09T11:40:00+05:30,25861.55,25866.55,25850.4,25851,25810.688220992095,,25837.39705602163,25853.911287166986,25629.850000000002,25597.925000000003,25661.775,25767.800000000003,25841.9,25555.750000000004,25417.800000000003,25343.700000000004,3354554
2026-02-09T11:45:00+05:30,25850.45,25852.3,25835.75,25847.1,25810.688220992095,,25838.321145924332,25852.54902973359,25629.850000000002,25597.925000000003,25661.775,25767.800000000003,25841.9,25555.750000000004,25417.800000000003,25343.700000000004,4047665
2026-02-09T11:50:00+05:30,25846.5,25847.8,25832.2,25832.2,25810.688220992095,,25837.738179645825,25848.47922378687,25629.850000000002,25597.925000000003,25661.775,25767.800000000003,25841.9,25555.750000000004,25417.800000000003,25343.700000000004,3418447
2026-02-09T11:55:00+05:30,25832.05,25838.6,25830.5,25834.75,25810.688220992095,,25837.453591108126,25845.733379029498,25629.850000000002,25597.925000000003,25661.775,25767.800000000003,25841.9,25555.750000000004,25417.800000000003,25343.700000000004,2964264
2026-02-09T12:00:00+05:30,25834.3,25842.9,25833.9,25842.7,25810.688220992095,,25837.953249097827,25845.1267032236,25629.850000000002,25597.925000000003,25661.775,25767.800000000003,25841.9,25555.750000000004,25417.800000000003,25343.700000000004,3917693
2026-02-09T12:05:00+05:30,25842.65,25856,25839.25,25855.2,25810.688220992095,,25839.595796802798,25847.14136257888,25629.850000000002,25597.925000000003,25661.775,25767.800000000003,25841.9,25555.750000000004,25417.800000000003,25343.700000000004,2831427
2026-02-09T12:10:00+05:30,25855.3,25861.25,25850.7,25856.25,25811.520250774523,,25841.181911393007,25848.963090063105,25629.850000000002,25597.925000000003,25661.775,25767.800000000003,25841.9,25555.750000000004,25417.800000000003,25343.700000000004,5286261
2026-02-09T12:15:00+05:30,25856.6,25857.9,25850,25852.85,25811.57072569707,,25842.293157927004,25849.740472050486,25629.850000000002,25597.925000000003,25661.775,25767.800000000003,25841.9,25555.750000000004,25417.800000000003,25343.700000000004,3688376
2026-02-09T12:20:00+05:30,25852.15,25861.1,25851.55,25858.5,25815.31865312736,,25843.83666669586,25851.49237764039,25629.850000000002,25597.925000000003,25661.775,25767.800000000003,25841.9,25555.750000000004,25417.800000000003,25343.700000000004,3253901
2026-02-09T12:25:00+05:30,25858.95,25861.45,25848.5,25849.3,25815.31865312736,,25844.356984153397,25851.05390211231,25629.850000000002,25597.925000000003,25661.775,25767.800000000003,25841.9,25555.750000000004,25417.800000000003,25343.700000000004,3601088
2026-02-09T12:30:00+05:30,25850.55,25850.9,25831.55,25839.65,25815.31865312736,,25843.90869994831,25848.77312168985,25629.850000000002,25597.925000000003,25661.775,25767.800000000003,25841.9,25555.750000000004,25417.800000000003,25343.700000000004,3985813
2026-02-09T12:35:00+05:30,25841.55,25850.2,25836.45,25836.45,25815.31865312736,,25843.19834757228,25846.30849735188,25629.850000000002,25597.925000000003,25661.775,25767.800000000003,25841.9,25555.750000000004,25417.800000000003,25343.700000000004,3107257
2026-02-09T12:40:00+05:30,25837.35,25842.5,25832.5,25835.95,25815.31865312736,,25842.508028755874,25844.236797881505,25629.850000000002,25597.925000000003,25661.775,25767.800000000003,25841.9,25555.750000000004,25417.800000000003,25343.700000000004,3213637
2026-02-09T12:45:00+05:30,25836,25839.8,25830.15,25832.9,25815.31865312736,,25841.59297839817,25841.969438305205,25629.850000000002,25597.925000000003,25661.775,25767.800000000003,25841.9,25555.750000000004,25417.800000000003,25343.700000000004,3503964
2026-02-09T12:50:00+05:30,25833.35,25838.65,25821.65,25822.35,25815.31865312736,,25839.76031378882,25838.045550644165,25629.850000000002,25597.925000000003,25661.775,25767.800000000003,25841.9,25555.750000000004,25417.800000000003,25343.700000000004,2869051
2026-02-09T12:55:00+05:30,25822.8,25838.75,25819.95,25837.25,25815.31865312736,,25839.521236285123,25837.886440515333,25629.850000000002,25597.925000000003,25661.775,25767.800000000003,25841.9,25555.750000000004,25417.800000000003,25343.700000000004,2503575
2026-02-09T13:00:00+05:30,25838.4,25846.25,25835.9,25843.25,25815.31865312736,,25839.87635663892,25838.959152412266,25629.850000000002,25597.925000000003,25661.775,25767.800000000003,25841.9,25555.750000000004,25417.800000000003,25343.700000000004,2966306
2026-02-09T13:05:00+05:30,25844.55,25855.2,25841.9,25853.4,25815.31865312736,,25841.16432267331,25841.847321929814,25629.850000000002,25597.925000000003,25661.775,25767.800000000003,25841.9,25555.750000000004,25417.800000000003,25343.700000000004,3285006
2026-02-09T13:10:00+05:30,25854.4,25860.3,25847.45,25849.95,25815.31865312736,,25842.00105384728,25843.467857543852,25629.850000000002,25597.925000000003,25661.775,25767.800000000003,25841.9,25555.750000000004,25417.800000000003,25343.700000000004,4311249
2026-02-09T13:15:00+05:30,25850.75,25859.1,25850.25,25857.35,25815.31865312736,,25843.46285824278,25846.244286035082,25629.850000000002,25597.925000000003,25661.775,25767.800000000003,25841.9,25555.750000000004,25417.800000000003,25343.700000000004,2604294
2026-02-09T13:20:00+05:30,25859.4,25860,25845.2,25846.3,25815.31865312736,,25843.733062219657,25846.255428828066,25629.850000000002,25597.925000000003,25661.775,25767.800000000003,25841.9,25555.750000000004,25417.800000000003,25343.700000000004,2878913
2026-02-09T13:25:00+05:30,25847.25,25851.9,25836.85,25838.15,25815.31865312736,,25843.201342008262,25844.634343062455,25629.850000000002,25597.925000000003,25661.775,25767.800000000003,25841.9,25555.750000000004,25417.800000000003,25343.700000000004,2740969
2026-02-09T13:30:00+05:30,25840.35,25852.95,25835.85,25849.85,25815.31865312736,,25843.834547531285,25845.677474449963,25629.850000000002,25597.925000000003,25661.775,25767.800000000003,25841.9,25555.750000000004,25417.800000000003,25343.700000000004,2104505
2026-02-09T13:35:00+05:30,25851.8,25854.9,25849.6,25850.05,25815.31865312736,,25844.426495385447,25846.551979559972,25629.850000000002,25597.925000000003,25661.775,25767.800000000003,25841.9,25555.750000000004,25417.800000000003,25343.700000000004,2609352
2026-02-09T13:40:00+05:30,25851.5,25856.1,25849.65,25853.3,25815.740530322368,,25845.271591063025,25847.901583647978,25629.850000000002,25597.925000000003,25661.775,25767.800000000003,25841.9,25555.750000000004,25417.800000000003,25343.700000000004,3699272
2026-02-09T13:45:00+05:30,25854.05,25857.3,25846,25847.15,25815.740530322368,,25845.450487152262,25847.75126691838,25629.850000000002,25597.925000000003,25661.775,25767.800000000003,25841.9,25555.750000000004,25417.800000000003,25343.700000000004,3331302
2026-02-09T13:50:00+05:30,25848.65,25850.95,25843.1,25846.65,25815.740530322368,,25845.564726471093,25847.531013534706,25629.850000000002,25597.925000000003,25661.775,25767.800000000003,25841.9,25555.750000000004,25417.800000000003,25343.700000000004,2071208
2026-02-09T13:55:00+05:30,25846.9,25855.3,25843.75,25845.65,25815.740530322368,,25845.572847759562,25847.154810827764,25629.850000000002,25597.925000000003,25661.775,25767.800000000003,25841.9,25555.750000000004,25417.800000000003,25343.700000000004,3246135
2026-02-09T14:00:00+05:30,25846.1,25853.8,25839.95,25842.35,25815.740530322368,,25845.2659098777,25846.19384866221,25629.850000000002,25597.925000000003,25661.775,25767.800000000003,25841.9,25555.750000000004,25417.800000000003,25343.700000000004,3519365
2026-02-09T14:05:00+05:30,25843.95,25846.7,25835.5,25846.25,25815.740530322368,,25845.35963274649,25846.20507892977,25629.850000000002,25597.925000000003,25661.775,25767.800000000003,25841.9,25555.750000000004,25417.800000000003,25343.700000000004,3238751
2026-02-09T14:10:00+05:30,25847.8,25852.75,25842.2,25844.4,25815.740530322368,,25845.26823915159,25845.844063143813,25629.850000000002,25597.925000000003,25661.775,25767.800000000003,25841.9,25555.750000000004,25417.800000000003,25343.700000000004,3666894
2026-02-09T14:15:00+05:30,25845.25,25852.6,25842.2,25850.3,25815.740530322368,,25845.747454470486,25846.735250515052,25629.850000000002,25597.925000000003,25661.775,25767.800000000003,25841.9,25555.750000000004,25417.800000000003,25343.700000000004,3234173
2026-02-09T14:20:00+05:30,25852.25,25864.4,25850,25858.55,25821.42862504704,,25846.966744520916,25849.09820041204,25629.850000000002,25597.925000000003,25661.775,25767.800000000003,25841.9,25555.750000000004,25417.800000000003,25343.700000000004,5056698
2026-02-09T14:25:00+05:30,25860,25862.95,25854.95,25858.7,25824.35576254234,,25848.084197423686,25851.018560329634,25629.850000000002,25597.925000000003,25661.775,25767.800000000003,25841.9,25555.750000000004,25417.800000000003,25343.700000000004,3458697
2026-02-09T14:30:00+05:30,25860.05,25861,25849.45,25852.35,25824.35576254234,,25848.490464335715,25851.284848263705,25629.850000000002,25597.925000000003,25661.775,25767.800000000003,25841.9,25555.750000000004,25417.800000000003,25343.700000000004,3596586
2026-02-09T14:35:00+05:30,25852.4,25856.85,25847.2,25850,25824.35576254234,,25848.634229637075,25851.027878610963,25629.850000000002,25597.925000000003,25661.775,25767.800000000003,25841.9,25555.750000000004,25417.800000000003,25343.700000000004,3672332
2026-02-09T14:40:00+05:30,25850.15,25851.15,25840.35,25843.8,25824.35576254234,,25848.173826814495,25849.58230288877,25629.850000000002,25597.925000000003,25661.775,25767.800000000003,25841.9,25555.750000000004,25417.800000000003,25343.700000000004,3851994
2026-02-09T14:45:00+05:30,25844.95,25858.2,25843.1,25851.55,25824.35576254234,,25848.495367117877,25849.975842311018,25629.850000000002,25597.925000000003,25661.775,25767.800000000003,25841.9,25555.750000000004,25417.800000000003,25343.700000000004,4914375
2026-02-09T14:50:00+05:30,25853.05,25858.15,25836.25,25848.5,25824.35576254234,,25848.495808344745,25849.680673848816,25629.850000000002,25597.925000000003,25661.775,25767.800000000003,25841.9,25555.750000000004,25417.800000000003,25343.700000000004,5688143
2026-02-09T14:55:00+05:30,25850.25,25861.3,25848.35,25858.05,25824.35576254234,,25849.405731359533,25851.354539079053,25629.850000000002,25597.925000000003,25661.775,25767.800000000003,25841.9,25555.750000000004,25417.800000000003,25343.700000000004,4718638
2026-02-09T15:00:00+05:30,25860.5,25869.85,25859.35,25868.85,25826.716437851133,,25851.25756646815,25854.853631263242,25629.850000000002,25597.925000000003,25661.775,25767.800000000003,25841.9,25555.750000000004,25417.800000000003,25343.700000000004,8057617
2026-02-09T15:05:00+05:30,25869.45,25875.4,25867.55,25870.25,25835.02479406602,,25853.06636966166,25857.932905010595,25629.850000000002,25597.925000000003,25661.775,25767.800000000003,25841.9,25555.750000000004,25417.800000000003,25343.700000000004,8317830
2026-02-09T15:10:00+05:30,25870.85,25875.85,25862.5,25866.3,25835.02479406602,,25854.32671540817,25859.606324008477,25629.850000000002,25597.925000000003,25661.775,25767.800000000003,25841.9,25555.750000000004,25417.800000000003,25343.700000000004,7786975
2026-02-09T15:15:00+05:30,25866.55,25870.25,25863.45,25868.65,25835.02479406602,,25855.690837750248,25861.41505920678,25629.850000000002,25597.925000000003,25661.775,25767.800000000003,25841.9,25555.750000000004,25417.800000000003,25343.700000000004,8884818
2026-02-09T15:20:00+05:30,25869.55,25870.55,25861.15,25864,25835.02479406602,,25856.482186535937,25861.932047365426,25629.850000000002,25597.925000000003,25661.775,25767.800000000003,25841.9,25555.750000000004,25417.800000000003,25343.700000000004,9740162
2026-02-09T15:25:00+05:30,25864.85,25870.1,25856.85,25863.3,25835.02479406602,,25857.131502103945,25862.20563789234,25629.850000000002,25597.925000000003,25661.775,25767.800000000003,25841.9,25555.750000000004,25417.800000000003,25343.700000000004,9462614
2026-02-10T09:15:00+05:30,25928.2,25934.95,25870.45,25918.05,25849.704977398047,,25862.933263808332,25873.37451031387,25856.816666666666,25851.575,25862.05833333333,25932.73333333333,25998.166666666664,25791.38333333333,25715.466666666667,25650.033333333333,18343226
2026-02-10T09:20:00+05:30,25918.1,25922.1,25894.15,25915.55,25852.04447965824,,25867.94438154087,25881.809608251097,25856.816666666666,25851.575,25862.05833333333,25932.73333333333,25998.166666666664,25791.38333333333,25715.466666666667,25650.033333333333,9552366
2026-02-10T09:25:00+05:30,25914.9,25924.75,25907.7,25917.6,25860.637531692417,,25872.673488060787,25888.967686600878,25856.816666666666,25851.575,25862.05833333333,25932.73333333333,25998.166666666664,25791.38333333333,25715.466666666667,25650.033333333333,8574387
2026-02-10T09:30:00+05:30,25918.2,25943.75,25909.65,25943.75,25866.441278523176,,25879.442679674044,25899.9241492807,25856.816666666666,25851.575,25862.05833333333,25932.73333333333,25998.166666666664,25791.38333333333,25715.466666666667,25650.033333333333,9157971
2026-02-10T09:35:00+05:30,25943.3,25949,25936.7,25941.05,25884.927150670857,,25885.31004351461,25908.14931942456,25856.816666666666,25851.575,25862.05833333333,25932.73333333333,25998.166666666664,25791.38333333333,25715.466666666667,25650.033333333333,8543831
2026-02-10T09:40:00+05:30,25941.15,25953.2,25939.8,25949.4,25890.349435603774,,25891.41384889417,25916.39945553965,25856.816666666666,25851.575,25862.05833333333,25932.73333333333,25998.166666666664,25791.38333333333,25715.466666666667,25650.033333333333,6667147
2026-02-10T09:45:00+05:30,25949.65,25962.3,25947.05,25948.2,25899.564492043395,,25896.822053761392,25922.75956443172,25856.816666666666,25851.575,25862.05833333333,25932.73333333333,25998.166666666664,25791.38333333333,25715.466666666667,25650.033333333333,10705338
2026-02-10T09:50:00+05:30,25948.15,25952,25929.95,25932.6,25899.564492043395,,25900.229477212688,25924.727651545374,25856.816666666666,25851.575,25862.05833333333,25932.73333333333,25998.166666666664,25791.38333333333,25715.466666666667,25650.033333333333,5709098
2026-02-10T09:55:00+05:30,25932.2,25951.05,25928.8,25949.5,25899.564492043395,,25904.921907954336,25929.6821212363,25856.816666666666,25851.575,25862.05833333333,25932.73333333333,25998.166666666664,25791.38333333333,25715.466666666667,25650.033333333333,6034355
2026-02-10T10:00:00+05:30,25948.7,25958.45,25943.95,25954.9,25899.564492043395,,25909.6817262444,25934.72569698904,25856.816666666666,25851.575,25862.05833333333,25932.73333333333,25998.166666666664,25791.38333333333,25715.466666666667,25650.033333333333,7481694
2026-02-10T10:05:00+05:30,25954.95,25965.7,25948.2,25952,25901.397910729673,,25913.712038030648,25938.180557591233,25856.816666666666,25851.575,25862.05833333333,25932.73333333333,25998.166666666664,25791.38333333333,25715.466666666667,25650.033333333333,7585325
2026-02-10T10:10:00+05:30,25951.6,25953.75,25940.25,25944.35,25901.397910729673,,25916.629939170587,25939.414446072988,25856.816666666666,25851.575,25862.05833333333,25932.73333333333,25998.166666666664,25791.38333333333,25715.466666666667,25650.033333333333,9553274
2026-02-10T10:15:00+05:30,25944.4,25971.85,25942,25966,25901.397910729673,,25921.331849725768,25944.73155685839,25856.816666666666,25851.575,25862.05833333333,25932.73333333333,25998.166666666664,25791.38333333333,25715.466666666667,25650.033333333333,11460780
2026-02-10T10:20:00+05:30,25965.7,25966.15,25958.75,25964.25,25908.392526921933,,25925.41929260903,25948.635245486712,25856.816666666666,25851.575,25862.05833333333,25932.73333333333,25998.166666666664,25791.38333333333,25715.466666666667,25650.033333333333,9435545
2026-02-10T10:25:00+05:30,25963.95,25968.75,25961.65,25963.4,25914.418274229738,,25929.03650283674,25951.58819638937,25856.816666666666,25851.575,25862.05833333333,25932.73333333333,25998.166666666664,25791.38333333333,25715.466666666667,25650.033333333333,3800491
2026-02-10T10:30:00+05:30,25963.5,25978.9,25962.05,25976.75,25919.71644680676,,25933.580645423717,25956.620557111495,25856.816666666666,25851.575,25862.05833333333,25932.73333333333,25998.166666666664,25791.38333333333,25715.466666666667,25650.033333333333,4877850
2026-02-10T10:35:00+05:30,25976.2,25978.15,25968.4,25969.15,25924.66730212609,,25936.968203002412,25959.126445689195,25856.816666666666,25851.575,25862.05833333333,25932.73333333333,25998.166666666664,25791.38333333333,25715.466666666667,25650.033333333333,5048690
2026-02-10T10:40:00+05:30,25969.7,25970.95,25951.35,25960.7,25924.66730212609,,25939.22837414504,25959.441156551355,25856.816666666666,25851.575,25862.05833333333,25932.73333333333,25998.166666666664,25791.38333333333,25715.466666666667,25650.033333333333,5308493
2026-02-10T10:45:00+05:30,25960.15,25971.7,25954.35,25959.4,25924.66730212609,,25941.149481369324,25959.432925241083,25856.816666666666,25851.575,25862.05833333333,25932.73333333333,25998.166666666664,25791.38333333333,25715.466666666667,25650.033333333333,4525086
2026-02-10T10:50:00+05:30,25960,25969.5,25954.8,25957.85,25924.66730212609,,25942.740006953198,25959.116340192864,25856.816666666666,25851.575,25862.05833333333,25932.73333333333,25998.166666666664,25791.38333333333,25715.466666666667,25650.033333333333,3587595
2026-02-10T10:55:00+05:30,25958.3,25964.3,25955.3,25959.6,25924.66730212609,,25944.3457205767,25959.213072154293,25856.816666666666,25851.575,25862.05833333333,25932.73333333333,25998.166666666664,25791.38333333333,25715.466666666667,25650.033333333333,4476508
2026-02-10T11:00:00+05:30,25959.3,25969.3,25955.1,25964.6,25924.66730212609,,25946.274699569396,25960.290457723433,25856.816666666666,25851.575,25862.05833333333,25932.73333333333,25998.166666666664,25791.38333333333,25715.466666666667,25650.033333333333,3980860
2026-02-10T11:05:00+05:30,25964,25969.9,25960.25,25961.9,25924.66730212609,,25947.76282341993,25960.612366178746,25856.816666666666,25851.575,25862.05833333333,25932.73333333333,25998.166666666664,25791.38333333333,25715.466666666667,25650.033333333333,3798452
2026-02-10T11:10:00+05:30,25961.55,25963.8,25955.75,25959.65,25924.66730212609,,25948.894935475175,25960.419892943,25856.816666666666,25851.575,25862.05833333333,25932.73333333333,25998.166666666664,25791.38333333333,25715.466666666667,25650.033333333333,5431311
2026-02-10T11:15:00+05:30,25960.05,25964.4,25954.6,25959.15,25924.66730212609,,25949.871608287063,25960.1659143544,25856.816666666666,25851.575,25862.05833333333,25932.73333333333,25998.166666666664,25791.38333333333,25715.466666666667,25650.033333333333,4698858
2026-02-10T11:20:00+05:30,25959.25,25961.9,25951.3,25952.45,25924.66730212609,,25950.11716940258,25958.62273148352,25856.816666666666,25851.575,25862.05833333333,25932.73333333333,25998.166666666664,25791.38333333333,25715.466666666667,25650.033333333333,6587166
2026-02-10T11:25:00+05:30,25951.15,25959.65,25947.3,25954.05,25924.66730212609,,25950.49172469757,25957.708185186817,25856.816666666666,25851.575,25862.05833333333,25932.73333333333,25998.166666666664,25791.38333333333,25715.466666666667,25650.033333333333,5940093
2026-02-10T11:30:00+05:30,25953.95,25961.2,25952.9,25956.35,25924.66730212609,,25951.049655678755,25957.436548149453,25856.816666666666,25851.575,25862.05833333333,25932.73333333333,25998.166666666664,25791.38333333333,25715.466666666667,25650.033333333333,5725545
2026-02-10T11:35:00+05:30,25956.45,25960.95,25941.9,25953.3,25924.66730212609,,25951.26397418554,25956.609238519562,25856.816666666666,25851.575,25862.05833333333,25932.73333333333,25998.166666666664,25791.38333333333,25715.466666666667,25650.033333333333,6508580
2026-02-10T11:40:00+05:30,25953.45,25954.55,25943.7,25950.9,25924.66730212609,,25951.229309977392,25955.46739081565,25856.816666666666,25851.575,25862.05833333333,25932.73333333333,25998.166666666664,25791.38333333333,25715.466666666667,25650.033333333333,6747187
2026-02-10T11:45:00+05:30,25951.35,25955.3,25943.95,25949.3,25924.66730212609,,25951.04556617002,25954.233912652522,25856.816666666666,25851.575,25862.05833333333,25932.73333333333,25998.166666666664,25791.38333333333,25715.466666666667,25650.033333333333,5423069
2026-02-10T11:50:00+05:30,25949.05,25961.2,25944.25,25960.05,25924.66730212609,,25951.903131296687,25955.39713012202,25856.816666666666,25851.575,25862.05833333333,25932.73333333333,25998.166666666664,25791.38333333333,25715.466666666667,25650.033333333333,3536951
2026-02-10T11:55:00+05:30,25960.1,25963.7,25952.7,25961.75,25924.66730212609,,25952.84092831605,25956.667704097614,25856.816666666666,25851.575,25862.05833333333,25932.73333333333,25998.166666666664,25791.38333333333,25715.466666666667,25650.033333333333,2955587
2026-02-10T12:00:00+05:30,25961.9,25965.4,25958.15,25964.35,25924.66730212609,,25953.93703038119,25958.20416327809,25856.816666666666,25851.575,25862.05833333333,25932.73333333333,25998.166666666664,25791.38333333333,25715.466666666667,25650.033333333333,3191674
2026-02-10T12:05:00+05:30,25963.35,25963.95,25950.65,25954.4,25924.66730212609,,25953.981122725836,25957.44333062247,25856.816666666666,25851.575,25862.05833333333,25932.73333333333,25998.166666666664,25791.38333333333,25715.466666666667,25650.033333333333,8419501
2026-02-10T12:10:00+05:30,25953.95,25964.2,25952.25,25963.65,25924.66730212609,,25954.90196818052,25958.684664497978,25856.816666666666,25851.575,25862.05833333333,25932.73333333333,25998.166666666664,25791.38333333333,25715.466666666667,25650.033333333333,5488989
2026-02-10T12:15:00+05:30,25964.35,25969.8,25960.9,25968,25928.585605251996,,25956.149399782375,25960.54773159838,25856.816666666666,25851.575,25862.05833333333,25932.73333333333,25998.166666666664,25791.38333333333,25715.466666666667,25650.033333333333,5802322
2026-02-10T12:20:00+05:30,25967.55,25968.6,25956,25959.65,25928.585605251996,,25956.482790279293,25960.368185278705,25856.816666666666,25851.575,25862.05833333333,25932.73333333333,25998.166666666664,25791.38333333333,25715.466666666667,25650.033333333333,5388290
2026-02-10T12:25:00+05:30,25959.2,25959.8,25952.65,25956.8,25928.585605251996,,25956.513000728883,25959.654548222963,25856.816666666666,25851.575,25862.05833333333,25932.73333333333,25998.166666666664,25791.38333333333,25715.466666666667,25650.033333333333,3676196
2026-02-10T12:30:00+05:30,25956.4,25959.35,25952.2,25956.25,25928.585605251996,,25956.487953040418,25958.97363857837,25856.816666666666,25851.575,25862.05833333333,25932.73333333333,25998.166666666664,25791.38333333333,25715.466666666667,25650.033333333333,4010023
2026-02-10T12:35:00+05:30,25956.05,25957.95,25950.85,25957.95,25928.585605251996,,25956.627195607998,25958.768910862695,25856.816666666666,25851.575,25862.05833333333,25932.73333333333,25998.166666666664,25791.38333333333,25715.466666666667,25650.033333333333,3037670
2026-02-10T12:40:00+05:30,25958,25965,25955.5,25964.7,25928.585605251996,,25957.39603412152,25959.955128690155,25856.816666666666,25851.575,25862.05833333333,25932.73333333333,25998.166666666664,25791.38333333333,25715.466666666667,25650.033333333333,4047856
2026-02-10T12:45:00+05:30,25964.55,25985.3,25963.7,25984.15,25938.988501590728,,25959.94403087185,25964.794102952124,25856.816666666666,25851.575,25862.05833333333,25932.73333333333,25998.166666666664,25791.38333333333,25715.466666666667,25650.033333333333,4317086
2026-02-10T12:50:00+05:30,25983.15,25989.45,25977.05,25979.05,25947.569651431655,,25961.763646979292,25967.6452823617,25856.816666666666,25851.575,25862.05833333333,25932.73333333333,25998.166666666664,25791.38333333333,25715.466666666667,25650.033333333333,4758543
2026-02-10T12:55:00+05:30,25979.4,25985.7,25972.15,25973.45,25947.569651431655,,25962.876632981264,25968.80622588936,25856.816666666666,25851.575,25862.05833333333,25932.73333333333,25998.166666666664,25791.38333333333,25715.466666666667,25650.033333333333,6167715
2026-02-10T13:00:00+05:30,25972.45,25974.85,25956.8,25966.2,25947.569651431655,,25963.193144125908,25968.284980711487,25856.816666666666,25851.575,25862.05833333333,25932.73333333333,25998.166666666664,25791.38333333333,25715.466666666667,25650.033333333333,6273073
2026-02-10T13:05:00+05:30,25965.3,25981,25962.45,25978.75,25947.569651431655,,25964.67474944725,25970.37798456919,25856.816666666666,25851.575,25862.05833333333,25932.73333333333,25998.166666666664,25791.38333333333,25715.466666666667,25650.033333333333,5227601
2026-02-10T13:10:00+05:30,25978.7,25980.3,25970.8,25977.75,25947.569651431655,,25965.920011404654,25971.85238765535,25856.816666666666,25851.575,25862.05833333333,25932.73333333333,25998.166666666664,25791.38333333333,25715.466666666667,25650.033333333333,4315885
2026-02-10T13:15:00+05:30,25978,25982.25,25947.5,25948.4,25947.569651431655,,25964.251438889925,25967.161910124283,25856.816666666666,25851.575,25862.05833333333,25932.73333333333,25998.166666666664,25791.38333333333,25715.466666666667,25650.033333333333,5237824
2026-02-10T13:20:00+05:30,25948.6,25951.25,25927.45,25931.85,,25987.074689394165,25961.165587567077,25960.099528099425,25856.816666666666,25851.575,25862.05833333333,25932.73333333333,25998.166666666664,25791.38333333333,25715.466666666667,25650.033333333333,4160047
2026-02-10T13:25:00+05:30,25932.1,25951.95,25929.9,25938.1,,25987.074689394165,25958.968864941642,25955.69962247954,25856.816666666666,25851.575,25862.05833333333,25932.73333333333,25998.166666666664,25791.38333333333,25715.466666666667,25650.033333333333,3785369
2026-02-10T13:30:00+05:30,25935.05,25935.65,25908.85,25922.9,,25975.698936863544,25955.5337349472,25949.13969798363,25856.816666666666,25851.575,25862.05833333333,25932.73333333333,25998.166666666664,25791.38333333333,25715.466666666667,25650.033333333333,4572038
2026-02-10T13:35:00+05:30,25921.7,25924.85,25915.4,25924.85,,25971.064043177186,25952.611474476038,25944.281758386904,25856.816666666666,25851.575,25862.05833333333,25932.73333333333,25998.166666666664,25791.38333333333,25715.466666666667,25650.033333333333,2852462
2026-02-10T13:40:00+05:30,25922.75,25929.3,25919.9,25927.2,,25971.064043177186,25950.19133404975,25940.865406709523,25856.816666666666,25851.575,25862.05833333333,25932.73333333333,25998.166666666664,25791.38333333333,25715.466666666667,25650.033333333333,2663266
2026-02-10T13:45:00+05:30,25925.05,25932.25,25915.95,25921.9,,25971.064043177186,25947.496921283106,25937.07232536762,25856.816666666666,25851.575,25862.05833333333,25932.73333333333,25998.166666666664,25791.38333333333,25715.466666666667,25650.033333333333,3385852
2026-02-10T13:50:00+05:30,25920.6,25936.05,25920.3,25934.1,,25971.064043177186,25946.221024018047,25936.477860294093,25856.816666666666,25851.575,25862.05833333333,25932.73333333333,25998.166666666664,25791.38333333333,25715.466666666667,25650.033333333333,2740814
2026-02-10T13:55:00+05:30,25933.1,25934.4,25909.6,25910.85,,25971.064043177186,25942.852355063947,25931.352288235274,25856.816666666666,25851.575,25862.05833333333,25932.73333333333,25998.166666666664,25791.38333333333,25715.466666666667,25650.033333333333,3246089
2026-02-10T14:00:00+05:30,25910.35,25910.55,25893.2,25901.7,,25953.187257605696,25938.933083153097,25925.42183058822,25856.816666666666,25851.575,25862.05833333333,25932.73333333333,25998.166666666664,25791.38333333333,25715.466666666667,25650.033333333333,3411918
2026-02-10T14:05:00+05:30,25900.7,25923.4,25898.3,25911.75,,25953.187257605696,25936.344218090897,25922.687464470575,25856.816666666666,25851.575,25862.05833333333,25932.73333333333,25998.166666666664,25791.38333333333,25715.466666666667,25650.033333333333,4095306
2026-02-10T14:10:00+05:30,25909.65,25918.7,25899.65,25918.7,,25953.187257605696,25934.663816367953,25921.88997157646,25856.816666666666,25851.575,25862.05833333333,25932.73333333333,25998.166666666664,25791.38333333333,25715.466666666667,25650.033333333333,3087298
2026-02-10T14:15:00+05:30,25918.15,25943,25918.15,25943,,25953.187257605696,25935.457738618625,25926.111977261167,25856.816666666666,25851.575,25862.05833333333,25932.73333333333,25998.166666666664,25791.38333333333,25715.466666666667,25650.033333333333,5212235
2026-02-10T14:20:00+05:30,25941.85,25943.8,25919.4,25924.65,,25953.187257605696,25934.428430178756,25925.819581808933,25856.816666666666,25851.575,25862.05833333333,25932.73333333333,25998.166666666664,25791.38333333333,25715.466666666667,25650.033333333333,3404338
2026-02-10T14:25:00+05:30,25923.25,25928.9,25915.85,25921.3,,25953.187257605696,25933.178103495065,25924.915665447148,25856.816666666666,25851.575,25862.05833333333,25932.73333333333,25998.166666666664,25791.38333333333,25715.466666666667,25650.033333333333,3857590
2026-02-10T14:30:00+05:30,25919.15,25929,25918.6,25924.15,,25953.187257605696,25932.318284114583,25924.76253235772,25856.816666666666,25851.575,25862.05833333333,25932.73333333333,25998.166666666664,25791.38333333333,25715.466666666667,25650.033333333333,3708154
2026-02-10T14:35:00+05:30,25922.7,25930.6,25916.2,25916.85,,25953.187257605696,25930.845114198906,25923.180025886177,25856.816666666666,25851.575,25862.05833333333,25932.73333333333,25998.166666666664,25791.38333333333,25715.466666666667,25650.033333333333,5012729
2026-02-10T14:40:00+05:30,25915.3,25917.45,25903.85,25912.7,,25953.187257605696,25929.117008084726,25921.084020708942,25856.816666666666,25851.575,25862.05833333333,25932.73333333333,25998.166666666664,25791.38333333333,25715.466666666667,25650.033333333333,6239064
2026-02-10T14:45:00+05:30,25911.4,25932.4,25911.2,25928.7,,25953.187257605696,25929.077293029037,25922.607216567154,25856.816666666666,25851.575,25862.05833333333,25932.73333333333,25998.166666666664,25791.38333333333,25715.466666666667,25650.033333333333,6310435
2026-02-10T14:50:00+05:30,25927.75,25937.85,25923.7,25935.35,,25953.187257605696,25929.674693692938,25925.155773253722,25856.816666666666,25851.575,25862.05833333333,25932.73333333333,25998.166666666664,25791.38333333333,25715.466666666667,25650.033333333333,5152902
2026-02-10T14:55:00+05:30,25935.75,25944.4,25930.9,25941.45,,25953.187257605696,25930.79615143647,25928.41461860298,25856.816666666666,25851.575,25862.05833333333,25932.73333333333,25998.166666666664,25791.38333333333,25715.466666666667,25650.033333333333,4572827
2026-02-10T15:00:00+05:30,25943,25967.4,25939.95,25951.4,,25953.187257605696,25932.758422728235,25933.011694882385,25856.816666666666,25851.575,25862.05833333333,25932.73333333333,25998.166666666664,25791.38333333333,25715.466666666667,25650.033333333333,14428845
2026-02-10T15:05:00+05:30,25953.25,25963.25,25930.85,25958.1,25900.07464898871,,25935.171906277927,25938.029355905906,25856.816666666666,25851.575,25862.05833333333,25932.73333333333,25998.166666666664,25791.38333333333,25715.466666666667,25650.033333333333,16419932
2026-02-10T15:10:00+05:30,25958.85,25960.2,25931.5,25933.95,25900.07464898871,,25935.055534251456,25937.213484724725,25856.816666666666,25851.575,25862.05833333333,25932.73333333333,25998.166666666664,25791.38333333333,25715.466666666667,25650.033333333333,11876970
2026-02-10T15:15:00+05:30,25934.3,25937.05,25914.55,25919.3,25900.07464898871,,25933.55500717989,25933.63078777978,25856.816666666666,25851.575,25862.05833333333,25932.73333333333,25998.166666666664,25791.38333333333,25715.466666666667,25650.033333333333,11700564
2026-02-10T15:20:00+05:30,25919.15,25922,25909.75,25911.55,25900.07464898871,,25931.459292210377,25929.214630223825,25856.816666666666,25851.575,25862.05833333333,25932.73333333333,25998.166666666664,25791.38333333333,25715.466666666667,25650.033333333333,10910480
2026-02-10T15:25:00+05:30,25911.4,25919.25,25906.05,25916.8,25900.07464898871,,25930.063169142722,25926.73170417906,25856.816666666666,25851.575,25862.05833333333,25932.73333333333,25998.166666666664,25791.38333333333,25715.466666666667,25650.033333333333,8882141
2026-02-11T09:15:00+05:30,25996.15,26009.4,25942.45,25985,25900.07464898871,,25935.29524827199,25938.385363343248,25931.683333333334,25929.95,25933.416666666668,25992.916666666668,26050.68333333333,25873.916666666668,25812.683333333334,25754.916666666668,18120061
2026-02-11T09:20:00+05:30,25984.95,25993.2,25975.8,25980.7,25908.076042852383,,25939.619510341323,25946.8482906746,25931.683333333334,25929.95,25933.416666666668,25992.916666666668,26050.68333333333,25873.916666666668,25812.683333333334,25754.916666666668,8702483
2026-02-11T09:25:00+05:30,25980.85,25988.1,25975.6,25980.6,25909.318438567145,,25943.52241411834,25953.59863253968,25931.683333333334,25929.95,25933.416666666668,25992.916666666668,26050.68333333333,25873.916666666668,25812.683333333334,25754.916666666668,5721824
2026-02-11T09:30:00+05:30,25980.1,25984.55,25954.75,25955.35,25909.318438567145,,25944.648850868973,25953.948906031743,25931.683333333334,25929.95,25933.416666666668,25992.916666666668,26050.68333333333,25873.916666666668,25812.683333333334,25754.916666666668,6986031
2026-02-11T09:35:00+05:30,25955.15,25960.75,25932.15,25933.6,25909.318438567145,,25943.596579357643,25949.879124825395,25931.683333333334,25929.95,25933.416666666668,25992.916666666668,26050.68333333333,25873.916666666668,25812.683333333334,25754.916666666668,5487344
2026-02-11T09:40:00+05:30,25932.4,25939.4,25923.5,25937.85,25909.318438567145,,25943.049286085487,25947.473299860314,25931.683333333334,25929.95,25933.416666666668,25992.916666666668,26050.68333333333,25873.916666666668,25812.683333333334,25754.916666666668,4130594
2026-02-11T09:45:00+05:30,25937.8,25945.25,25929.85,25929.85,25909.318438567145,,25941.792211220203,25943.94863988825,25931.683333333334,25929.95,25933.416666666668,25992.916666666668,26050.68333333333,25873.916666666668,25812.683333333334,25754.916666666668,3930821
2026-02-11T09:50:00+05:30,25930.4,25952.7,25925.75,25950.1,25909.318438567145,,25942.583429199232,25945.1789119106,25931.683333333334,25929.95,25933.416666666668,25992.916666666668,26050.68333333333,25873.916666666668,25812.683333333334,25754.916666666668,3740160
2026-02-11T09:55:00+05:30,25949.05,25956.3,25943.05,25943.05,25909.318438567145,,25942.62786451359,25944.75312952848,25931.683333333334,25929.95,25933.416666666668,25992.916666666668,26050.68333333333,25873.916666666668,25812.683333333334,25754.916666666668,3411305
2026-02-11T10:00:00+05:30,25943.2,25943.4,25911.9,25915.8,25909.318438567145,,25940.07282979801,25938.962503622784,25931.683333333334,25929.95,25933.416666666668,25992.916666666668,26050.68333333333,25873.916666666668,25812.683333333334,25754.916666666668,4591118
2026-02-11T10:05:00+05:30,25914.35,25926.95,25913.55,25925.8,25909.318438567145,,25938.71351267439,25936.330002898227,25931.683333333334,25929.95,25933.416666666668,25992.916666666668,26050.68333333333,25873.916666666668,25812.683333333334,25754.916666666668,4237381
2026-02-11T10:10:00+05:30,25925.6,25938.55,25909.85,25917.9,25909.318438567145,,25936.731273372065,25932.644002318582,25931.683333333334,25929.95,25933.416666666668,25992.916666666668,26050.68333333333,25873.916666666668,25812.683333333334,25754.916666666668,3097204
2026-02-11T10:15:00+05:30,25918.05,25954.9,25916.9,25954.15,25909.318438567145,,25938.39019971758,25936.945201854865,25931.683333333334,25929.95,25933.416666666668,25992.916666666668,26050.68333333333,25873.916666666668,25812.683333333334,25754.916666666668,2898251
2026-02-11T10:20:00+05:30,25954.8,25962.8,25948.2,25961.65,25909.318438567145,,25940.605418792096,25941.886161483893,25931.683333333334,25929.95,25933.416666666668,25992.916666666668,26050.68333333333,25873.916666666668,25812.683333333334,25754.916666666668,2978537
2026-02-11T10:25:00+05:30,25961.05,25967.75,25955.9,25964.8,25909.318438567145,,25942.90966462142,25946.468929187115,25931.683333333334,25929.95,25933.416666666668,25992.916666666668,26050.68333333333,25873.916666666668,25812.683333333334,25754.916666666668,4359725
2026-02-11T10:30:00+05:30,25964.2,25973.2,25962.75,25964.2,25909.318438567145,,25944.937315609855,25950.01514334969,25931.683333333334,25929.95,25933.416666666668,25992.916666666668,26050.68333333333,25873.916666666668,25812.683333333334,25754.916666666668,3290026
2026-02-11T10:35:00+05:30,25963.95,25980.6,25958.2,25977.4,25909.318438567145,,25948.02899983749,25955.492114679753,25931.683333333334,25929.95,25933.416666666668,25992.916666666668,26050.68333333333,25873.916666666668,25812.683333333334,25754.916666666668,3965245
2026-02-11T10:40:00+05:30,25978.3,25981.3,25966.65,25969.05,25911.913608420382,,25950.030999852966,25958.2036917438,25931.683333333334,25929.95,25933.416666666668,25992.916666666668,26050.68333333333,25873.916666666668,25812.683333333334,25754.916666666668,3103956
2026-02-11T10:45:00+05:30,25968,25976.85,25964.8,25976.55,25911.913608420382,,25952.55661891459,25961.872953395043,25931.683333333334,25929.95,25933.416666666668,25992.916666666668,26050.68333333333,25873.916666666668,25812.683333333334,25754.916666666668,3426563
2026-02-11T10:50:00+05:30,25975.75,25978.6,25959.85,25960.9,25911.913608420382,,25953.35122663701,25961.678362716033,25931.683333333334,25929.95,25933.416666666668,25992.916666666668,26050.68333333333,25873.916666666668,25812.683333333334,25754.916666666668,3034243
2026-02-11T10:55:00+05:30,25960.7,25964.7,25955.8,25961.25,25911.913608420382,,25954.103490766818,25961.592690172827,25931.683333333334,25929.95,25933.416666666668,25992.916666666668,26050.68333333333,25873.916666666668,25812.683333333334,25754.916666666668,2887687
2026-02-11T11:00:00+05:30,25961.95,25966.65,25954.2,25966.65,25911.913608420382,,25955.298396408074,25962.60415213826,25931.683333333334,25929.95,25933.416666666668,25992.916666666668,26050.68333333333,25873.916666666668,25812.683333333334,25754.916666666668,4010898
2026-02-11T11:05:00+05:30,25966.75,25971.65,25938.9,25942.55,25911.913608420382,,25954.08426341683,25958.59332171061,25931.683333333334,25929.95,25933.416666666668,25992.916666666668,26050.68333333333,25873.916666666668,25812.683333333334,25754.916666666668,5050071
2026-02-11T11:10:00+05:30,25941.9,25959.3,25940.7,25956.95,25911.913608420382,,25954.357190710463,25958.264657368487,25931.683333333334,25929.95,25933.416666666668,25992.916666666668,26050.68333333333,25873.916666666668,25812.683333333334,25754.916666666668,3075987
2026-02-11T11:15:00+05:30,25957.4,25967.9,25953.6,25955.9,25911.913608420382,,25954.504124928513,25957.79172589479,25931.683333333334,25929.95,25933.416666666668,25992.916666666668,26050.68333333333,25873.916666666668,25812.683333333334,25754.916666666668,4565428
2026-02-11T11:20:00+05:30,25955.2,25963.6,25947.4,25959.9,25911.913608420382,,25955.018017792463,25958.21338071583,25931.683333333334,25929.95,25933.416666666668,25992.916666666668,26050.68333333333,25873.916666666668,25812.683333333334,25754.916666666668,3319598
2026-02-11T11:25:00+05:30,25960.25,25964.6,25955.5,25957.7,25911.913608420382,,25955.273444669372,25958.110704572664,25931.683333333334,25929.95,25933.416666666668,25992.916666666668,26050.68333333333,25873.916666666668,25812.683333333334,25754.916666666668,2756569
2026-02-11T11:30:00+05:30,25958,25977.85,25953.65,25972.25,25911.913608420382,,25956.890259462765,25960.938563658132,25931.683333333334,25929.95,25933.416666666668,25992.916666666668,26050.68333333333,25873.916666666668,25812.683333333334,25754.916666666668,2663433
2026-02-11T11:35:00+05:30,25972.6,25979.05,25967.25,25967.9,25920.139727505444,,25957.9388061806,25962.330850926504,25931.683333333334,25929.95,25933.416666666668,25992.916666666668,26050.68333333333,25873.916666666668,25812.683333333334,25754.916666666668,2022158
2026-02-11T11:40:00+05:30,25967.85,25970.3,25955.6,25956.15,25920.139727505444,,25957.768443687208,25961.094680741204,25931.683333333334,25929.95,25933.416666666668,25992.916666666668,26050.68333333333,25873.916666666668,25812.683333333334,25754.916666666668,2982242
2026-02-11T11:45:00+05:30,25956.45,25964.15,25953.3,25961.35,25920.139727505444,,25958.109544288425,25961.145744592963,25931.683333333334,25929.95,25933.416666666668,25992.916666666668,26050.68333333333,25873.916666666668,25812.683333333334,25754.916666666668,2463857
2026-02-11T11:50:00+05:30,25961.85,25964.35,25949.6,25958.05,25920.139727505444,,25958.103873403812,25960.52659567437,25931.683333333334,25929.95,25933.416666666668,25992.916666666668,26050.68333333333,25873.916666666668,25812.683333333334,25754.916666666668,4568373
2026-02-11T11:55:00+05:30,25958.65,25969.35,25945.5,25946.75,25920.139727505444,,25957.02255212726,25957.771276539497,25931.683333333334,25929.95,25933.416666666668,25992.916666666668,26050.68333333333,25873.916666666668,25812.683333333334,25754.916666666668,3221799
2026-02-11T12:00:00+05:30,25947.55,25960.95,25944.9,25955.7,25920.139727505444,,25956.896594781807,25957.357021231597,25931.683333333334,25929.95,25933.416666666668,25992.916666666668,26050.68333333333,25873.916666666668,25812.683333333334,25754.916666666668,2821537
2026-02-11T12:05:00+05:30,25955.9,25956.9,25933.95,25942.45,25920.139727505444,,25955.52072861211,25954.37561698528,25931.683333333334,25929.95,25933.416666666668,25992.916666666668,26050.68333333333,25873.916666666668,25812.683333333334,25754.916666666668,2566811
2026-02-11T12:10:00+05:30,25942.35,25960.05,25942.35,25953.95,25920.139727505444,,25955.37113541096,25954.29049358822,25931.683333333334,25929.95,25933.416666666668,25992.916666666668,26050.68333333333,25873.916666666668,25812.683333333334,25754.916666666668,2956376
2026-02-11T12:15:00+05:30,25954.45,25955.45,25940,25942.85,25920.139727505444,,25954.1786463242,25952.00239487058,25931.683333333334,25929.95,25933.416666666668,25992.916666666668,26050.68333333333,25873.916666666668,25812.683333333334,25754.916666666668,3489188
2026-02-11T12:20:00+05:30,25942.8,25945.55,25936.05,25937.65,25920.139727505444,,25952.60448953142,25949.13191589646,25931.683333333334,25929.95,25933.416666666668,25992.916666666668,26050.68333333333,25873.916666666668,25812.683333333334,25754.916666666668,2626631
2026-02-11T12:25:00+05:30,25938.1,25943.05,25935.8,25939.7,25920.139727505444,,25951.375490528426,25947.24553271717,25931.683333333334,25929.95,25933.416666666668,25992.916666666668,26050.68333333333,25873.916666666668,25812.683333333334,25754.916666666668,2442619
2026-02-11T12:30:00+05:30,25940.05,25945.1,25926.05,25926.25,25920.139727505444,,25948.982586668575,25943.046426173736,25931.683333333334,25929.95,25933.416666666668,25992.916666666668,26050.68333333333,25873.916666666668,25812.683333333334,25754.916666666668,3096812
2026-02-11T12:35:00+05:30,25926.8,25936.15,25914.8,25917.05,,25975.286244550527,25945.941387938234,25937.84714093899,25931.683333333334,25929.95,25933.416666666668,25992.916666666668,26050.68333333333,25873.916666666668,25812.683333333334,25754.916666666668,15596468
2026-02-11T12:40:00+05:30,25916.55,25925.35,25899.8,25911.2,,25965.07012009547,25942.632684325068,25932.517712751192,25931.683333333334,25929.95,25933.416666666668,25992.916666666668,26050.68333333333,25873.916666666668,25812.683333333334,25754.916666666668,3304136
2026-02-11T12:45:00+05:30,25910.9,25917.65,25900.9,25916,,25961.54560808593,25940.096238198872,25929.214170200954,25931.683333333334,25929.95,25933.416666666668,25992.916666666668,26050.68333333333,25873.916666666668,25812.683333333334,25754.916666666668,3004132
2026-02-11T12:50:00+05:30,25915.7,25927.4,25911.65,25926.2,,25961.54560808593,25938.772786941838,25928.611336160764,25931.683333333334,25929.95,25933.416666666668,25992.916666666668,26050.68333333333,25873.916666666668,25812.683333333334,25754.916666666668,2558858
2026-02-11T12:55:00+05:30,25925.9,25936.45,25920.05,25927.4,,25961.54560808593,25937.68966437595,25928.369068928612,25931.683333333334,25929.95,25933.416666666668,25992.916666666668,26050.68333333333,25873.916666666668,25812.683333333334,25754.916666666668,3977087
2026-02-11T13:00:00+05:30,25928.2,25928.2,25907.6,25914.25,,25961.54560808593,25935.457315387765,25925.54525514289,25931.683333333334,25929.95,25933.416666666668,25992.916666666668,26050.68333333333,25873.916666666668,25812.683333333334,25754.916666666668,3585057
2026-02-11T13:05:00+05:30,25913.35,25929.6,25912.9,25926.1,,25961.54560808593,25934.56614249369,25925.65620411431,25931.683333333334,25929.95,25933.416666666668,25992.916666666668,26050.68333333333,25873.916666666668,25812.683333333334,25754.916666666668,2611895
2026-02-11T13:10:00+05:30,25925.15,25931.1,25917.8,25923.75,,25961.54560808593,25933.53603368477,25925.27496329145,25931.683333333334,25929.95,25933.416666666668,25992.916666666668,26050.68333333333,25873.916666666668,25812.683333333334,25754.916666666668,2913613
2026-02-11T13:15:00+05:30,25923.95,25930.3,25920.1,25928.9,,25961.54560808593,25933.094506667174,25925.99997063316,25931.683333333334,25929.95,25933.416666666668,25992.916666666668,26050.68333333333,25873.916666666668,25812.683333333334,25754.916666666668,2913593
2026-02-11T13:20:00+05:30,25929.35,25939.3,25923.2,25931.25,,25961.54560808593,25932.91883936554,25927.049976506525,25931.683333333334,25929.95,25933.416666666668,25992.916666666668,26050.68333333333,25873.916666666668,25812.683333333334,25754.916666666668,2516063
2026-02-11T13:25:00+05:30,25931.7,25945.65,25931.7,25945.05,,25961.54560808593,25934.07418799739,25930.64998120522,25931.683333333334,25929.95,25933.416666666668,25992.916666666668,26050.68333333333,25873.916666666668,25812.683333333334,25754.916666666668,2403332
2026-02-11T13:30:00+05:30,25944.7,25952.1,25939.9,25949.2,,25961.54560808593,25935.51474152145,25934.359984964176,25931.683333333334,25929.95,25933.416666666668,25992.916666666668,26050.68333333333,25873.916666666668,25812.683333333334,25754.916666666668,2857012
2026-02-11T13:35:00+05:30,25949.65,25959.75,25945.1,25957.35,,25961.54560808593,25937.594289947978,25938.957987971342,25931.683333333334,25929.95,25933.416666666668,25992.916666666668,26050.68333333333,25873.916666666668,25812.683333333334,25754.916666666668,2740499
2026-02-11T13:40:00+05:30,25958.1,25969.2,25954.3,25955.35,,25961.54560808593,25939.28530995293,25942.236390377075,25931.683333333334,25929.95,25933.416666666668,25992.916666666668,26050.68333333333,25873.916666666668,25812.683333333334,25754.916666666668,2866813
2026-02-11T13:45:00+05:30,25955.1,25956.3,25939,25939.3,,25961.54560808593,25939.28670900503,25941.64911230166,25931.683333333334,25929.95,25933.416666666668,25992.916666666668,26050.68333333333,25873.916666666668,25812.683333333334,25754.916666666668,3756926
2026-02-11T13:50:00+05:30,25938.25,25940.2,25927.5,25932.05,,25961.54560808593,25938.5974986236,25939.72928984133,25931.683333333334,25929.95,25933.416666666668,25992.916666666668,26050.68333333333,25873.916666666668,25812.683333333334,25754.916666666668,2752511
2026-02-11T13:55:00+05:30,25931.65,25939.95,25930.2,25932.6,,25961.54560808593,25938.026308278495,25938.303431873064,25931.683333333334,25929.95,25933.416666666668,25992.916666666668,26050.68333333333,25873.916666666668,25812.683333333334,25754.916666666668,2578792
2026-02-11T14:00:00+05:30,25932.05,25943.3,25925.55,25938.5,,25961.54560808593,25938.07142177578,25938.342745498452,25931.683333333334,25929.95,25933.416666666668,25992.916666666668,26050.68333333333,25873.916666666668,25812.683333333334,25754.916666666668,2831754
2026-02-11T14:05:00+05:30,25938.2,25944.35,25934.45,25937.5,,25961.54560808593,25938.01700065428,25938.174196398762,25931.683333333334,25929.95,25933.416666666668,25992.916666666668,26050.68333333333,25873.916666666668,25812.683333333334,25754.916666666668,4671311
2026-02-11T14:10:00+05:30,25936.8,25956.8,25936.7,25956.2,,25961.54560808593,25939.74871487768,25941.77935711901,25931.683333333334,25929.95,25933.416666666668,25992.916666666668,26050.68333333333,25873.916666666668,25812.683333333334,25754.916666666668,3141376
2026-02-11T14:15:00+05:30,25955.95,25964.1,25955.45,25958.4,,25961.54560808593,25941.525027746473,25945.103485695206,25931.683333333334,25929.95,25933.416666666668,25992.916666666668,26050.68333333333,25873.916666666668,25812.683333333334,25754.916666666668,3326432
2026-02-11T14:20:00+05:30,25958.05,25960.2,25939.7,25945,,25961.54560808593,25941.855977484905,25945.082788556167,25931.683333333334,25929.95,25933.416666666668,25992.916666666668,26050.68333333333,25873.916666666668,25812.683333333334,25754.916666666668,4112556
2026-02-11T14:25:00+05:30,25944.9,25954.55,25942.8,25944.85,,25961.54560808593,25942.141122486344,25945.036230844933,25931.683333333334,25929.95,25933.416666666668,25992.916666666668,26050.68333333333,25873.916666666668,25812.683333333334,25754.916666666668,4182508
2026-02-11T14:30:00+05:30,25944.4,25952.45,25937.2,25952.45,,25961.54560808593,25943.122920344787,25946.518984675946,25931.683333333334,25929.95,25933.416666666668,25992.916666666668,26050.68333333333,25873.916666666668,25812.683333333334,25754.916666666668,3380579
2026-02-11T14:35:00+05:30,25951.85,25954.05,25943.5,25944.8,,25961.54560808593,25943.282642216713,25946.175187740755,25931.683333333334,25929.95,25933.416666666668,25992.916666666668,26050.68333333333,25873.916666666668,25812.683333333334,25754.916666666668,3816705
2026-02-11T14:40:00+05:30,25944.65,25947.85,25938.85,25944.9,,25961.54560808593,25943.436676291312,25945.920150192604,25931.683333333334,25929.95,25933.416666666668,25992.916666666668,26050.68333333333,25873.916666666668,25812.683333333334,25754.916666666668,4037149
2026-02-11T14:45:00+05:30,25945.45,25952.25,25940.3,25943.3,,25961.54560808593,25943.423659501663,25945.396120154084,25931.683333333334,25929.95,25933.416666666668,25992.916666666668,26050.68333333333,25873.916666666668,25812.683333333334,25754.916666666668,5167189
2026-02-11T14:50:00+05:30,25942.85,25951.75,25940.6,25946.3,,25961.54560808593,25943.69759669198,25945.576896123268,25931.683333333334,25929.95,25933.416666666668,25992.916666666668,26050.68333333333,25873.916666666668,25812.683333333334,25754.916666666668,4093344
2026-02-11T14:55:00+05:30,25947.65,25955.95,25943.6,25944.95,,25961.54560808593,25943.816873197506,25945.451516898614,25931.683333333334,25929.95,25933.416666666668,25992.916666666668,26050.68333333333,25873.916666666668,25812.683333333334,25754.916666666668,5349294
2026-02-11T15:00:00+05:30,25944.65,25970.75,25944.65,25956.1,,25961.54560808593,25944.986694797743,25947.58121351889,25931.683333333334,25929.95,25933.416666666668,25992.916666666668,26050.68333333333,25873.916666666668,25812.683333333334,25754.916666666668,9310079
2026-02-11T15:05:00+05:30,25956.8,25958.75,25948.7,25951.75,,25961.54560808593,25945.63081910272,25948.414970815113,25931.683333333334,25929.95,25933.416666666668,25992.916666666668,26050.68333333333,25873.916666666668,25812.683333333334,25754.916666666668,7852538
2026-02-11T15:10:00+05:30,25952.95,25958.15,25948.9,25955.9,,25961.54560808593,25946.608836331034,25949.91197665209,25931.683333333334,25929.95,25933.416666666668,25992.916666666668,26050.68333333333,25873.916666666668,25812.683333333334,25754.916666666668,9010603
2026-02-11T15:15:00+05:30,25957.95,25958.65,25950.9,25955.25,,25961.54560808593,25947.431804299507,25950.97958132167,25931.683333333334,25929.95,25933.416666666668,25992.916666666668,26050.68333333333,25873.916666666668,25812.683333333334,25754.916666666668,9519679
2026-02-11T15:20:00+05:30,25956.9,25956.9,25946.4,25949,,25961.54560808593,25947.581156270982,25950.583665057336,25931.683333333334,25929.95,25933.416666666668,25992.916666666668,26050.68333333333,25873.916666666668,25812.683333333334,25754.916666666668,9688952
2026-02-11T15:25:00+05:30,25950.45,25952.85,25939.75,25945.35,,25961.54560808593,25947.368665197555,25949.53693204587,25931.683333333334,25929.95,25933.416666666668,25992.916666666668,26050.68333333333,25873.916666666668,25812.683333333334,25754.916666666668,7583224
2026-02-12T09:15:00+05:30,25890.75,25892.3,25847.25,25855.25,,25933.84749776449,25938.595458988264,25930.679545636696,25954.349999999995,25954.09999999999,25954.6,26008.89999999999,26063.95,25899.29999999999,25844.749999999993,25789.699999999986,21117619
2026-02-12T09:20:00+05:30,25857.7,25861.05,25836.6,25843.9,,25913.82524798804,25929.576843846524,25913.323636509358,25954.349999999995,25954.09999999999,25954.6,26008.89999999999,26063.95,25899.29999999999,25844.749999999993,25789.699999999986,13103112
2026-02-12T09:25:00+05:30,25845.25,25850.95,25831.25,25833.75,,25905.510223189238,25920.450477765902,25897.408909207486,25954.349999999995,25954.09999999999,25954.6,26008.89999999999,26063.95,25899.29999999999,25844.749999999993,25789.699999999986,9547475
2026-02-12T09:30:00+05:30,25835.8,25841.35,25822.3,25838.35,,25895.50920087031,25912.63138464534,25885.59712736599,25954.349999999995,25954.09999999999,25954.6,26008.89999999999,26063.95,25899.29999999999,25844.749999999993,25789.699999999986,9001075
2026-02-12T09:35:00+05:30,25839.6,25847.95,25829.8,25842.25,,25895.50920087031,25905.928395631498,25876.92770189279,25954.349999999995,25954.09999999999,25954.6,26008.89999999999,26063.95,25899.29999999999,25844.749999999993,25789.699999999986,7875395
2026-02-12T09:40:00+05:30,25842.55,25847.2,25830.4,25844.65,,25895.50920087031,25900.092357952308,25870.472161514233,25954.349999999995,25954.09999999999,25954.6,26008.89999999999,26063.95,25899.29999999999,25844.749999999993,25789.699999999986,6621878
2026-02-12T09:45:00+05:30,25844.85,25862.75,25828.4,25854.7,,25895.50920087031,25895.769276242565,25867.317729211387,25954.349999999995,25954.09999999999,25954.6,26008.89999999999,26063.95,25899.29999999999,25844.749999999993,25789.699999999986,6312763
2026-02-12T09:50:00+05:30,25859,25865.95,25851.45,25860.4,,25895.50920087031,25892.400773743273,25865.93418336911,25954.349999999995,25954.09999999999,25954.6,26008.89999999999,26063.95,25899.29999999999,25844.749999999993,25789.699999999986,6760139
2026-02-12T09:55:00+05:30,25861.1,25872.35,25857.65,25865.1,,25895.50920087031,25889.800700053438,25865.767346695287,25954.349999999995,25954.09999999999,25954.6,26008.89999999999,26063.95,25899.29999999999,25844.749999999993,25789.699999999986,11202008
2026-02-12T10:00:00+05:30,25867.5,25875.75,25857.85,25871.1,,25895.50920087031,25888.01968100073,25866.83387735623,25954.349999999995,25954.09999999999,25954.6,26008.89999999999,26063.95,25899.29999999999,25844.749999999993,25789.699999999986,7830789
2026-02-12T10:05:00+05:30,25871.55,25875.25,25849.9,25865,,25895.50920087031,25885.82733042923,25866.467101884984,25954.349999999995,25954.09999999999,25954.6,26008.89999999999,26063.95,25899.29999999999,25844.749999999993,25789.699999999986,5644342
2026-02-12T10:10:00+05:30,25866.4,25880.9,25854.8,25880.85,,25895.50920087031,25885.35329895978,25869.343681507988,25954.349999999995,25954.09999999999,25954.6,26008.89999999999,26063.95,25899.29999999999,25844.749999999993,25789.699999999986,5131829
2026-02-12T10:15:00+05:30,25881.8,25882.6,25865.25,25876.3,,25895.50920087031,25884.49108001123,25870.73494520639,25954.349999999995,25954.09999999999,25954.6,26008.89999999999,26063.95,25899.29999999999,25844.749999999993,25789.699999999986,4634835
2026-02-12T10:20:00+05:30,25876.45,25881.65,25870.85,25875.3,,25895.50920087031,25883.61573905778,25871.64795616511,25954.349999999995,25954.09999999999,25954.6,26008.89999999999,26063.95,25899.29999999999,25844.749999999993,25789.699999999986,4474548
2026-02-12T10:25:00+05:30,25876.05,25876.05,25859.4,25867.2,,25895.50920087031,25882.05233533799,25870.758364932088,25954.349999999995,25954.09999999999,25954.6,26008.89999999999,26063.95,25899.29999999999,25844.749999999993,25789.699999999986,4250597
2026-02-12T10:30:00+05:30,25867.35,25874.15,25860.95,25872.8,,25895.50920087031,25881.171160543898,25871.16669194567,25954.349999999995,25954.09999999999,25954.6,26008.89999999999,26063.95,25899.29999999999,25844.749999999993,25789.699999999986,3633592
2026-02-12T10:35:00+05:30,25873.5,25876,25850.6,25859.75,,25895.50920087031,25879.13105001591,25868.883353556535,25954.349999999995,25954.09999999999,25954.6,26008.89999999999,26063.95,25899.29999999999,25844.749999999993,25789.699999999986,3659382
2026-02-12T10:40:00+05:30,25861.25,25865.8,25855.7,25859.3,,25895.50920087031,25877.242378585823,25866.96668284523,25954.349999999995,25954.09999999999,25954.6,26008.89999999999,26063.95,25899.29999999999,25844.749999999993,25789.699999999986,4242600
2026-02-12T10:45:00+05:30,25857.95,25865.55,25852.75,25856.8,,25895.50920087031,25875.295485387174,25864.933346276182,25954.349999999995,25954.09999999999,25954.6,26008.89999999999,26063.95,25899.29999999999,25844.749999999993,25789.699999999986,3784543
2026-02-12T10:50:00+05:30,25857.9,25857.9,25848.7,25853.1,,25895.50920087031,25873.181629636016,25862.566677020946,25954.349999999995,25954.09999999999,25954.6,26008.89999999999,26063.95,25899.29999999999,25844.749999999993,25789.699999999986,4276848
2026-02-12T10:55:00+05:30,25853.4,25861.9,25852.65,25853.6,,25895.50920087031,25871.316712527823,25860.773341616758,25954.349999999995,25954.09999999999,25954.6,26008.89999999999,26063.95,25899.29999999999,25844.749999999993,25789.699999999986,3845007
2026-02-12T11:00:00+05:30,25852.4,25860.9,25851.2,25856.7,,25895.50920087031,25869.92464466803,25859.958673293408,25954.349999999995,25954.09999999999,25954.6,26008.89999999999,26063.95,25899.29999999999,25844.749999999993,25789.699999999986,5329942
2026-02-12T11:05:00+05:30,25857.25,25861.8,25843.15,25853.9,,25895.50920087031,25868.39848803298,25858.746938634726,25954.349999999995,25954.09999999999,25954.6,26008.89999999999,26063.95,25899.29999999999,25844.749999999993,25789.699999999986,4203364
2026-02-12T11:10:00+05:30,25854.5,25857.4,25846.85,25849.15,,25895.50920087031,25866.565298696507,25856.82755090778,25954.349999999995,25954.09999999999,25954.6,26008.89999999999,26063.95,25899.29999999999,25844.749999999993,25789.699999999986,4606505
2026-02-12T11:15:00+05:30,25849.55,25849.55,25833.35,25840.1,,25888.031165046566,25864.044794058744,25853.482040726223,25954.349999999995,25954.09999999999,25954.6,26008.89999999999,26063.95,25899.29999999999,25844.749999999993,25789.699999999986,5929680
2026-02-12T11:20:00+05:30,25840.85,25840.85,25824.2,25833.5,,25879.443048541914,25861.13576605315,25849.485632580978,25954.349999999995,25954.09999999999,25954.6,26008.89999999999,26063.95,25899.29999999999,25844.749999999993,25789.699999999986,4034045
2026-02-12T11:25:00+05:30,25834.6,25838.1,25827.05,25831.1,,25878.116243687717,25858.275216905233,25845.808506064783,25954.349999999995,25954.09999999999,25954.6,26008.89999999999,26063.95,25899.29999999999,25844.749999999993,25789.699999999986,3386937
2026-02-12T11:30:00+05:30,25833.9,25833.9,25816.25,25821.15,,25871.35711931895,25854.73948196188,25840.876804851825,25954.349999999995,25954.09999999999,25954.6,26008.89999999999,26063.95,25899.29999999999,25844.749999999993,25789.699999999986,3609564
2026-02-12T11:35:00+05:30,25822.25,25826.1,25813.05,25817.6,,25865.14390738705,25851.2023884417,25836.22144388146,25954.349999999995,25954.09999999999,25954.6,26008.89999999999,26063.95,25899.29999999999,25844.749999999993,25789.699999999986,3891047
2026-02-12T11:40:00+05:30,25820.6,25831.85,25815.7,25828.4,,25865.14390738705,25849.03073239963,25834.657155105167,25954.349999999995,25954.09999999999,25954.6,26008.89999999999,26063.95,25899.29999999999,25844.749999999993,25789.699999999986,3495825
2026-02-12T11:45:00+05:30,25828.15,25836.1,25826.2,25827.1,,25865.14390738705,25846.942091218712,25833.145724084134,25954.349999999995,25954.09999999999,25954.6,26008.89999999999,26063.95,25899.29999999999,25844.749999999993,25789.699999999986,3114880
2026-02-12T11:50:00+05:30,25827.9,25828.2,25808.05,25814.75,,25863.987183485162,25843.87617776931,25829.466579267308,25954.349999999995,25954.09999999999,25954.6,26008.89999999999,26063.95,25899.29999999999,25844.749999999993,25789.699999999986,3923261
2026-02-12T11:55:00+05:30,25815.9,25827.85,25810.75,25826.3,,25863.987183485162,25842.202256076995,25828.833263413846,25954.349999999995,25954.09999999999,25954.6,26008.89999999999,26063.95,25899.29999999999,25844.749999999993,25789.699999999986,3080807
2026-02-12T12:00:00+05:30,25827.05,25830.45,25806.5,25815.15,,25863.987183485162,25839.625850736327,25826.096610731078,25954.349999999995,25954.09999999999,25954.6,26008.89999999999,26063.95,25899.29999999999,25844.749999999993,25789.699999999986,3866879
2026-02-12T12:05:00+05:30,25816.1,25828,25812.4,25828,,25863.987183485162,25838.518626856676,25826.47728858486,25954.349999999995,25954.09999999999,25954.6,26008.89999999999,26063.95,25899.29999999999,25844.749999999993,25789.699999999986,2716220
2026-02-12T12:10:00+05:30,25828.35,25832.4,25823.35,25828.9,,25863.987183485162,25837.602567156042,25826.96183086789,25954.349999999995,25954.09999999999,25954.6,26008.89999999999,26063.95,25899.29999999999,25844.749999999993,25789.699999999986,2683419
2026-02-12T12:15:00+05:30,25829.8,25838.45,25827.95,25836.25,,25863.987183485162,25837.47375123642,25828.819464694312,25954.349999999995,25954.09999999999,25954.6,26008.89999999999,26063.95,25899.29999999999,25844.749999999993,25789.699999999986,4824898
2026-02-12T12:20:00+05:30,25838.35,25839.7,25831.2,25836.6,,25863.987183485162,25837.39053683295,25830.37557175545,25954.349999999995,25954.09999999999,25954.6,26008.89999999999,26063.95,25899.29999999999,25844.749999999993,25789.699999999986,2977133
2026-02-12T12:25:00+05:30,25836.8,25837.7,25830.95,25832.15,,25863.987183485162,25836.891438086954,25830.73045740436,25954.349999999995,25954.09999999999,25954.6,26008.89999999999,26063.95,25899.29999999999,25844.749999999993,25789.699999999986,2729123
2026-02-12T12:30:00+05:30,25834.9,25846.65,25831.85,25842.35,,25863.987183485162,25837.411301126293,25833.054365923486,25954.349999999995,25954.09999999999,25954.6,26008.89999999999,26063.95,25899.29999999999,25844.749999999993,25789.699999999986,2702480
2026-02-12T12:35:00+05:30,25843.05,25843.5,25835.4,25838.1,,25863.987183485162,25837.47689149522,25834.063492738787,25954.349999999995,25954.09999999999,25954.6,26008.89999999999,26063.95,25899.29999999999,25844.749999999993,25789.699999999986,2891737
2026-02-12T12:40:00+05:30,25839.7,25847.05,25834.05,25844.45,,25863.987183485162,25838.1409970671,25836.14079419103,25954.349999999995,25954.09999999999,25954.6,26008.89999999999,26063.95,25899.29999999999,25844.749999999993,25789.699999999986,3637137
2026-02-12T12:45:00+05:30,25845.6,25852.25,25839.95,25844.8,,25863.987183485162,25838.775187822615,25837.87263535282,25954.349999999995,25954.09999999999,25954.6,26008.89999999999,26063.95,25899.29999999999,25844.749999999993,25789.699999999986,3210374
2026-02-12T12:50:00+05:30,25845.65,25854,25843.4,25853.5,,25863.987183485162,25840.17755088713,25840.998108282256,25954.349999999995,25954.09999999999,25954.6,26008.89999999999,26063.95,25899.29999999999,25844.749999999993,25789.699999999986,2694193
2026-02-12T12:55:00+05:30,25854.15,25859.5,25849.15,25853.75,,25863.987183485162,25841.470165088354,25843.548486625805,25954.349999999995,25954.09999999999,25954.6,26008.89999999999,26063.95,25899.29999999999,25844.749999999993,25789.699999999986,3242696
2026-02-12T13:00:00+05:30,25854.55,25859.85,25847.85,25853.5,,25863.987183485162,25842.61586365137,25845.538789300645,25954.349999999995,25954.09999999999,25954.6,26008.89999999999,26063.95,25899.29999999999,25844.749999999993,25789.699999999986,2783631
2026-02-12T13:05:00+05:30,25854.95,25856.2,25835.35,25839.35,,25863.987183485162,25842.304829017903,25844.301031440515,25954.349999999995,25954.09999999999,25954.6,26008.89999999999,26063.95,25899.29999999999,25844.749999999993,25789.699999999986,3866910
2026-02-12T13:10:00+05:30,25841.35,25843.7,25830,25835.75,,25863.987183485162,25841.680559587625,25842.590825152412,25954.349999999995,25954.09999999999,25954.6,26008.89999999999,26063.95,25899.29999999999,25844.749999999993,25789.699999999986,3679086
2026-02-12T13:15:00+05:30,25836.45,25863.55,25831.55,25851.6,,25863.987183485162,25842.625268198328,25844.39266012193,25954.349999999995,25954.09999999999,25954.6,26008.89999999999,26063.95,25899.29999999999,25844.749999999993,25789.699999999986,4038319
2026-02-12T13:20:00+05:30,25853.2,25861.75,25830.75,25860.45,,25863.987183485162,25844.322861703247,25847.604128097544,25954.349999999995,25954.09999999999,25954.6,26008.89999999999,26063.95,25899.29999999999,25844.749999999993,25789.699999999986,3470848
2026-02-12T13:25:00+05:30,25861.05,25879.3,25853.45,25855.45,,25863.987183485162,25845.382589160083,25849.173302478037,25954.349999999995,25954.09999999999,25954.6,26008.89999999999,26063.95,25899.29999999999,25844.749999999993,25789.699999999986,4852867
2026-02-12T13:30:00+05:30,25857.4,25859.45,25842.85,25849.45,,25863.987183485162,25845.769961621027,25849.22864198243,25954.349999999995,25954.09999999999,25954.6,26008.89999999999,26063.95,25899.29999999999,25844.749999999993,25789.699999999986,4464894
2026-02-12T13:35:00+05:30,25850.1,25861.75,25845.35,25859.8,,25863.987183485162,25847.106155752357,25851.342913585944,25954.349999999995,25954.09999999999,25954.6,26008.89999999999,26063.95,25899.29999999999,25844.749999999993,25789.699999999986,2921518
2026-02-12T13:40:00+05:30,25862,25862,25841.3,25844.85,,25863.987183485162,25846.89128377594,25850.044330868754,25954.349999999995,25954.09999999999,25954.6,26008.89999999999,26063.95,25899.29999999999,25844.749999999993,25789.699999999986,3668011
2026-02-12T13:45:00+05:30,25845.05,25847.35,25817,25817.5,,25863.987183485162,25844.09211389252,25843.535464695004,25954.349999999995,25954.09999999999,25954.6,26008.89999999999,26063.95,25899.29999999999,25844.749999999993,25789.699999999986,4802073
2026-02-12T13:50:00+05:30,25817.75,25821.65,25805.65,25821.65,,25863.987183485162,25841.95476971228,25839.158371756002,25954.349999999995,25954.09999999999,25954.6,26008.89999999999,26063.95,25899.29999999999,25844.749999999993,25789.699999999986,5896009
2026-02-12T13:55:00+05:30,25822.4,25824.55,25815.35,25816.95,,25863.987183485162,25839.573363073014,25834.7166974048,25954.349999999995,25954.09999999999,25954.6,26008.89999999999,26063.95,25899.29999999999,25844.749999999993,25789.699999999986,2638486
2026-02-12T14:00:00+05:30,25817.2,25820.85,25807.25,25817.8,,25863.987183485162,25837.499709447013,25831.333357923842,25954.349999999995,25954.09999999999,25954.6,26008.89999999999,26063.95,25899.29999999999,25844.749999999993,25789.699999999986,3313822
2026-02-12T14:05:00+05:30,25817.9,25822.5,25814.15,25817.7,,25863.987183485162,25835.61402283301,25828.606686339073,25954.349999999995,25954.09999999999,25954.6,26008.89999999999,26063.95,25899.29999999999,25844.749999999993,25789.699999999986,3286809
2026-02-12T14:10:00+05:30,25817.8,25821.6,25812.65,25817.55,,25863.987183485162,25833.893639706057,25826.39534907126,25954.349999999995,25954.09999999999,25954.6,26008.89999999999,26063.95,25899.29999999999,25844.749999999993,25789.699999999986,2805543
2026-02-12T14:15:00+05:30,25818.2,25818.35,25803.25,25807.9,,25857.789980884652,25831.418054972146,25822.69627925701,25954.349999999995,25954.09999999999,25954.6,26008.89999999999,26063.95,25899.29999999999,25844.749999999993,25789.699999999986,2504781
2026-02-12T14:20:00+05:30,25807.95,25836.35,25806.75,25833.35,,25857.789980884652,25831.602049736703,25824.827023405607,25954.349999999995,25954.09999999999,25954.6,26008.89999999999,26063.95,25899.29999999999,25844.749999999993,25789.699999999986,5165278
2026-02-12T14:25:00+05:30,25833.75,25837.85,25820.3,25823.7,,25857.789980884652,25830.849473571303,25824.601618724486,25954.349999999995,25954.09999999999,25954.6,26008.89999999999,26063.95,25899.29999999999,25844.749999999993,25789.699999999986,4568510
2026-02-12T14:30:00+05:30,25823.4,25829.55,25818.5,25823.9,,25857.789980884652,25830.187618945463,25824.46129497959,25954.349999999995,25954.09999999999,25954.6,26008.89999999999,26063.95,25899.29999999999,25844.749999999993,25789.699999999986,4811012
2026-02-12T14:35:00+05:30,25823.45,25829.65,25804,25808.2,,25857.789980884652,25828.093559998277,25821.20903598367,25954.349999999995,25954.09999999999,25954.6,26008.89999999999,26063.95,25899.29999999999,25844.749999999993,25789.699999999986,6574550
2026-02-12T14:40:00+05:30,25808.75,25819.5,25794.55,25797.3,,25857.789980884652,25825.16083999844,25816.427228786935,25954.349999999995,25954.09999999999,25954.6,26008.89999999999,26063.95,25899.29999999999,25844.749999999993,25789.699999999986,4313148
2026-02-12T14:45:00+05:30,25796.95,25798.75,25752.4,25759,,25838.536405131323,25818.859807617635,25804.94178302955,25954.349999999995,25954.09999999999,25954.6,26008.89999999999,26063.95,25899.29999999999,25844.749999999993,25789.699999999986,8565109
2026-02-12T14:50:00+05:30,25760.6,25776.7,25754.9,25775.4,,25829.00526461819,25814.720778320716,25799.03342642364,25954.349999999995,25954.09999999999,25954.6,26008.89999999999,26063.95,25899.29999999999,25844.749999999993,25789.699999999986,5476712
2026-02-12T14:55:00+05:30,25776.35,25788.15,25775.1,25785.5,,25829.00526461819,25811.937847052075,25796.326741138913,25954.349999999995,25954.09999999999,25954.6,26008.89999999999,26063.95,25899.29999999999,25844.749999999993,25789.699999999986,4947366
2026-02-12T15:00:00+05:30,25788.95,25840.7,25788.4,25823.95,,25829.00526461819,25813.081861618542,25801.851392911132,25954.349999999995,25954.09999999999,25954.6,26008.89999999999,26063.95,25899.29999999999,25844.749999999993,25789.699999999986,15654468
2026-02-12T15:05:00+05:30,25823.2,25826.9,25791.15,25821.4,,25829.00526461819,25813.874065273918,25805.761114328907,25954.349999999995,25954.09999999999,25954.6,26008.89999999999,26063.95,25899.29999999999,25844.749999999993,25789.699999999986,15000372
2026-02-12T15:10:00+05:30,25820.9,25821.7,25802.4,25807.45,,25829.00526461819,25813.262249533545,25806.098891463127,25954.349999999995,25954.09999999999,25954.6,26008.89999999999,26063.95,25899.29999999999,25844.749999999993,25789.699999999986,11740428
2026-02-12T15:15:00+05:30,25805.35,25814.8,25797.45,25810.55,,25829.00526461819,25813.00394005416,25806.9891131705,25954.349999999995,25954.09999999999,25954.6,26008.89999999999,26063.95,25899.29999999999,25844.749999999993,25789.699999999986,13383875
2026-02-12T15:20:00+05:30,25809.4,25811.6,25795.5,25799.5,,25829.00526461819,25811.717850525194,25805.4912905364,25954.349999999995,25954.09999999999,25954.6,26008.89999999999,26063.95,25899.29999999999,25844.749999999993,25789.699999999986,12724083
2026-02-12T15:25:00+05:30,25796.35,25803.65,25790.4,25796.15,,25829.00526461819,25810.235198094222,25803.62303242912,25954.349999999995,25954.09999999999,25954.6,26008.89999999999,26063.95,25899.29999999999,25844.749999999993,25789.699999999986,11234074
2026-02-13T09:15:00+05:30,25578.95,25630.35,25558.3,25596.4,,25724.977058491,25789.869941132867,25762.178425943297,25822.100000000002,25814.65,25829.550000000003,25891.800000000003,25976.4,25737.500000000004,25667.800000000003,25583.200000000004,26342890
2026-02-13T09:20:00+05:30,25597.1,25605.65,25580.1,25602.65,,25718.126852641904,25772.039470548785,25730.272740754637,25822.100000000002,25814.65,25829.550000000003,25891.800000000003,25976.4,25737.500000000004,25667.800000000003,25583.200000000004,10275249
2026-02-13T09:25:00+05:30,25605,25605,25583.95,25585.7,,25713.516667377713,25754.292854306044,25701.35819260371,25822.100000000002,25814.65,25829.550000000003,25891.800000000003,25976.4,25737.500000000004,25667.800000000003,25583.200000000004,8755952
2026-02-13T09:30:00+05:30,25586.1,25586.1,25544.85,25547.7,,25684.98750063994,25734.617344372135,25670.62655408297,25822.100000000002,25814.65,25829.550000000003,25891.800000000003,25976.4,25737.500000000004,25667.800000000003,25583.200000000004,7935625
2026-02-13T09:35:00+05:30,25549,25550.9,25533.9,25538.3,,25655.06125057595,25715.920454431933,25644.161243266375,25822.100000000002,25814.65,25829.550000000003,25891.800000000003,25976.4,25737.500000000004,25667.800000000003,25583.200000000004,9202067
2026-02-13T09:40:00+05:30,25537.4,25566.25,25525.45,25560.85,,25655.06125057595,25701.15183972413,25627.4989946131,25822.100000000002,25814.65,25829.550000000003,25891.800000000003,25976.4,25737.500000000004,25667.800000000003,25583.200000000004,9742464
2026-02-13T09:45:00+05:30,25560.75,25564.45,25541.05,25544.25,,25655.06125057595,25686.20880736945,25610.84919569048,25822.100000000002,25814.65,25829.550000000003,25891.800000000003,25976.4,25737.500000000004,25667.800000000003,25583.200000000004,6625578
2026-02-13T09:50:00+05:30,25543.2,25565.3,25537.05,25553.65,,25655.06125057595,25673.58415904855,25599.409356552384,25822.100000000002,25814.65,25829.550000000003,25891.800000000003,25976.4,25737.500000000004,25667.800000000003,25583.200000000004,5370042
2026-02-13T09:55:00+05:30,25553.15,25555.05,25531.5,25534.45,,25646.493706502883,25660.333286758214,25586.417485241906,25822.100000000002,25814.65,25829.550000000003,25891.800000000003,25976.4,25737.500000000004,25667.800000000003,25583.200000000004,5352443
2026-02-13T10:00:00+05:30,25534.65,25550.7,25532.5,25549,,25639.95683585259,25649.730116590767,25578.933988193523,25822.100000000002,25814.65,25829.550000000003,25891.800000000003,25976.4,25737.500000000004,25667.800000000003,25583.200000000004,6274050
2026-02-13T10:05:00+05:30,25549.85,25550.5,25531.7,25534.95,,25635.261152267332,25638.798676915456,25570.13719055482,25822.100000000002,25814.65,25829.550000000003,25891.800000000003,25976.4,25737.500000000004,25667.800000000003,25583.200000000004,4029552
2026-02-13T10:10:00+05:30,25535.8,25546.95,25529.35,25531.75,,25628.1750370406,25628.60356482827,25562.459752443854,25822.100000000002,25814.65,25829.550000000003,25891.800000000003,25976.4,25737.500000000004,25667.800000000003,25583.200000000004,4662447
2026-02-13T10:15:00+05:30,25531.5,25533.05,25513.3,25526.25,,25610.12253333654,25618.8556062732,25555.217801955085,25822.100000000002,25814.65,25829.550000000003,25891.800000000003,25976.4,25737.500000000004,25667.800000000003,25583.200000000004,5855257
2026-02-13T10:20:00+05:30,25527,25540.7,25524,25538.9,,25610.12253333654,25611.240786628132,25551.954241564068,25822.100000000002,25814.65,25829.550000000003,25891.800000000003,25976.4,25737.500000000004,25667.800000000003,25583.200000000004,7203217
2026-02-13T10:25:00+05:30,25539.75,25553.25,25538.55,25548.95,,25610.12253333654,25605.308330758788,25551.353393251255,25822.100000000002,25814.65,25829.550000000003,25891.800000000003,25976.4,25737.500000000004,25667.800000000003,25583.200000000004,5386882
2026-02-13T10:30:00+05:30,25548.55,25572.15,25548.25,25567.3,,25610.12253333654,25601.68848973414,25554.542714601004,25822.100000000002,25814.65,25829.550000000003,25891.800000000003,25976.4,25737.500000000004,25667.800000000003,25583.200000000004,6893172
2026-02-13T10:35:00+05:30,25567.25,25581.65,25562.7,25579.4,,25610.12253333654,25599.565776426127,25559.514171680803,25822.100000000002,25814.65,25829.550000000003,25891.800000000003,25976.4,25737.500000000004,25667.800000000003,25583.200000000004,7083119
2026-02-13T10:40:00+05:30,25578.95,25584.3,25570.25,25574.1,,25610.12253333654,25597.140464385542,25562.431337344642,25822.100000000002,25814.65,25829.550000000003,25891.800000000003,25976.4,25737.500000000004,25667.800000000003,25583.200000000004,6552532
2026-02-13T10:45:00+05:30,25573.3,25573.75,25557.85,25558.1,,25610.12253333654,25593.42232492025,25561.565069875713,25822.100000000002,25814.65,25829.550000000003,25891.800000000003,25976.4,25737.500000000004,25667.800000000003,25583.200000000004,4322805
2026-02-13T10:50:00+05:30,25558.15,25566.3,25543.95,25559.85,,25610.12253333654,25590.224960642132,25561.22205590057,25822.100000000002,25814.65,25829.550000000003,25891.800000000003,25976.4,25737.500000000004,25667.800000000003,25583.200000000004,3930241
2026-02-13T10:55:00+05:30,25560,25574.6,25557.85,25560.5,,25610.12253333654,25587.394012009547,25561.077644720455,25822.100000000002,25814.65,25829.550000000003,25891.800000000003,25976.4,25737.500000000004,25667.800000000003,25583.200000000004,3334035
2026-02-13T11:00:00+05:30,25561.9,25563.75,25544.1,25545.35,,25610.12253333654,25583.38982038959,25557.932115776362,25822.100000000002,25814.65,25829.550000000003,25891.800000000003,25976.4,25737.500000000004,25667.800000000003,25583.200000000004,3571065
2026-02-13T11:05:00+05:30,25545.4,25547.35,25533.05,25536.4,,25605.047796048315,25578.91459940011,25553.62569262109,25822.100000000002,25814.65,25829.550000000003,25891.800000000003,25976.4,25737.500000000004,25667.800000000003,25583.200000000004,3466879
2026-02-13T11:10:00+05:30,25537.15,25554.2,25536.7,25554.2,,25605.047796048315,25576.56082802867,25553.740554096872,25822.100000000002,25814.65,25829.550000000003,25891.800000000003,25976.4,25737.500000000004,25667.800000000003,25583.200000000004,4834125
2026-02-13T11:15:00+05:30,25553.7,25555.95,25526.1,25532.2,,25605.047796048315,25572.335987264032,25549.4324432775,25822.100000000002,25814.65,25829.550000000003,25891.800000000003,25976.4,25737.500000000004,25667.800000000003,25583.200000000004,3862923
2026-02-13T11:20:00+05:30,25531.9,25536.4,25522.8,25533.1,,25593.338943319224,25568.59922657222,25546.165954622,25822.100000000002,25814.65,25829.550000000003,25891.800000000003,25976.4,25737.500000000004,25667.800000000003,25583.200000000004,3708634
2026-02-13T11:25:00+05:30,25533.25,25550.9,25531.1,25548.8,,25593.338943319224,25566.713585946294,25546.6927636976,25822.100000000002,25814.65,25829.550000000003,25891.800000000003,25976.4,25737.500000000004,25667.800000000003,25583.200000000004,3895034
2026-02-13T11:30:00+05:30,25548.85,25549.7,25529.25,25530.05,,25593.338943319224,25563.22181585617,25543.36421095808,25822.100000000002,25814.65,25829.550000000003,25891.800000000003,25976.4,25737.500000000004,25667.800000000003,25583.200000000004,3236103
2026-02-13T11:35:00+05:30,25531.35,25537.45,25526.5,25531.25,,25592.058589679713,25560.176881012725,25540.941368766464,25822.100000000002,25814.65,25829.550000000003,25891.800000000003,25976.4,25737.500000000004,25667.800000000003,25583.200000000004,3811688
2026-02-13T11:40:00+05:30,25530.9,25551.05,25525.05,25549.6,,25592.058589679713,25559.169559011512,25542.67309501317,25822.100000000002,25814.65,25829.550000000003,25891.800000000003,25976.4,25737.500000000004,25667.800000000003,25583.200000000004,4663657
2026-02-13T11:45:00+05:30,25550.8,25554.85,25543.4,25548.45,,25592.058589679713,25558.148648629463,25543.828476010538,25822.100000000002,25814.65,25829.550000000003,25891.800000000003,25976.4,25737.500000000004,25667.800000000003,25583.200000000004,4351410
2026-02-13T11:50:00+05:30,25548.85,25557,25544.55,25551.8,,25592.058589679713,25557.544015426658,25545.42278080843,25822.100000000002,25814.65,25829.550000000003,25891.800000000003,25976.4,25737.500000000004,25667.800000000003,25583.200000000004,5007197
2026-02-13T11:55:00+05:30,25552.4,25561.25,25548.2,25558.85,,25592.058589679713,25557.668394909833,25548.10822464674,25822.100000000002,25814.65,25829.550000000003,25891.800000000003,25976.4,25737.500000000004,25667.800000000003,25583.200000000004,3989106
2026-02-13T12:00:00+05:30,25559,25568.5,25554.95,25562.65,,25592.058589679713,25558.14283348985,25551.016579717394,25822.100000000002,25814.65,25829.550000000003,25891.800000000003,25976.4,25737.500000000004,25667.800000000003,25583.200000000004,3234614
2026-02-13T12:05:00+05:30,25562.15,25575.55,25560.4,25568.8,,25592.058589679713,25559.15780172891,25554.573263773917,25822.100000000002,25814.65,25829.550000000003,25891.800000000003,25976.4,25737.500000000004,25667.800000000003,25583.200000000004,4709273
2026-02-13T12:10:00+05:30,25568.55,25576.7,25562.15,25573.4,,25592.058589679713,25560.514201564252,25558.338611019135,25822.100000000002,25814.65,25829.550000000003,25891.800000000003,25976.4,25737.500000000004,25667.800000000003,25583.200000000004,6899122
2026-02-13T12:15:00+05:30,25573.5,25576.15,25557.7,25572.3,,25592.058589679713,25561.636658558135,25561.130888815307,25822.100000000002,25814.65,25829.550000000003,25891.800000000003,25976.4,25737.500000000004,25667.800000000003,25583.200000000004,4457080
2026-02-13T12:20:00+05:30,25572.6,25582.45,25569.15,25580.3,,25592.058589679713,25563.414119647838,25564.964711052246,25822.100000000002,25814.65,25829.550000000003,25891.800000000003,25976.4,25737.500000000004,25667.800000000003,25583.200000000004,3517811
2026-02-13T12:25:00+05:30,25580.45,25604.25,25578.2,25585.3,,25592.058589679713,25565.498489205187,25569.031768841796,25822.100000000002,25814.65,25829.550000000003,25891.800000000003,25976.4,25737.500000000004,25667.800000000003,25583.200000000004,4478633
2026-02-13T12:30:00+05:30,25585.8,25606.05,25576.5,25602.45,25537.45383120782,,25569.017680709454,25575.71541507344,25822.100000000002,25814.65,25829.550000000003,25891.800000000003,25976.4,25737.500000000004,25667.800000000003,25583.200000000004,5966262
2026-02-13T12:35:00+05:30,25602.5,25602.75,25581.9,25593.25,25537.45383120782,,25571.325520641887,25579.22233205875,25822.100000000002,25814.65,25829.550000000003,25891.800000000003,25976.4,25737.500000000004,25667.800000000003,25583.200000000004,4863782
2026-02-13T12:40:00+05:30,25593.5,25594.6,25579.35,25584,25537.45383120782,,25572.53261391409,25580.177865647,25822.100000000002,25814.65,25829.550000000003,25891.800000000003,25976.4,25737.500000000004,25667.800000000003,25583.200000000004,3247692
2026-02-13T12:45:00+05:30,25585.15,25596.85,25570,25571.6,25537.45383120782,,25572.44379354132,25578.4622925176,25822.100000000002,25814.65,25829.550000000003,25891.800000000003,25976.4,25737.500000000004,25667.800000000003,25583.200000000004,6686946
2026-02-13T12:50:00+05:30,25571.55,25571.55,25553.7,25556.95,25537.45383120782,,25570.96819415643,25574.15983401408,25822.100000000002,25814.65,25829.550000000003,25891.800000000003,25976.4,25737.500000000004,25667.800000000003,25583.200000000004,3778505
2026-02-13T12:55:00+05:30,25557.1,25560.05,25537.6,25542.05,25537.45383120782,,25568.214080427246,25567.737867211265,25822.100000000002,25814.65,25829.550000000003,25891.800000000003,25976.4,25737.500000000004,25667.800000000003,25583.200000000004,3614780
2026-02-13T13:00:00+05:30,25542.95,25553.05,25534.1,25542.5,25537.45383120782,,25565.765120386557,25562.69029376901,25822.100000000002,25814.65,25829.550000000003,25891.800000000003,25976.4,25737.500000000004,25667.800000000003,25583.200000000004,3664736
2026-02-13T13:05:00+05:30,25542.8,25549.3,25531.65,25549.1,25537.45383120782,,25564.177966064028,25559.972235015208,25822.100000000002,25814.65,25829.550000000003,25891.800000000003,25976.4,25737.500000000004,25667.800000000003,25583.200000000004,2919312
2026-02-13T13:10:00+05:30,25549.9,25578,25548.2,25574.7,25537.45383120782,,25565.18006453412,25562.917788012168,25822.100000000002,25814.65,25829.550000000003,25891.800000000003,25976.4,25737.500000000004,25667.800000000003,25583.200000000004,4586802
2026-02-13T13:15:00+05:30,25575.65,25586.85,25570.2,25585.15,25537.45383120782,,25567.081963149918,25567.364230409734,25822.100000000002,25814.65,25829.550000000003,25891.800000000003,25976.4,25737.500000000004,25667.800000000003,25583.200000000004,2814392
2026-02-13T13:20:00+05:30,25584.6,25584.75,25552,25553.2,25537.45383120782,,25565.759871421353,25564.531384327787,25822.100000000002,25814.65,25829.550000000003,25891.800000000003,25976.4,25737.500000000004,25667.800000000003,25583.200000000004,2654334
2026-02-13T13:25:00+05:30,25554.05,25554.15,25541.65,25546.65,25537.45383120782,,25563.93988366694,25560.95510746223,25822.100000000002,25814.65,25829.550000000003,25891.800000000003,25976.4,25737.500000000004,25667.800000000003,25583.200000000004,2677433
2026-02-13T13:30:00+05:30,25546.9,25552.5,25533.2,25542.4,25537.45383120782,,25561.88846617485,25557.24408596978,25822.100000000002,25814.65,25829.550000000003,25891.800000000003,25976.4,25737.500000000004,25667.800000000003,25583.200000000004,3888921
2026-02-13T13:35:00+05:30,25542.95,25553.4,25541.45,25546.95,25537.45383120782,,25560.465755110577,25555.185268775826,25822.100000000002,25814.65,25829.550000000003,25891.800000000003,25976.4,25737.500000000004,25667.800000000003,25583.200000000004,2991413
2026-02-13T13:40:00+05:30,25548.2,25553.8,25538.65,25539.2,25537.45383120782,,25558.440445100045,25551.98821502066,25822.100000000002,25814.65,25829.550000000003,25891.800000000003,25976.4,25737.500000000004,25667.800000000003,25583.200000000004,3148982
2026-02-13T13:45:00+05:30,25538.9,25540.15,25505.05,25510.3,,25584.78184960489,25553.855640804803,25543.65057201653,25822.100000000002,25814.65,25829.550000000003,25891.800000000003,25976.4,25737.500000000004,25667.800000000003,25583.200000000004,3979928
2026-02-13T13:50:00+05:30,25510.5,25517.6,25499.9,25517.15,,25570.0236646444,25550.35986549006,25538.350457613225,25822.100000000002,25814.65,25829.550000000003,25891.800000000003,25976.4,25737.500000000004,25667.800000000003,25583.200000000004,4503782
2026-02-13T13:55:00+05:30,25517.05,25531.2,25516.7,25524.5,,25570.0236646444,25547.897021157674,25535.58036609058,25822.100000000002,25814.65,25829.550000000003,25891.800000000003,25976.4,25737.500000000004,25667.800000000003,25583.200000000004,4854708
2026-02-13T14:00:00+05:30,25525.15,25530.85,25513.7,25526.25,,25570.0236646444,25545.83540009504,25533.714292872464,25822.100000000002,25814.65,25829.550000000003,25891.800000000003,25976.4,25737.500000000004,25667.800000000003,25583.200000000004,4631185
2026-02-13T14:05:00+05:30,25526.1,25539.25,25515.55,25518.9,,25570.0236646444,25543.270123895512,25530.75143429797,25822.100000000002,25814.65,25829.550000000003,25891.800000000003,25976.4,25737.500000000004,25667.800000000003,25583.200000000004,6345458
2026-02-13T14:10:00+05:30,25518.5,25535.35,25513.6,25534.6,,25570.0236646444,25542.444397810224,25531.521147438376,25822.100000000002,25814.65,25829.550000000003,25891.800000000003,25976.4,25737.500000000004,25667.800000000003,25583.200000000004,3772054
2026-02-13T14:15:00+05:30,25535,25538.4,25524.8,25527.95,,25570.0236646444,25541.063978971157,25530.8069179507,25822.100000000002,25814.65,25829.550000000003,25891.800000000003,25976.4,25737.500000000004,25667.800000000003,25583.200000000004,4226230
2026-02-13T14:20:00+05:30,25528.25,25535.65,25515.3,25527.3,,25570.0236646444,25539.753123831048,25530.10553436056,25822.100000000002,25814.65,25829.550000000003,25891.800000000003,25976.4,25737.500000000004,25667.800000000003,25583.200000000004,3511639
2026-02-13T14:25:00+05:30,25527,25536.65,25526.7,25530.95,,25570.0236646444,25538.914731085235,25530.274427488446,25822.100000000002,25814.65,25829.550000000003,25891.800000000003,25976.4,25737.500000000004,25667.800000000003,25583.200000000004,4269507
2026-02-13T14:30:00+05:30,25531.15,25534.55,25510.05,25510.9,,25570.0236646444,25536.24666145807,25526.39954199076,25822.100000000002,25814.65,25829.550000000003,25891.800000000003,25976.4,25737.500000000004,25667.800000000003,25583.200000000004,4058290
2026-02-13T14:35:00+05:30,25511.05,25521.4,25499.35,25513.85,,25568.853818793355,25534.11364608111,25523.889633592607,25822.100000000002,25814.65,25829.550000000003,25891.800000000003,25976.4,25737.500000000004,25667.800000000003,25583.200000000004,4567668
2026-02-13T14:40:00+05:30,25514,25518.45,25503,25511.75,,25567.99093691402,25531.983775025765,25521.461706874084,25822.100000000002,25814.65,25829.550000000003,25891.800000000003,25976.4,25737.500000000004,25667.800000000003,25583.200000000004,11041929
2026-02-13T14:45:00+05:30,25511.45,25516.5,25504.9,25508.15,,25565.71934322262,25529.71389168998,25518.799365499268,25822.100000000002,25814.65,25829.550000000003,25891.800000000003,25976.4,25737.500000000004,25667.800000000003,25583.200000000004,7149128
2026-02-13T14:50:00+05:30,25507.55,25521.5,25502.2,25515.35,,25565.71934322262,25528.345902005218,25518.109492399413,25822.100000000002,25814.65,25829.550000000003,25891.800000000003,25976.4,25737.500000000004,25667.800000000003,25583.200000000004,5594392
2026-02-13T14:55:00+05:30,25515.65,25528.3,25512.9,25521.25,,25565.71934322262,25527.670101814245,25518.73759391953,25822.100000000002,25814.65,25829.550000000003,25891.800000000003,25976.4,25737.500000000004,25667.800000000003,25583.200000000004,5896040
2026-02-13T15:00:00+05:30,25521.95,25527.55,25488.6,25496.45,,25565.71934322262,25524.696758784317,25514.280075135623,25822.100000000002,25814.65,25829.550000000003,25891.800000000003,25976.4,25737.500000000004,25667.800000000003,25583.200000000004,10450905
2026-02-13T15:05:00+05:30,25495.9,25498.75,25472.05,25483.8,,25547.987801088362,25520.801829376287,25508.1840601085,25822.100000000002,25814.65,25829.550000000003,25891.800000000003,25976.4,25737.500000000004,25667.800000000003,25583.200000000004,10118114
2026-02-13T15:10:00+05:30,25482.5,25489.5,25476.2,25477.2,,25543.169020979523,25516.649274197593,25501.9872480868,25822.100000000002,25814.65,25829.550000000003,25891.800000000003,25976.4,25737.500000000004,25667.800000000003,25583.200000000004,9751102
2026-02-13T15:15:00+05:30,25475.55,25487.9,25471.85,25485.05,,25538.977118881572,25513.639819512107,25498.59979846944,25822.100000000002,25814.65,25829.550000000003,25891.800000000003,25976.4,25737.500000000004,25667.800000000003,25583.200000000004,12875546
2026-02-13T15:20:00+05:30,25487.2,25489.8,25450.8,25468.15,,25535.191906993416,25509.30745574905,25492.509838775553,25822.100000000002,25814.65,25829.550000000003,25891.800000000003,25976.4,25737.500000000004,25667.800000000003,25583.200000000004,25732319
2026-02-13T15:25:00+05:30,25470.9,25470.9,25444.3,25460.55,,25523.982716294075,25504.663888534855,25486.117871020444,25822.100000000002,25814.65,25829.550000000003,25891.800000000003,25976.4,25737.500000000004,25667.800000000003,25583.200000000004,14969828
2026-02-16T09:15:00+05:30,25440.35,25472.2,25372.7,25472.2,,25512.04444466467,25501.572089626774,25483.334296816356,25515.25,25493.175000000003,25537.324999999997,25586.2,25701.3,25400.15,25329.2,25214.100000000002,12856285
2026-02-16T09:20:00+05:30,25473.75,25493.35,25461.35,25480.65,,25512.04444466467,25499.57950966232,25482.797437453086,25515.25,25493.175000000003,25537.324999999997,25586.2,25701.3,25400.15,25329.2,25214.100000000002,6282618
2026-02-16T09:25:00+05:30,25482.6,25484.45,25453.65,25472.25,,25512.04444466467,25496.97669921829,25480.68794996247,25515.25,25493.175000000003,25537.324999999997,25586.2,25701.3,25400.15,25329.2,25214.100000000002,4619964
2026-02-16T09:30:00+05:30,25473.55,25528.45,25472.7,25521.9,25402.30864983946,,25499.350346911786,25488.930359969978,25515.25,25493.175000000003,25537.324999999997,25586.2,25701.3,25400.15,25329.2,25214.100000000002,5040237
2026-02-16T09:35:00+05:30,25522.7,25522.7,25489.55,25495.95,25407.74028485551,,25499.02650434876,25490.334287975984,25515.25,25493.175000000003,25537.324999999997,25586.2,25701.3,25400.15,25329.2,25214.100000000002,4268375
2026-02-16T09:40:00+05:30,25495.85,25496.6,25458.15,25460.75,25407.74028485551,,25495.38112298221,25484.41743038079,25515.25,25493.175000000003,25537.324999999997,25586.2,25701.3,25400.15,25329.2,25214.100000000002,3806839
2026-02-16T09:45:00+05:30,25460.25,25471.85,25447.85,25455.05,25407.74028485551,,25491.54006365057,25478.54394430463,25515.25,25493.175000000003,25537.324999999997,25586.2,25701.3,25400.15,25329.2,25214.100000000002,4510123
2026-02-16T09:50:00+05:30,25454.8,25466.6,25431.9,25466.6,25407.74028485551,,25489.164819493373,25476.155155443703,25515.25,25493.175000000003,25537.324999999997,25586.2,25701.3,25400.15,25329.2,25214.100000000002,3682036
2026-02-16T09:55:00+05:30,25466.35,25497.95,25463.7,25496.65,25407.74028485551,,25489.877693827337,25480.254124354964,25515.25,25493.175000000003,25537.324999999997,25586.2,25701.3,25400.15,25329.2,25214.100000000002,3599550
2026-02-16T10:00:00+05:30,25497.5,25533.85,25497.5,25527.15,25415.923296054334,,25493.427437272352,25489.633299483972,25515.25,25493.175000000003,25537.324999999997,25586.2,25701.3,25400.15,25329.2,25214.100000000002,4680893
2026-02-16T10:05:00+05:30,25527.3,25534,25512,25521.4,25426.6234664489,,25496.091490865463,25495.98663958718,25515.25,25493.175000000003,25537.324999999997,25586.2,25701.3,25400.15,25329.2,25214.100000000002,3568312
2026-02-16T10:10:00+05:30,25522.05,25556.5,25517.8,25551.45,25438.80111980401,,25501.363729830657,25507.079311669742,25515.25,25493.175000000003,25537.324999999997,25586.2,25701.3,25400.15,25329.2,25214.100000000002,3768529
2026-02-16T10:15:00+05:30,25550.8,25561.85,25541.9,25550.15,25457.37600782361,,25506.010041275356,25515.693449335795,25515.25,25493.175000000003,25537.324999999997,25586.2,25701.3,25400.15,25329.2,25214.100000000002,3162686
2026-02-16T10:20:00+05:30,25550.55,25551.8,25526.35,25526.8,25457.37600782361,,25507.99003734437,25517.914759468636,25515.25,25493.175000000003,25537.324999999997,25586.2,25701.3,25400.15,25329.2,25214.100000000002,3128691
2026-02-16T10:25:00+05:30,25526.1,25532.4,25518.9,25525.85,25457.37600782361,,25509.690986168716,25519.50180757491,25515.25,25493.175000000003,25537.324999999997,25586.2,25701.3,25400.15,25329.2,25214.100000000002,2824151
2026-02-16T10:30:00+05:30,25526.2,25540.25,25520.5,25531.35,25457.37600782361,,25511.753749390744,25521.87144605993,25515.25,25493.175000000003,25537.324999999997,25586.2,25701.3,25400.15,25329.2,25214.100000000002,3109618
2026-02-16T10:35:00+05:30,25533.6,25538.35,25522.2,25526.55,25457.37600782361,,25513.162916115434,25522.807156847943,25515.25,25493.175000000003,25537.324999999997,25586.2,25701.3,25400.15,25329.2,25214.100000000002,2700698
2026-02-16T10:40:00+05:30,25527.3,25540.1,25521,25526.25,25457.37600782361,,25514.409305056823,25523.495725478355,25515.25,25493.175000000003,25537.324999999997,25586.2,25701.3,25400.15,25329.2,25214.100000000002,3179465
2026-02-16T10:45:00+05:30,25526.45,25536,25516.5,25518.6,25457.37600782361,,25514.808418860935,25522.516580382682,25515.25,25493.175000000003,25537.324999999997,25586.2,25701.3,25400.15,25329.2,25214.100000000002,2781891
2026-02-16T10:50:00+05:30,25516.75,25525.7,25508.8,25513.6,25457.37600782361,,25514.69333135037,25520.733264306145,25515.25,25493.175000000003,25537.324999999997,25586.2,25701.3,25400.15,25329.2,25214.100000000002,3146042
2026-02-16T10:55:00+05:30,25512.7,25525.65,25508.2,25523.05,25457.37600782361,,25515.489204555095,25521.196611444917,25515.25,25493.175000000003,25537.324999999997,25586.2,25701.3,25400.15,25329.2,25214.100000000002,2280412
2026-02-16T11:00:00+05:30,25523.55,25533.45,25507.15,25530.9,25457.37600782361,,25516.95689935937,25523.137289155933,25515.25,25493.175000000003,25537.324999999997,25586.2,25701.3,25400.15,25329.2,25214.100000000002,3027940
2026-02-16T11:05:00+05:30,25531.05,25537.1,25525.85,25531.95,25462.781077705396,,25518.3848137061,25524.899831324747,25515.25,25493.175000000003,25537.324999999997,25586.2,25701.3,25400.15,25329.2,25214.100000000002,2650670
2026-02-16T11:10:00+05:30,25531.65,25534.7,25523.95,25534.55,25464.27546993486,,25519.9243552579,25526.829865059797,25515.25,25493.175000000003,25537.324999999997,25586.2,25701.3,25400.15,25329.2,25214.100000000002,2011218
2026-02-16T11:15:00+05:30,25533.85,25540.7,25527.3,25533.85,25471.435422941373,,25521.2506071381,25528.233892047836,25515.25,25493.175000000003,25537.324999999997,25586.2,25701.3,25400.15,25329.2,25214.100000000002,2817520
2026-02-16T11:20:00+05:30,25534.65,25544.55,25530.7,25541.4,25477.161880647236,,25523.169596934473,25530.86711363827,25515.25,25493.175000000003,25537.324999999997,25586.2,25701.3,25400.15,25329.2,25214.100000000002,3006608
2026-02-16T11:25:00+05:30,25541.45,25547.15,25511.35,25517.8,25477.161880647236,,25522.65820675024,25528.253690910617,25515.25,25493.175000000003,25537.324999999997,25586.2,25701.3,25400.15,25329.2,25214.100000000002,2808593
2026-02-16T11:30:00+05:30,25518.1,25531.3,25513.9,25519.4,25477.161880647236,,25522.347901345453,25526.482952728493,25515.25,25493.175000000003,25537.324999999997,25586.2,25701.3,25400.15,25329.2,25214.100000000002,3403080
2026-02-16T11:35:00+05:30,25520.65,25531.4,25513.6,25528.2,25477.161880647236,,25522.905244074456,25526.826362182794,25515.25,25493.175000000003,25537.324999999997,25586.2,25701.3,25400.15,25329.2,25214.100000000002,2514114
2026-02-16T11:40:00+05:30,25528.5,25531.55,25518.9,25523.65,25477.161880647236,,25522.976173210223,25526.191089746237,25515.25,25493.175000000003,25537.324999999997,25586.2,25701.3,25400.15,25329.2,25214.100000000002,3317054
2026-02-16T11:45:00+05:30,25521.05,25522.5,25503.05,25515.6,25477.161880647236,,25522.273680523536,25524.07287179699,25515.25,25493.175000000003,25537.324999999997,25586.2,25701.3,25400.15,25329.2,25214.100000000002,3139901
2026-02-16T11:50:00+05:30,25515.1,25517.4,25506.8,25509.1,25477.161880647236,,25521.0190442832,25521.07829743759,25515.25,25493.175000000003,25537.324999999997,25586.2,25701.3,25400.15,25329.2,25214.100000000002,2032186
2026-02-16T11:55:00+05:30,25509,25529.65,25507.65,25529.1,25477.161880647236,,25521.788659113372,25522.68263795007,25515.25,25493.175000000003,25537.324999999997,25586.2,25701.3,25400.15,25329.2,25214.100000000002,1907609
2026-02-16T12:00:00+05:30,25532.4,25538.75,25528.85,25535.6,25478.227442878317,,25523.1040249121,25525.266110360055,25515.25,25493.175000000003,25537.324999999997,25586.2,25701.3,25400.15,25329.2,25214.100000000002,3060049
2026-02-16T12:05:00+05:30,25535.55,25542.8,25531.6,25539.3,25483.82469859048,,25524.646498729995,25528.072888288043,25515.25,25493.175000000003,25537.324999999997,25586.2,25701.3,25400.15,25329.2,25214.100000000002,2514250
2026-02-16T12:10:00+05:30,25539.6,25555.2,25539.6,25545.7,25494.59222873144,,25526.651594089042,25531.598310630434,25515.25,25493.175000000003,25537.324999999997,25586.2,25701.3,25400.15,25329.2,25214.100000000002,2485477
2026-02-16T12:15:00+05:30,25545.4,25565.7,25532.95,25561.25,25494.59222873144,,25529.946680366276,25537.528648504347,25515.25,25493.175000000003,25537.324999999997,25586.2,25701.3,25400.15,25329.2,25214.100000000002,3105508
2026-02-16T12:20:00+05:30,25562.5,25566.6,25552.05,25559.8,25503.34320527246,,25532.789853664726,25541.98291880348,25515.25,25493.175000000003,25537.324999999997,25586.2,25701.3,25400.15,25329.2,25214.100000000002,2357520
2026-02-16T12:25:00+05:30,25560.95,25576.5,25554.4,25576.05,25508.43638474522,,25536.90986760142,25548.79633504278,25515.25,25493.175000000003,25537.324999999997,25586.2,25701.3,25400.15,25329.2,25214.100000000002,2609232
2026-02-16T12:30:00+05:30,25576.95,25588.05,25572.15,25584.3,25524.017746270696,,25541.42321354414,25555.897068034225,25515.25,25493.175000000003,25537.324999999997,25586.2,25701.3,25400.15,25329.2,25214.100000000002,4370029
2026-02-16T12:35:00+05:30,25585.05,25590.9,25574.05,25574.6,25526.945971643625,,25544.582907492317,25559.63765442738,25515.25,25493.175000000003,25537.324999999997,25586.2,25701.3,25400.15,25329.2,25214.100000000002,4729959
2026-02-16T12:40:00+05:30,25575,25583.9,25572,25577.8,25526.945971643625,,25547.746440112096,25563.270123541904,25515.25,25493.175000000003,25537.324999999997,25586.2,25701.3,25400.15,25329.2,25214.100000000002,3061333
2026-02-16T12:45:00+05:30,25578.95,25582.35,25553.15,25554,25526.945971643625,,25548.34201724428,25561.416098833524,25515.25,25493.175000000003,25537.324999999997,25586.2,25701.3,25400.15,25329.2,25214.100000000002,2623342
2026-02-16T12:50:00+05:30,25554.8,25571.6,25553.15,25565.8,25526.945971643625,,25550.004682268634,25562.29287906682,25515.25,25493.175000000003,25537.324999999997,25586.2,25701.3,25400.15,25329.2,25214.100000000002,3220599
2026-02-16T12:55:00+05:30,25566.7,25573.65,25550.65,25556.85,25526.945971643625,,25550.656617290668,25561.204303253457,25515.25,25493.175000000003,25537.324999999997,25586.2,25701.3,25400.15,25329.2,25214.100000000002,2877788
2026-02-16T13:00:00+05:30,25556.6,25580.95,25555.2,25570.65,25526.945971643625,,25552.56074897727,25563.093442602767,25515.25,25493.175000000003,25537.324999999997,25586.2,25701.3,25400.15,25329.2,25214.100000000002,3878655
2026-02-16T13:05:00+05:30,25570.05,25578,25564.9,25576.85,25526.945971643625,,25554.874010979434,25565.844754082213,25515.25,25493.175000000003,25537.324999999997,25586.2,25701.3,25400.15,25329.2,25214.100000000002,3229630
2026-02-16T13:10:00+05:30,25576.2,25584.85,25570.9,25571.35,25526.945971643625,,25556.44315279092,25566.94580326577,25515.25,25493.175000000003,25537.324999999997,25586.2,25701.3,25400.15,25329.2,25214.100000000002,3345764
2026-02-16T13:15:00+05:30,25571.45,25575.55,25564.8,25567.95,25526.945971643625,,25557.539043001307,25567.146642612617,25515.25,25493.175000000003,25537.324999999997,25586.2,25701.3,25400.15,25329.2,25214.100000000002,3364040
2026-02-16T13:20:00+05:30,25566.75,25581,25564.35,25574.75,25526.945971643625,,25559.178181763087,25568.667314090093,25515.25,25493.175000000003,25537.324999999997,25586.2,25701.3,25400.15,25329.2,25214.100000000002,3029044
2026-02-16T13:25:00+05:30,25574.9,25584,25569,25581.7,25526.945971643625,,25561.323116833268,25571.273851272075,25515.25,25493.175000000003,25537.324999999997,25586.2,25701.3,25400.15,25329.2,25214.100000000002,3259497
2026-02-16T13:30:00+05:30,25582.4,25584.2,25566.35,25576.25,25526.945971643625,,25562.74472475391,25572.26908101766,25515.25,25493.175000000003,25537.324999999997,25586.2,25701.3,25400.15,25329.2,25214.100000000002,3781891
2026-02-16T13:35:00+05:30,25577.25,25593.15,25575.95,25590.15,25531.94125430864,,25565.354750967825,25575.84526481413,25515.25,25493.175000000003,25537.324999999997,25586.2,25701.3,25400.15,25329.2,25214.100000000002,2879414
2026-02-16T13:40:00+05:30,25590.6,25593.1,25583.9,25590.6,25538.392128877775,,25567.75906039946,25578.796211851302,25515.25,25493.175000000003,25537.324999999997,25586.2,25701.3,25400.15,25329.2,25214.100000000002,2312996
2026-02-16T13:45:00+05:30,25590.7,25594.15,25580.45,25582.4,25538.392128877775,,25569.153435599514,25579.516969481043,25515.25,25493.175000000003,25537.324999999997,25586.2,25701.3,25400.15,25329.2,25214.100000000002,2902205
2026-02-16T13:50:00+05:30,25580.85,25589.9,25567.3,25567.3,25538.392128877775,,25568.97691792337,25577.073575584833,25515.25,25493.175000000003,25537.324999999997,25586.2,25701.3,25400.15,25329.2,25214.100000000002,3113115
2026-02-16T13:55:00+05:30,25567.4,25569.55,25544.85,25566,25538.392128877775,,25568.69340193067,25574.858860467866,25515.25,25493.175000000003,25537.324999999997,25586.2,25701.3,25400.15,25329.2,25214.100000000002,3677152
2026-02-16T14:00:00+05:30,25565,25585.4,25564.25,25576.35,25538.392128877775,,25569.422601746795,25575.157088374293,25515.25,25493.175000000003,25537.324999999997,25586.2,25701.3,25400.15,25329.2,25214.100000000002,3304562
2026-02-16T14:05:00+05:30,25577.15,25580.2,25560.85,25562,25538.392128877775,,25568.71568729472,25572.525670699433,25515.25,25493.175000000003,25537.324999999997,25586.2,25701.3,25400.15,25329.2,25214.100000000002,2380630
2026-02-16T14:10:00+05:30,25563.45,25582.5,25560.5,25580.35,25538.392128877775,,25569.823717076175,25574.090536559546,25515.25,25493.175000000003,25537.324999999997,25586.2,25701.3,25400.15,25329.2,25214.100000000002,2813611
2026-02-16T14:15:00+05:30,25581.1,25587.5,25574,25575.25,25538.392128877775,,25570.340505926062,25574.322429247637,25515.25,25493.175000000003,25537.324999999997,25586.2,25701.3,25400.15,25329.2,25214.100000000002,2230328
2026-02-16T14:20:00+05:30,25575.5,25584.9,25575.15,25583.95,25538.392128877775,,25571.636648218817,25576.24794339811,25515.25,25493.175000000003,25537.324999999997,25586.2,25701.3,25400.15,25329.2,25214.100000000002,1971049
2026-02-16T14:25:00+05:30,25583.8,25624.9,25582.85,25620.4,25544.617413491975,,25576.28077695988,25585.078354718487,25515.25,25493.175000000003,25537.324999999997,25586.2,25701.3,25400.15,25329.2,25214.100000000002,3174928
2026-02-16T14:30:00+05:30,25620.75,25649.05,25620.35,25648.9,25572.758172142774,,25583.19689343989,25597.84268377479,25515.25,25493.175000000003,25537.324999999997,25586.2,25701.3,25400.15,25329.2,25214.100000000002,4507549
2026-02-16T14:35:00+05:30,25650.15,25654.95,25634.35,25636.35,25582.7223549285,,25588.259094064662,25605.54414701983,25515.25,25493.175000000003,25537.324999999997,25586.2,25701.3,25400.15,25329.2,25214.100000000002,4939946
2026-02-16T14:40:00+05:30,25636,25648.7,25631.55,25646.25,25582.7223549285,,25593.782037487075,25613.685317615866,25515.25,25493.175000000003,25537.324999999997,25586.2,25701.3,25400.15,25329.2,25214.100000000002,2793540
2026-02-16T14:45:00+05:30,25645.75,25669.85,25639.8,25665,25591.01810749208,,25600.564700583545,25623.94825409269,25515.25,25493.175000000003,25537.324999999997,25586.2,25701.3,25400.15,25329.2,25214.100000000002,3202521
2026-02-16T14:50:00+05:30,25665.3,25665.9,25643.9,25651.35,25591.01810749208,,25605.401395766065,25629.42860327415,25515.25,25493.175000000003,25537.324999999997,25586.2,25701.3,25400.15,25329.2,25214.100000000002,3033938
2026-02-16T14:55:00+05:30,25651.6,25666.2,25647.9,25663.45,25593.93641706859,,25610.929834264534,25636.232882619322,25515.25,25493.175000000003,25537.324999999997,25586.2,25701.3,25400.15,25329.2,25214.100000000002,3755508
2026-02-16T15:00:00+05:30,25661.55,25688.4,25661.55,25686.65,25610.117775361727,,25618.141278620293,25646.316306095458,25515.25,25493.175000000003,25537.324999999997,25586.2,25701.3,25400.15,25329.2,25214.100000000002,6078270
2026-02-16T15:05:00+05:30,25684.75,25694,25678.5,25688.65,25623.228497825556,,25624.85639494217,25654.783044876367,25515.25,25493.175000000003,25537.324999999997,25586.2,25701.3,25400.15,25329.2,25214.100000000002,6181337
2026-02-16T15:10:00+05:30,25687.1,25697,25682.35,25686.75,25628.560648043,,25630.751023995297,25661.176435901092,25515.25,25493.175000000003,25537.324999999997,25586.2,25701.3,25400.15,25329.2,25214.100000000002,6280796
2026-02-16T15:15:00+05:30,25687.05,25689,25676.8,25680.95,25628.560648043,,25635.53187885289,25665.131148720873,25515.25,25493.175000000003,25537.324999999997,25586.2,25701.3,25400.15,25329.2,25214.100000000002,6897131
2026-02-16T15:20:00+05:30,25678.25,25692.75,25675.5,25687.6,25628.560648043,,25640.490747533568,25669.624918976697,25515.25,25493.175000000003,25537.324999999997,25586.2,25701.3,25400.15,25329.2,25214.100000000002,7457459
2026-02-16T15:25:00+05:30,25689.35,25691.95,25673,25682.45,25628.560648043,,25644.486866816085,25672.18993518136,25515.25,25493.175000000003,25537.324999999997,25586.2,25701.3,25400.15,25329.2,25214.100000000002,7606317
2026-02-17T09:15:00+05:30,25648.35,25664.85,25591,25612.45,,25696.64182785722,25641.435736643125,25660.24194814509,25584.149999999998,25534.85,25633.449999999997,25795.599999999995,25908.449999999993,25471.299999999996,25259.85,25146.999999999996,12388525
2026-02-17T09:20:00+05:30,25610.45,25610.45,25574.25,25579.7,,25675.367664687088,25635.556142677113,25644.13355851607,25584.149999999998,25534.85,25633.449999999997,25795.599999999995,25908.449999999993,25471.299999999996,25259.85,25146.999999999996,7219908
2026-02-17T09:25:00+05:30,25578.85,25598.4,25570.3,25592.8,,25667.495898218378,25631.484129088818,25633.866846812856,25584.149999999998,25534.85,25633.449999999997,25795.599999999995,25908.449999999993,25471.299999999996,25259.85,25146.999999999996,6046561
2026-02-17T09:30:00+05:30,25593.1,25616.5,25578.7,25612.4,,25667.495898218378,25629.666592985122,25629.573477450285,25584.149999999998,25534.85,25633.449999999997,25795.599999999995,25908.449999999993,25471.299999999996,25259.85,25146.999999999996,9132681
2026-02-17T09:35:00+05:30,25613.85,25616.65,25584.05,25616.6,,25667.495898218378,25628.422155557968,25626.978781960228,25584.149999999998,25534.85,25633.449999999997,25795.599999999995,25908.449999999993,25471.299999999996,25259.85,25146.999999999996,6056787
2026-02-17T09:40:00+05:30,25615.05,25644.75,25601.4,25642.95,,25667.495898218378,25629.805759790543,25630.173025568183,25584.149999999998,25534.85,25633.449999999997,25795.599999999995,25908.449999999993,25471.299999999996,25259.85,25146.999999999996,5588975
2026-02-17T09:45:00+05:30,25642.2,25645.65,25632.4,25641.55,,25667.495898218378,25630.92425885811,25632.448420454548,25584.149999999998,25534.85,25633.449999999997,25795.599999999995,25908.449999999993,25471.299999999996,25259.85,25146.999999999996,5587425
2026-02-17T09:50:00+05:30,25641.2,25664.4,25633.1,25662.3,,25667.495898218378,25633.912424681148,25638.418736363637,25584.149999999998,25534.85,25633.449999999997,25795.599999999995,25908.449999999993,25471.299999999996,25259.85,25146.999999999996,5067638
2026-02-17T09:55:00+05:30,25662,25675.85,25652.9,25663.15,,25667.495898218378,25636.696955663894,25643.36498909091,25584.149999999998,25534.85,25633.449999999997,25795.599999999995,25908.449999999993,25471.299999999996,25259.85,25146.999999999996,5446940
2026-02-17T10:00:00+05:30,25662.25,25667.4,25651.3,25662.25,,25667.495898218378,25639.130578934,25647.14199127273,25584.149999999998,25534.85,25633.449999999997,25795.599999999995,25908.449999999993,25471.299999999996,25259.85,25146.999999999996,6844539
2026-02-17T10:05:00+05:30,25662,25671.85,25656.95,25665.45,,25667.495898218378,25641.637190464095,25650.803593018183,25584.149999999998,25534.85,25633.449999999997,25795.599999999995,25908.449999999993,25471.299999999996,25259.85,25146.999999999996,6760074
2026-02-17T10:10:00+05:30,25665.8,25682,25659.4,25679.25,25593.77450165549,,25645.219362800846,25656.492874414547,25584.149999999998,25534.85,25633.449999999997,25795.599999999995,25908.449999999993,25471.299999999996,25259.85,25146.999999999996,4563491
2026-02-17T10:15:00+05:30,25679.4,25692.4,25666.15,25690.7,25602.167051489945,,25649.55085205791,25663.334299531638,25584.149999999998,25534.85,25633.449999999997,25795.599999999995,25908.449999999993,25471.299999999996,25259.85,25146.999999999996,4141295
2026-02-17T10:20:00+05:30,25690.45,25698.15,25687.55,25694.65,25620.272846340944,,25653.846009004774,25669.59743962531,25584.149999999998,25534.85,25633.449999999997,25795.599999999995,25908.449999999993,25471.299999999996,25259.85,25146.999999999996,5420524
2026-02-17T10:25:00+05:30,25694.6,25728.5,25692.05,25724.4,25634.020561706853,,25660.565436718603,25680.557951700248,25584.149999999998,25534.85,25633.449999999997,25795.599999999995,25908.449999999993,25471.299999999996,25259.85,25146.999999999996,5827920
2026-02-17T10:30:00+05:30,25724.1,25730.35,25706.15,25710.5,25642.361005536168,,25665.32110941207,25686.546361360197,25584.149999999998,25534.85,25633.449999999997,25795.599999999995,25908.449999999993,25471.299999999996,25259.85,25146.999999999996,4747353
2026-02-17T10:35:00+05:30,25709.95,25710,25691.95,25692.8,25642.361005536168,,25667.938146610923,25687.79708908816,25584.149999999998,25534.85,25633.449999999997,25795.599999999995,25908.449999999993,25471.299999999996,25259.85,25146.999999999996,3705919
2026-02-17T10:40:00+05:30,25692.45,25697.35,25657.2,25661.3,25642.361005536168,,25667.305942171788,25682.49767127053,25584.149999999998,25534.85,25633.449999999997,25795.599999999995,25908.449999999993,25471.299999999996,25259.85,25146.999999999996,4593870
2026-02-17T10:45:00+05:30,25661.6,25668.05,25642.75,25656.65,25642.361005536168,,25666.29109053638,25677.328137016422,25584.149999999998,25534.85,25633.449999999997,25795.599999999995,25908.449999999993,25471.299999999996,25259.85,25146.999999999996,3724898
2026-02-17T10:50:00+05:30,25657.1,25658.15,25649.2,25656.6,25642.361005536168,,25665.368129532915,25673.182509613136,25584.149999999998,25534.85,25633.449999999997,25795.599999999995,25908.449999999993,25471.299999999996,25259.85,25146.999999999996,4451433
2026-02-17T10:55:00+05:30,25656.55,25669.15,25656.25,25668.1,25642.361005536168,,25665.628307672636,25672.16600769051,25584.149999999998,25534.85,25633.449999999997,25795.599999999995,25908.449999999993,25471.299999999996,25259.85,25146.999999999996,2943173
2026-02-17T11:00:00+05:30,25667.75,25672.1,25658.2,25666.55,25642.361005536168,,25665.71608789429,25671.042806152407,25584.149999999998,25534.85,25633.449999999997,25795.599999999995,25908.449999999993,25471.299999999996,25259.85,25146.999999999996,4051656
2026-02-17T11:05:00+05:30,25666.8,25674.95,25653.65,25670.6,25642.361005536168,,25666.181222380546,25670.954244921926,25584.149999999998,25534.85,25633.449999999997,25795.599999999995,25908.449999999993,25471.299999999996,25259.85,25146.999999999996,4390271
2026-02-17T11:10:00+05:30,25671.2,25674.95,25661.4,25673.1,25642.361005536168,,25666.840153582398,25671.38339593754,25584.149999999998,25534.85,25633.449999999997,25795.599999999995,25908.449999999993,25471.299999999996,25259.85,25146.999999999996,2345952
2026-02-17T11:15:00+05:30,25673.95,25690.25,25669.5,25685.8,25642.361005536168,,25668.645853241218,25674.266716750033,25584.149999999998,25534.85,25633.449999999997,25795.599999999995,25908.449999999993,25471.299999999996,25259.85,25146.999999999996,3059796
2026-02-17T11:20:00+05:30,25685.6,25690.9,25679.05,25688,25642.361005536168,,25670.48910531348,25677.013373400026,25584.149999999998,25534.85,25633.449999999997,25795.599999999995,25908.449999999993,25471.299999999996,25259.85,25146.999999999996,2184575
2026-02-17T11:25:00+05:30,25689,25695.55,25685.4,25693.6,25642.361005536168,,25672.690142902673,25680.33069872002,25584.149999999998,25534.85,25633.449999999997,25795.599999999995,25908.449999999993,25471.299999999996,25259.85,25146.999999999996,3072697
2026-02-17T11:30:00+05:30,25693.95,25723.85,25687.55,25721.45,25642.668722147962,,25677.333938816704,25688.554558976015,25584.149999999998,25534.85,25633.449999999997,25795.599999999995,25908.449999999993,25471.299999999996,25259.85,25146.999999999996,5656828
2026-02-17T11:35:00+05:30,25721.2,25745.75,25716.75,25730.55,25665.82184993317,,25682.402135119875,25696.953647180813,25584.149999999998,25534.85,25633.449999999997,25795.599999999995,25908.449999999993,25471.299999999996,25259.85,25146.999999999996,4587184
2026-02-17T11:40:00+05:30,25730.65,25732.25,25708.5,25722.35,25665.82184993317,,25686.206693679887,25702.03291774465,25584.149999999998,25534.85,25633.449999999997,25795.599999999995,25908.449999999993,25471.299999999996,25259.85,25146.999999999996,4388874
2026-02-17T11:45:00+05:30,25722.75,25741.65,25722.6,25738.05,25666.925698445866,,25691.14415142466,25709.23633419572,25584.149999999998,25534.85,25633.449999999997,25795.599999999995,25908.449999999993,25471.299999999996,25259.85,25146.999999999996,3216900
2026-02-17T11:50:00+05:30,25738,25741.8,25733.05,25741.6,25676.12062860128,,25695.9494703366,25715.709067356576,25584.149999999998,25534.85,25633.449999999997,25795.599999999995,25908.449999999993,25471.299999999996,25259.85,25146.999999999996,2493546
2026-02-17T11:55:00+05:30,25741.4,25741.8,25725.6,25729.45,25676.12062860128,,25699.13999697121,25718.457253885263,25584.149999999998,25534.85,25633.449999999997,25795.599999999995,25908.449999999993,25471.299999999996,25259.85,25146.999999999996,2299104
2026-02-17T12:00:00+05:30,25730,25737.25,25722.15,25724,25676.12062860128,,25701.507616307284,25719.56580310821,25584.149999999998,25534.85,25633.449999999997,25795.599999999995,25908.449999999993,25471.299999999996,25259.85,25146.999999999996,3003646
2026-02-17T12:05:00+05:30,25723.75,25732.7,25722.55,25726.1,25676.12062860128,,25703.84974808754,25720.872642486567,25584.149999999998,25534.85,25633.449999999997,25795.599999999995,25908.449999999993,25471.299999999996,25259.85,25146.999999999996,2897028
2026-02-17T12:10:00+05:30,25725.95,25731.45,25718.8,25721.7,25676.12062860128,,25705.549772079205,25721.038113989252,25584.149999999998,25534.85,25633.449999999997,25795.599999999995,25908.449999999993,25471.299999999996,25259.85,25146.999999999996,3398691
2026-02-17T12:15:00+05:30,25722.55,25744.35,25721.85,25742.1,25677.732415732768,,25709.0307461669,25725.2504911914,25584.149999999998,25534.85,25633.449999999997,25795.599999999995,25908.449999999993,25471.299999999996,25259.85,25146.999999999996,5407972
2026-02-17T12:20:00+05:30,25741.95,25751.1,25737.45,25747.4,25690.349174159495,,25712.68496081767,25729.68039295312,25584.149999999998,25534.85,25633.449999999997,25795.599999999995,25908.449999999993,25471.299999999996,25259.85,25146.999999999996,3853578
2026-02-17T12:25:00+05:30,25747.35,25753.85,25730.45,25733.65,25690.349174159495,,25714.681631215986,25730.474314362495,25584.149999999998,25534.85,25633.449999999997,25795.599999999995,25908.449999999993,25471.299999999996,25259.85,25146.999999999996,3070388
2026-02-17T12:30:00+05:30,25733.9,25740.1,25728.1,25735.7,25690.349174159495,,25716.68338062399,25731.519451489996,25584.149999999998,25534.85,25633.449999999997,25795.599999999995,25908.449999999993,25471.299999999996,25259.85,25146.999999999996,2824520
2026-02-17T12:35:00+05:30,25735.5,25737.55,25725.35,25733.75,25690.349174159495,,25718.308772945515,25731.965561191995,25584.149999999998,25534.85,25633.449999999997,25795.599999999995,25908.449999999993,25471.299999999996,25259.85,25146.999999999996,2167847
2026-02-17T12:40:00+05:30,25732.8,25741.25,25728.55,25738.7,25690.349174159495,,25720.25079456975,25733.312448953595,25584.149999999998,25534.85,25633.449999999997,25795.599999999995,25908.449999999993,25471.299999999996,25259.85,25146.999999999996,5456378
2026-02-17T12:45:00+05:30,25738.25,25742.15,25736.1,25741,25691.843517099438,,25722.22690937263,25734.849959162875,25584.149999999998,25534.85,25633.449999999997,25795.599999999995,25908.449999999993,25471.299999999996,25259.85,25146.999999999996,2479999
2026-02-17T12:50:00+05:30,25740.6,25760.85,25737.1,25753.95,25699.296665389495,,25725.24815609905,25738.6699673303,25584.149999999998,25534.85,25633.449999999997,25795.599999999995,25908.449999999993,25471.299999999996,25259.85,25146.999999999996,2630856
2026-02-17T12:55:00+05:30,25752.55,25755.6,25732.2,25733.8,25699.296665389495,,25726.062617422947,25737.69597386424,25584.149999999998,25534.85,25633.449999999997,25795.599999999995,25908.449999999993,25471.299999999996,25259.85,25146.999999999996,2770326
2026-02-17T13:00:00+05:30,25733.6,25739.65,25717.05,25717.05,25699.296665389495,,25725.204272906478,25733.56677909139,25584.149999999998,25534.85,25633.449999999997,25795.599999999995,25908.449999999993,25471.299999999996,25259.85,25146.999999999996,3714702
2026-02-17T13:05:00+05:30,25716.25,25761.6,25713.9,25759.45,25699.296665389495,,25728.46577072491,25738.743423273114,25584.149999999998,25534.85,25633.449999999997,25795.599999999995,25908.449999999993,25471.299999999996,25259.85,25146.999999999996,6758478
2026-02-17T13:10:00+05:30,25760.05,25764.4,25728.55,25736.35,25699.296665389495,,25729.21664970349,25738.26473861849,25584.149999999998,25534.85,25633.449999999997,25795.599999999995,25908.449999999993,25471.299999999996,25259.85,25146.999999999996,5435567
2026-02-17T13:15:00+05:30,25736.25,25739.65,25725.75,25736.1,25699.296665389495,,25729.872206874585,25737.831790894794,25584.149999999998,25534.85,25633.449999999997,25795.599999999995,25908.449999999993,25471.299999999996,25259.85,25146.999999999996,3796624
2026-02-17T13:20:00+05:30,25735.05,25748,25735.05,25740.4,25699.296665389495,,25730.87485383891,25738.345432715836,25584.149999999998,25534.85,25633.449999999997,25795.599999999995,25908.449999999993,25471.299999999996,25259.85,25146.999999999996,5235104
2026-02-17T13:25:00+05:30,25740.2,25742.1,25735.1,25740.1,25699.296665389495,,25731.753439187585,25738.69634617267,25584.149999999998,25534.85,25633.449999999997,25795.599999999995,25908.449999999993,25471.299999999996,25259.85,25146.999999999996,2211095
2026-02-17T13:30:00+05:30,25740.95,25759.95,25740.95,25751.8,25699.296665389495,,25733.662635455436,25741.317076938136,25584.149999999998,25534.85,25633.449999999997,25795.599999999995,25908.449999999993,25471.299999999996,25259.85,25146.999999999996,2761445
2026-02-17T13:35:00+05:30,25752.9,25761.95,25738.05,25742.25,25699.296665389495,,25734.480479697773,25741.50366155051,25584.149999999998,25534.85,25633.449999999997,25795.599999999995,25908.449999999993,25471.299999999996,25259.85,25146.999999999996,3696189
2026-02-17T13:40:00+05:30,25742.6,25754.1,25740.8,25744.7,25699.296665389495,,25735.453767345603,25742.142929240406,25584.149999999998,25534.85,25633.449999999997,25795.599999999995,25908.449999999993,25471.299999999996,25259.85,25146.999999999996,2314075
2026-02-17T13:45:00+05:30,25744.8,25749.8,25730.9,25735.15,25699.296665389495,,25735.424837122213,25740.744343392325,25584.149999999998,25534.85,25633.449999999997,25795.599999999995,25908.449999999993,25471.299999999996,25259.85,25146.999999999996,2493902
2026-02-17T13:50:00+05:30,25735.25,25741.6,25726.7,25731.95,25699.296665389495,,25735.093900253432,25738.98547471386,25584.149999999998,25534.85,25633.449999999997,25795.599999999995,25908.449999999993,25471.299999999996,25259.85,25146.999999999996,1728799
2026-02-17T13:55:00+05:30,25731.7,25731.7,25696.75,25698.85,,25775.193425912286,25731.642100229295,25730.958379771087,25584.149999999998,25534.85,25633.449999999997,25795.599999999995,25908.449999999993,25471.299999999996,25259.85,25146.999999999996,3809902
2026-02-17T14:00:00+05:30,25699.45,25732.8,25697.15,25726.1,,25775.193425912286,25731.11428115984,25729.98670381687,25584.149999999998,25534.85,25633.449999999997,25795.599999999995,25908.449999999993,25471.299999999996,25259.85,25146.999999999996,4828637
2026-02-17T14:05:00+05:30,25728,25734.15,25710.05,25710.5,,25775.193425912286,25729.151016287473,25726.089363053496,25584.149999999998,25534.85,25633.449999999997,25795.599999999995,25908.449999999993,25471.299999999996,25259.85,25146.999999999996,2645991
2026-02-17T14:10:00+05:30,25710.65,25710.65,25667.8,25670.95,,25761.695932490056,25723.60806235533,25715.061490442797,25584.149999999998,25534.85,25633.449999999997,25795.599999999995,25908.449999999993,25471.299999999996,25259.85,25146.999999999996,4432115
2026-02-17T14:15:00+05:30,25670.7,25703.9,25662.6,25697.2,,25760.863839241054,25721.09300879768,25711.48919235424,25584.149999999998,25534.85,25633.449999999997,25795.599999999995,25908.449999999993,25471.299999999996,25259.85,25146.999999999996,4789583
2026-02-17T14:20:00+05:30,25696.85,25705.8,25693.2,25698.2,,25760.863839241054,25718.91272224552,25708.83135388339,25584.149999999998,25534.85,25633.449999999997,25795.599999999995,25908.449999999993,25471.299999999996,25259.85,25146.999999999996,1984614
2026-02-17T14:25:00+05:30,25698.25,25705.3,25683.05,25683.35,,25760.863839241054,25715.525796317375,25703.735083106712,25584.149999999998,25534.85,25633.449999999997,25795.599999999995,25908.449999999993,25471.299999999996,25259.85,25146.999999999996,2528405
2026-02-17T14:30:00+05:30,25686.1,25697.1,25675.5,25696.05,,25758.429788806727,25713.670958572864,25702.19806648537,25584.149999999998,25534.85,25633.449999999997,25795.599999999995,25908.449999999993,25471.299999999996,25259.85,25146.999999999996,2299415
2026-02-17T14:35:00+05:30,25695.7,25726.35,25691.85,25724.25,,25758.429788806727,25714.67848632783,25706.608453188295,25584.149999999998,25534.85,25633.449999999997,25795.599999999995,25908.449999999993,25471.299999999996,25259.85,25146.999999999996,4270681
2026-02-17T14:40:00+05:30,25723.2,25733.45,25714.75,25717.3,,25758.429788806727,25714.92815429661,25708.746762550636,25584.149999999998,25534.85,25633.449999999997,25795.599999999995,25908.449999999993,25471.299999999996,25259.85,25146.999999999996,7087604
2026-02-17T14:45:00+05:30,25718.05,25719.85,25704.8,25708.95,,25758.429788806727,25714.35880626836,25708.78741004051,25584.149999999998,25534.85,25633.449999999997,25795.599999999995,25908.449999999993,25471.299999999996,25259.85,25146.999999999996,3035755
2026-02-17T14:50:00+05:30,25709.85,25718.65,25703.9,25717.15,,25758.429788806727,25714.624634242802,25710.459928032407,25584.149999999998,25534.85,25633.449999999997,25795.599999999995,25908.449999999993,25471.299999999996,25259.85,25146.999999999996,2832008
2026-02-17T14:55:00+05:30,25717.85,25721,25691.15,25711.9,,25758.429788806727,25714.365145267297,25710.747942425925,25584.149999999998,25534.85,25633.449999999997,25795.599999999995,25908.449999999993,25471.299999999996,25259.85,25146.999999999996,5697068
2026-02-17T15:00:00+05:30,25713.1,25746.3,25709.75,25709.75,,25758.429788806727,25713.925607622794,25710.54835394074,25584.149999999998,25534.85,25633.449999999997,25795.599999999995,25908.449999999993,25471.299999999996,25259.85,25146.999999999996,9168457
2026-02-17T15:05:00+05:30,25711.05,25743.75,25703,25741.85,,25758.429788806727,25716.58507356348,25716.80868315259,25584.149999999998,25534.85,25633.449999999997,25795.599999999995,25908.449999999993,25471.299999999996,25259.85,25146.999999999996,8785965
2026-02-17T15:10:00+05:30,25743.9,25744.35,25713.8,25724.85,,25758.429788806727,25717.372209414578,25718.416946522073,25584.149999999998,25534.85,25633.449999999997,25795.599999999995,25908.449999999993,25471.299999999996,25259.85,25146.999999999996,6861769
2026-02-17T15:15:00+05:30,25725.45,25729.15,25714.85,25720.35,,25758.429788806727,25717.65580851795,25718.80355721766,25584.149999999998,25534.85,25633.449999999997,25795.599999999995,25908.449999999993,25471.299999999996,25259.85,25146.999999999996,8411335
2026-02-17T15:20:00+05:30,25720.5,25731.85,25718.05,25724.55,,25758.429788806727,25718.312398182905,25719.95284577413,25584.149999999998,25534.85,25633.449999999997,25795.599999999995,25908.449999999993,25471.299999999996,25259.85,25146.999999999996,9045127
2026-02-17T15:25:00+05:30,25725,25728.1,25713.8,25716,,25758.429788806727,25718.092169784533,25719.162276619303,25584.149999999998,25534.85,25633.449999999997,25795.599999999995,25908.449999999993,25471.299999999996,25259.85,25146.999999999996,8290027
2026-02-18T09:15:00+05:30,25759.75,25759.75,25705.4,25742.05,,25758.429788806727,25720.373867900293,25723.739821295443,25686.7,25667.35,25706.050000000003,25803.100000000002,25880.800000000007,25609,25492.6,25414.899999999998,20852536
2026-02-18T09:20:00+05:30,25742,25742,25704.4,25704.5,,25758.429788806727,25718.862070957406,25719.891857036353,25686.7,25667.35,25706.050000000003,25803.100000000002,25880.800000000007,25609,25492.6,25414.899999999998,9045310
2026-02-18T09:25:00+05:30,25703.85,25738.2,25697.75,25728.5,,25758.429788806727,25719.779968961462,25721.61348562908,25686.7,25667.35,25706.050000000003,25803.100000000002,25880.800000000007,25609,25492.6,25414.899999999998,6604703
2026-02-18T09:30:00+05:30,25730.25,25736.45,25711.95,25731.45,,25758.429788806727,25720.89140048894,25723.580788503266,25686.7,25667.35,25706.050000000003,25803.100000000002,25880.800000000007,25609,25492.6,25414.899999999998,42798802
2026-02-18T09:35:00+05:30,25731.8,25745.4,25725.85,25737.15,,25758.429788806727,25722.439838537615,25726.294630802615,25686.7,25667.35,25706.050000000003,25803.100000000002,25880.800000000007,25609,25492.6,25414.899999999998,6703917
2026-02-18T09:40:00+05:30,25738.6,25746.65,25732.45,25741.85,,25758.429788806727,25724.288425343555,25729.405704642093,25686.7,25667.35,25706.050000000003,25803.100000000002,25880.800000000007,25609,25492.6,25414.899999999998,6401640
2026-02-18T09:45:00+05:30,25744.45,25744.45,25714.05,25720.45,,25758.429788806727,25723.922861025123,25727.614563713676,25686.7,25667.35,25706.050000000003,25803.100000000002,25880.800000000007,25609,25492.6,25414.899999999998,13630051
2026-02-18T09:50:00+05:30,25722.1,25724.2,25699.35,25702.35,,25758.429788806727,25721.868302832256,25722.56165097094,25686.7,25667.35,25706.050000000003,25803.100000000002,25880.800000000007,25609,25492.6,25414.899999999998,9877992
2026-02-18T09:55:00+05:30,25701.85,25702,25655.75,25665.45,,25758.429788806727,25716.495131133946,25711.13932077675,25686.7,25667.35,25706.050000000003,25803.100000000002,25880.800000000007,25609,25492.6,25414.899999999998,6266501
2026-02-18T10:00:00+05:30,25666.6,25669.15,25650.25,25666.45,,25742.160552465462,25711.72892816881,25702.201456621402,25686.7,25667.35,25706.050000000003,25803.100000000002,25880.800000000007,25609,25492.6,25414.899999999998,10754410
2026-02-18T10:05:00+05:30,25668.3,25674.85,25652.3,25665.45,,25742.160552465462,25707.32141120035,25694.85116529712,25686.7,25667.35,25706.050000000003,25803.100000000002,25880.800000000007,25609,25492.6,25414.899999999998,5781212
2026-02-18T10:10:00+05:30,25666.8,25674.55,25658.5,25661.95,,25742.160552465462,25703.000324419365,25688.270932237698,25686.7,25667.35,25706.050000000003,25803.100000000002,25880.800000000007,25609,25492.6,25414.899999999998,5770257
2026-02-18T10:15:00+05:30,25663.85,25675,25645.6,25671.35,,25739.046892747323,25699.986007808,25684.886745790158,25686.7,25667.35,25706.050000000003,25803.100000000002,25880.800000000007,25609,25492.6,25414.899999999998,7052050
2026-02-18T10:20:00+05:30,25672.65,25675.6,25659.85,25670.3,,25739.046892747323,25697.15876896914,25681.969396632125,25686.7,25667.35,25706.050000000003,25803.100000000002,25880.800000000007,25609,25492.6,25414.899999999998,5427327
2026-02-18T10:25:00+05:30,25670.95,25671.05,25645.15,25665.35,,25733.907483125327,25694.12936240065,25678.6455173057,25686.7,25667.35,25706.050000000003,25803.100000000002,25880.800000000007,25609,25492.6,25414.899999999998,4701374
2026-02-18T10:30:00+05:30,25666.2,25675.1,25659.35,25673,,25733.907483125327,25692.117042172016,25677.51641384456,25686.7,25667.35,25706.050000000003,25803.100000000002,25880.800000000007,25609,25492.6,25414.899999999998,4018694
2026-02-18T10:35:00+05:30,25673.35,25684.7,25660.75,25660.75,,25733.907483125327,25689.1297048223,25674.16313107565,25686.7,25667.35,25706.050000000003,25803.100000000002,25880.800000000007,25609,25492.6,25414.899999999998,4728188
2026-02-18T10:40:00+05:30,25662.8,25667.45,25654.7,25660.75,,25730.457405198365,25686.426875791603,25671.48050486052,25686.7,25667.35,25706.050000000003,25803.100000000002,25880.800000000007,25609,25492.6,25414.899999999998,3398271
2026-02-18T10:45:00+05:30,25661.9,25683.6,25658.85,25681.85,,25730.457405198365,25685.990982859068,25673.554403888415,25686.7,25667.35,25706.050000000003,25803.100000000002,25880.800000000007,25609,25492.6,25414.899999999998,3570172
2026-02-18T10:50:00+05:30,25681.55,25696.8,25678.6,25691.65,,25730.457405198365,25686.52993687249,25677.17352311073,25686.7,25667.35,25706.050000000003,25803.100000000002,25880.800000000007,25609,25492.6,25414.899999999998,4243540
2026-02-18T10:55:00+05:30,25692.2,25708,25688.05,25703.2,,25730.457405198365,25688.117561932253,25682.378818488585,25686.7,25667.35,25706.050000000003,25803.100000000002,25880.800000000007,25609,25492.6,25414.899999999998,4219373
2026-02-18T11:00:00+05:30,25706,25709,25698.65,25706.15,,25730.457405198365,25689.834936986324,25687.13305479087,25686.7,25667.35,25706.050000000003,25803.100000000002,25880.800000000007,25609,25492.6,25414.899999999998,4047438
2026-02-18T11:05:00+05:30,25706,25706.65,25697.2,25703.85,,25730.457405198365,25691.16970489239,25690.476443832697,25686.7,25667.35,25706.050000000003,25803.100000000002,25880.800000000007,25609,25492.6,25414.899999999998,4075177
2026-02-18T11:10:00+05:30,25703.95,25705.85,25689.3,25700.05,,25730.457405198365,25692.01544728359,25692.391155066158,25686.7,25667.35,25706.050000000003,25803.100000000002,25880.800000000007,25609,25492.6,25414.899999999998,4970687
2026-02-18T11:15:00+05:30,25700.7,25701.8,25683.5,25686.55,,25730.457405198365,25691.494928494674,25691.222924052927,25686.7,25667.35,25706.050000000003,25803.100000000002,25880.800000000007,25609,25492.6,25414.899999999998,4488239
2026-02-18T11:20:00+05:30,25688.45,25697.7,25685.8,25688,,25730.457405198365,25691.162078161848,25690.57833924234,25686.7,25667.35,25706.050000000003,25803.100000000002,25880.800000000007,25609,25492.6,25414.899999999998,5100376
2026-02-18T11:25:00+05:30,25687.7,25697.55,25679.95,25693.55,,25730.457405198365,25691.38949928929,25691.172671393873,25686.7,25667.35,25706.050000000003,25803.100000000002,25880.800000000007,25609,25492.6,25414.899999999998,3896968
2026-02-18T11:30:00+05:30,25694.9,25716.55,25687.6,25713.65,,25730.457405198365,25693.509546976024,25695.6681371151,25686.7,25667.35,25706.050000000003,25803.100000000002,25880.800000000007,25609,25492.6,25414.899999999998,3938137
2026-02-18T11:35:00+05:30,25711.6,25716.4,25695.65,25698.9,,25730.457405198365,25694.022923454497,25696.314509692078,25686.7,25667.35,25706.050000000003,25803.100000000002,25880.800000000007,25609,25492.6,25414.899999999998,3547279
2026-02-18T11:40:00+05:30,25698.45,25701.35,25676.55,25686.9,,25730.457405198365,25693.344549792164,25694.431607753664,25686.7,25667.35,25706.050000000003,25803.100000000002,25880.800000000007,25609,25492.6,25414.899999999998,2601424
2026-02-18T11:45:00+05:30,25687.5,25690.55,25682.65,25688.65,,25730.457405198365,25692.897449811957,25693.27528620293,25686.7,25667.35,25706.050000000003,25803.100000000002,25880.800000000007,25609,25492.6,25414.899999999998,2811084
2026-02-18T11:50:00+05:30,25688.2,25695.7,25687.4,25695.55,,25730.457405198365,25693.15007363939,25693.730228962344,25686.7,25667.35,25706.050000000003,25803.100000000002,25880.800000000007,25609,25492.6,25414.899999999998,3544640
2026-02-18T11:55:00+05:30,25695.5,25701.9,25689.95,25701.05,,25730.457405198365,25693.902447578497,25695.194183169875,25686.7,25667.35,25706.050000000003,25803.100000000002,25880.800000000007,25609,25492.6,25414.899999999998,4027481
2026-02-18T12:00:00+05:30,25702.4,25711.6,25697.15,25704.5,,25730.457405198365,25694.911738285307,25697.0553465359,25686.7,25667.35,25706.050000000003,25803.100000000002,25880.800000000007,25609,25492.6,25414.899999999998,5994469
2026-02-18T12:05:00+05:30,25705.45,25718.4,25704.3,25713.25,,25730.457405198365,25696.658239400993,25700.29427722872,25686.7,25667.35,25706.050000000003,25803.100000000002,25880.800000000007,25609,25492.6,25414.899999999998,2980309
2026-02-18T12:10:00+05:30,25712.45,25717.4,25708.7,25709.85,,25730.457405198365,25697.914597553277,25702.205421782975,25686.7,25667.35,25706.050000000003,25803.100000000002,25880.800000000007,25609,25492.6,25414.899999999998,2518938
2026-02-18T12:15:00+05:30,25710.5,25721.55,25710.5,25713.1,,25730.457405198365,25699.360826357726,25704.38433742638,25686.7,25667.35,25706.050000000003,25803.100000000002,25880.800000000007,25609,25492.6,25414.899999999998,3995198
2026-02-18T12:20:00+05:30,25714.1,25723,25711.95,25720.3,,25730.457405198365,25701.355033371277,25707.567469941107,25686.7,25667.35,25706.050000000003,25803.100000000002,25880.800000000007,25609,25492.6,25414.899999999998,3542540
2026-02-18T12:25:00+05:30,25720.4,25722.95,25703.65,25711.75,,25730.457405198365,25702.34503019306,25708.403975952886,25686.7,25667.35,25706.050000000003,25803.100000000002,25880.800000000007,25609,25492.6,25414.899999999998,3055790
2026-02-18T12:30:00+05:30,25713.9,25726.2,25709.9,25722.7,,25730.457405198365,25704.283598746104,25711.263180762307,25686.7,25667.35,25706.050000000003,25803.100000000002,25880.800000000007,25609,25492.6,25414.899999999998,2350632
2026-02-18T12:35:00+05:30,25722.45,25734.4,25722.45,25732.25,25682.693417689014,,25706.94706553219,25715.460544609847,25686.7,25667.35,25706.050000000003,25803.100000000002,25880.800000000007,25609,25492.6,25414.899999999998,2850034
2026-02-18T12:40:00+05:30,25732,25732.35,25718.05,25726.35,25682.693417689014,,25708.794964052933,25717.638435687877,25686.7,25667.35,25706.050000000003,25803.100000000002,25880.800000000007,25609,25492.6,25414.899999999998,2431145
2026-02-18T12:45:00+05:30,25725.1,25729.55,25713.7,25713.95,25682.693417689014,,25709.285919857415,25716.900748550303,25686.7,25667.35,25706.050000000003,25803.100000000002,25880.800000000007,25609,25492.6,25414.899999999998,6174503
2026-02-18T12:50:00+05:30,25715.2,25728.5,25711.9,25726.8,25682.693417689014,,25710.95392749004,25718.880598840242,25686.7,25667.35,25706.050000000003,25803.100000000002,25880.800000000007,25609,25492.6,25414.899999999998,3009762
2026-02-18T12:55:00+05:30,25726.55,25733.9,25719.55,25731.85,25682.693417689014,,25712.944029633847,25721.474479072192,25686.7,25667.35,25706.050000000003,25803.100000000002,25880.800000000007,25609,25492.6,25414.899999999998,2618157
2026-02-18T13:00:00+05:30,25732.2,25742.05,25722.15,25737,25684.936593961185,,25715.235074430624,25724.579583257753,25686.7,25667.35,25706.050000000003,25803.100000000002,25880.800000000007,25609,25492.6,25414.899999999998,2506615
2026-02-18T13:05:00+05:30,25736.7,25742.05,25730.7,25731.75,25690.522934565066,,25716.80792448485,25726.013666606203,25686.7,25667.35,25706.050000000003,25803.100000000002,25880.800000000007,25609,25492.6,25414.899999999998,2326088
2026-02-18T13:10:00+05:30,25732.95,25733.5,25718.4,25731.5,25690.522934565066,,25718.207169772006,25727.110933284963,25686.7,25667.35,25706.050000000003,25803.100000000002,25880.800000000007,25609,25492.6,25414.899999999998,2446776
2026-02-18T13:15:00+05:30,25730.95,25745.6,25730.95,25740.85,25692.662826997708,,25720.36362979372,25729.85874662797,25686.7,25667.35,25706.050000000003,25803.100000000002,25880.800000000007,25609,25492.6,25414.899999999998,2736091
2026-02-18T13:20:00+05:30,25741.95,25753.2,25739.55,25744.85,25701.229044297936,,25722.69566505146,25732.856997302377,25686.7,25667.35,25706.050000000003,25803.100000000002,25880.800000000007,25609,25492.6,25414.899999999998,3194901
2026-02-18T13:25:00+05:30,25745.15,25746.85,25717.8,25728.05,25701.229044297936,,25723.205601713224,25731.8955978419,25686.7,25667.35,25706.050000000003,25803.100000000002,25880.800000000007,25609,25492.6,25414.899999999998,3358866
2026-02-18T13:30:00+05:30,25727.25,25730.5,25722.95,25727.55,25701.229044297936,,25723.61935393101,25731.02647827352,25686.7,25667.35,25706.050000000003,25803.100000000002,25880.800000000007,25609,25492.6,25414.899999999998,1877466
2026-02-18T13:35:00+05:30,25726.2,25730.95,25719.85,25721.35,25701.229044297936,,25723.403224985203,25729.091182618817,25686.7,25667.35,25706.050000000003,25803.100000000002,25880.800000000007,25609,25492.6,25414.899999999998,2399669
2026-02-18T13:40:00+05:30,25721.45,25729.45,25718.1,25724.7,25701.229044297936,,25723.526727367564,25728.212946095053,25686.7,25667.35,25706.050000000003,25803.100000000002,25880.800000000007,25609,25492.6,25414.899999999998,2415519
2026-02-18T13:45:00+05:30,25724.6,25739.2,25723.3,25735.5,25701.229044297936,,25724.667039046843,25729.670356876042,25686.7,25667.35,25706.050000000003,25803.100000000002,25880.800000000007,25609,25492.6,25414.899999999998,4420273
2026-02-18T13:50:00+05:30,25735.15,25746.15,25699.15,25700,,25766.27272350471,25722.317797232856,25723.736285500832,25686.7,25667.35,25706.050000000003,25803.100000000002,25880.800000000007,25609,25492.6,25414.899999999998,4019267
2026-02-18T13:55:00+05:30,25699.2,25726.55,25695.75,25724.3,,25766.27272350471,25722.506578448774,25723.849028400666,25686.7,25667.35,25706.050000000003,25803.100000000002,25880.800000000007,25609,25492.6,25414.899999999998,3303282
2026-02-18T14:00:00+05:30,25724.45,25728.2,25719.95,25725.45,,25766.27272350471,25722.786904310797,25724.16922272053,25686.7,25667.35,25706.050000000003,25803.100000000002,25880.800000000007,25609,25492.6,25414.899999999998,2447250
2026-02-18T14:05:00+05:30,25726.55,25735.45,25725.25,25735.45,,25766.27272350471,25723.992913424056,25726.425378176424,25686.7,25667.35,25706.050000000003,25803.100000000002,25880.800000000007,25609,25492.6,25414.899999999998,2265496
2026-02-18T14:10:00+05:30,25735.05,25757.35,25733.05,25756.8,,25766.27272350471,25727.11739785986,25732.50030254114,25686.7,25667.35,25706.050000000003,25803.100000000002,25880.800000000007,25609,25492.6,25414.899999999998,3181779
2026-02-18T14:15:00+05:30,25756.95,25771.95,25750.6,25771.6,25705.957302393224,,25731.35383615892,25740.32024203291,25686.7,25667.35,25706.050000000003,25803.100000000002,25880.800000000007,25609,25492.6,25414.899999999998,3027203
2026-02-18T14:20:00+05:30,25771.65,25791.55,25770.7,25790.55,25725.084072153903,,25736.991566048546,25750.366193626327,25686.7,25667.35,25706.050000000003,25803.100000000002,25880.800000000007,25609,25492.6,25414.899999999998,4219082
2026-02-18T14:25:00+05:30,25789.9,25792.85,25778.95,25785.2,25731.293164938514,,25741.582845472494,25757.332954901063,25686.7,25667.35,25706.050000000003,25803.100000000002,25880.800000000007,25609,25492.6,25414.899999999998,3609623
2026-02-18T14:30:00+05:30,25784.2,25789.9,25774.7,25779.1,25731.293164938514,,25745.155907808446,25761.68636392085,25686.7,25667.35,25706.050000000003,25803.100000000002,25880.800000000007,25609,25492.6,25414.899999999998,2992218
2026-02-18T14:35:00+05:30,25778.8,25793.8,25778.25,25781,25733.024463600195,,25748.56963087431,25765.54909113668,25686.7,25667.35,25706.050000000003,25803.100000000002,25880.800000000007,25609,25492.6,25414.899999999998,3055734
2026-02-18T14:40:00+05:30,25780.6,25784.55,25774.3,25779.8,25733.024463600195,,25751.543951743424,25768.399272909344,25686.7,25667.35,25706.050000000003,25803.100000000002,25880.800000000007,25609,25492.6,25414.899999999998,3486707
2026-02-18T14:45:00+05:30,25779.65,25781.95,25768.45,25781.45,25733.024463600195,,25754.39214681548,25771.009418327474,25686.7,25667.35,25706.050000000003,25803.100000000002,25880.800000000007,25609,25492.6,25414.899999999998,3433555
2026-02-18T14:50:00+05:30,25781.85,25790.55,25778.3,25787.45,25735.976858964543,,25757.540513785436,25774.29753466198,25686.7,25667.35,25706.050000000003,25803.100000000002,25880.800000000007,25609,25492.6,25414.899999999998,3856464
2026-02-18T14:55:00+05:30,25786.95,25796.75,25786.95,25792.15,25745.306673068088,,25760.83665532968,25777.868027729583,25686.7,25667.35,25706.050000000003,25803.100000000002,25880.800000000007,25609,25492.6,25414.899999999998,3166788
2026-02-18T15:00:00+05:30,25794.75,25828.05,25794.75,25814.55,25758.741005761283,,25765.95221196495,25785.204422183666,25686.7,25667.35,25706.050000000003,25803.100000000002,25880.800000000007,25609,25492.6,25414.899999999998,8115598
2026-02-18T15:05:00+05:30,25813.65,25825.7,25807.95,25825.7,25764.106905185152,,25771.642477492096,25793.30353774693,25686.7,25667.35,25706.050000000003,25803.100000000002,25880.800000000007,25609,25492.6,25414.899999999998,6270663
2026-02-18T15:10:00+05:30,25823.9,25827.15,25818.5,25821.95,25772.78371466664,,25776.433670111895,25799.032830197546,25686.7,25667.35,25706.050000000003,25803.100000000002,25880.800000000007,25609,25492.6,25414.899999999998,7893891
2026-02-18T15:15:00+05:30,25820.05,25827.45,25817.1,25818.3,25774.132843199975,,25780.420939625048,25802.886264158038,25686.7,25667.35,25706.050000000003,25803.100000000002,25880.800000000007,25609,25492.6,25414.899999999998,9044312
2026-02-18T15:20:00+05:30,25816.85,25822.4,25814.1,25817.3,25774.132843199975,,25783.93323108933,25805.76901132643,25686.7,25667.35,25706.050000000003,25803.100000000002,25880.800000000007,25609,25492.6,25414.899999999998,9790624
2026-02-18T15:25:00+05:30,25815.45,25818.95,25805.05,25805.7,25774.132843199975,,25786.00625669987,25805.755209061143,25686.7,25667.35,25706.050000000003,25803.100000000002,25880.800000000007,25609,25492.6,25414.899999999998,8732405
2026-02-19T09:15:00+05:30,25865.2,25885.3,25836.6,25853.9,25796.204467692776,,25792.47232749036,25815.384167248914,25764.18333333333,25736.6,25791.766666666663,25883.21666666666,25947.08333333333,25700.316666666662,25581.283333333333,25517.416666666664,17247053
2026-02-19T09:20:00+05:30,25853.65,25877.35,25849.8,25850.2,25797.039020923497,,25797.970201062704,25822.34733379913,25764.18333333333,25736.6,25791.766666666663,25883.21666666666,25947.08333333333,25700.316666666662,25581.283333333333,25517.416666666664,8050053
2026-02-19T09:25:00+05:30,25850.25,25851.9,25811.2,25817.65,25797.039020923497,,25799.84446762816,25821.407867039306,25764.18333333333,25736.6,25791.766666666663,25883.21666666666,25947.08333333333,25700.316666666662,25581.283333333333,25517.416666666664,5527983
2026-02-19T09:30:00+05:30,25817.75,25821.15,25803.25,25804.3,25797.039020923497,,25800.26880404453,25817.986293631446,25764.18333333333,25736.6,25791.766666666663,25883.21666666666,25947.08333333333,25700.316666666662,25581.283333333333,25517.416666666664,4615109
2026-02-19T09:35:00+05:30,25805.05,25821.2,25779.8,25790.65,,25857.406147008023,25799.35272746886,25812.519034905155,25764.18333333333,25736.6,25791.766666666663,25883.21666666666,25947.08333333333,25700.316666666662,25581.283333333333,25517.416666666664,7076636
2026-02-19T09:40:00+05:30,25790.75,25792.05,25776.55,25779.9,,25857.03304587209,25797.50008675754,25805.995227924126,25764.18333333333,25736.6,25791.766666666663,25883.21666666666,25947.08333333333,25700.316666666662,25581.283333333333,25517.416666666664,4268134
2026-02-19T09:45:00+05:30,25780.95,25812.95,25773.4,25809.25,,25857.03304587209,25798.619126113965,25806.6461823393,25764.18333333333,25736.6,25791.766666666663,25883.21666666666,25947.08333333333,25700.316666666662,25581.283333333333,25517.416666666664,3683199
2026-02-19T09:50:00+05:30,25808.3,25810.55,25782.65,25782.65,,25857.03304587209,25797.098256960253,25801.84694587144,25764.18333333333,25736.6,25791.766666666663,25883.21666666666,25947.08333333333,25700.316666666662,25581.283333333333,25517.416666666664,3360451
2026-02-19T09:55:00+05:30,25783.6,25789.1,25769.65,25772.85,,25855.376040440755,25794.788899154515,25796.04755669715,25764.18333333333,25736.6,25791.766666666663,25883.21666666666,25947.08333333333,25700.316666666662,25581.283333333333,25517.416666666664,3552394
2026-02-19T10:00:00+05:30,25772.55,25786.55,25763,25786.55,,25850.24093639668,25794.00424209218,25794.14804535772,25764.18333333333,25736.6,25791.766666666663,25883.21666666666,25947.08333333333,25700.316666666662,25581.283333333333,25517.416666666664,2744534
2026-02-19T10:05:00+05:30,25785.85,25793.9,25776.05,25779.6,,25850.24093639668,25792.632409511974,25791.238436286178,25764.18333333333,25736.6,25791.766666666663,25883.21666666666,25947.08333333333,25700.316666666662,25581.283333333333,25517.416666666664,3193370
2026-02-19T10:10:00+05:30,25778.65,25783.3,25749.45,25756.45,,25842.47690848131,25789.186465748928,25784.28074902894,25764.18333333333,25736.6,25791.766666666663,25883.21666666666,25947.08333333333,25700.316666666662,25581.283333333333,25517.416666666664,2466760
2026-02-19T10:15:00+05:30,25757.75,25765.85,25746.9,25756.85,,25830.551717633178,25786.106802344268,25778.794599223154,25764.18333333333,25736.6,25791.766666666663,25883.21666666666,25947.08333333333,25700.316666666662,25581.283333333333,25517.416666666664,2659186
2026-02-19T10:20:00+05:30,25757.3,25761.75,25741.9,25754.05,,25824.53904586986,25783.053773549575,25773.845679378523,25764.18333333333,25736.6,25791.766666666663,25883.21666666666,25947.08333333333,25700.316666666662,25581.283333333333,25517.416666666664,2704523
2026-02-19T10:25:00+05:30,25752.8,25754.95,25732.35,25746.7,,25815.872641282876,25779.591509401995,25768.41654350282,25764.18333333333,25736.6,25791.766666666663,25883.21666666666,25947.08333333333,25700.316666666662,25581.283333333333,25517.416666666664,2420060
2026-02-19T10:30:00+05:30,25746.75,25752.4,25736.8,25739.5,,25814.280377154584,25775.77327041133,25762.633234802255,25764.18333333333,25736.6,25791.766666666663,25883.21666666666,25947.08333333333,25700.316666666662,25581.283333333333,25517.416666666664,2050972
2026-02-19T10:35:00+05:30,25739.95,25743.2,25713.3,25716.4,,25799.93233943913,25770.1186732293,25753.386587841804,25764.18333333333,25736.6,25791.766666666663,25883.21666666666,25947.08333333333,25700.316666666662,25581.283333333333,25517.416666666664,5202453
2026-02-19T10:40:00+05:30,25716.6,25739.5,25708.7,25735.05,,25797.854105495215,25766.778799588414,25749.719270273443,25764.18333333333,25736.6,25791.766666666663,25883.21666666666,25947.08333333333,25700.316666666662,25581.283333333333,25517.416666666664,3839103
2026-02-19T10:45:00+05:30,25735.2,25736.75,25718.05,25723.15,,25797.854105495215,25762.62367581809,25744.405416218753,25764.18333333333,25736.6,25791.766666666663,25883.21666666666,25947.08333333333,25700.316666666662,25581.283333333333,25517.416666666664,3055712
2026-02-19T10:50:00+05:30,25722.95,25737,25718.25,25733.65,,25797.854105495215,25759.864278121127,25742.254332975004,25764.18333333333,25736.6,25791.766666666663,25883.21666666666,25947.08333333333,25700.316666666662,25581.283333333333,25517.416666666664,2623189
2026-02-19T10:55:00+05:30,25732.75,25740.5,25719.95,25734.85,,25797.854105495215,25757.481965919116,25740.773466380004,25764.18333333333,25736.6,25791.766666666663,25883.21666666666,25947.08333333333,25700.316666666662,25581.283333333333,25517.416666666664,4191811
2026-02-19T11:00:00+05:30,25734.75,25746,25726.15,25734.9,,25797.854105495215,25755.33130249825,25739.598773104004,25764.18333333333,25736.6,25791.766666666663,25883.21666666666,25947.08333333333,25700.316666666662,25581.283333333333,25517.416666666664,2994225
2026-02-19T11:05:00+05:30,25734.8,25745.05,25726.25,25726.95,,25797.854105495215,25752.62832130794,25737.069018483202,25764.18333333333,25736.6,25791.766666666663,25883.21666666666,25947.08333333333,25700.316666666662,25581.283333333333,25517.416666666664,1922807
2026-02-19T11:10:00+05:30,25727.3,25736.85,25713.85,25715.8,,25792.84300197848,25749.120862135755,25732.815214786562,25764.18333333333,25736.6,25791.766666666663,25883.21666666666,25947.08333333333,25700.316666666662,25581.283333333333,25517.416666666664,3101351
2026-02-19T11:15:00+05:30,25715.3,25720.7,25703.65,25705.65,,25778.033701780638,25744.98078002759,25727.38217182925,25764.18333333333,25736.6,25791.766666666663,25883.21666666666,25947.08333333333,25700.316666666662,25581.283333333333,25517.416666666664,2170948
2026-02-19T11:20:00+05:30,25705.15,25709.75,25679.75,25683.25,,25763.02283160257,25739.1016581202,25718.5557374634,25764.18333333333,25736.6,25791.766666666663,25883.21666666666,25947.08333333333,25700.316666666662,25581.283333333333,25517.416666666664,2496526
2026-02-19T11:25:00+05:30,25682.4,25692.45,25681.15,25688.65,,25751.635548442315,25734.29673829923,25712.57458997072,25764.18333333333,25736.6,25791.766666666663,25883.21666666666,25947.08333333333,25700.316666666662,25581.283333333333,25517.416666666664,2012314
2026-02-19T11:30:00+05:30,25687.7,25693.1,25683.45,25686.95,,25749.521993598082,25729.787525127875,25707.449671976578,25764.18333333333,25736.6,25791.766666666663,25883.21666666666,25947.08333333333,25700.316666666662,25581.283333333333,25517.416666666664,1623596
2026-02-19T11:35:00+05:30,25686.45,25688.95,25671.45,25684.6,,25740.572294238274,25725.48395130617,25702.87973758126,25764.18333333333,25736.6,25791.766666666663,25883.21666666666,25947.08333333333,25700.316666666662,25581.283333333333,25517.416666666664,1871675
2026-02-19T11:40:00+05:30,25683.65,25685.65,25667.65,25678.9,,25736.385064814447,25721.047384515106,25698.083790065008,25764.18333333333,25736.6,25791.766666666663,25883.21666666666,25947.08333333333,25700.316666666662,25581.283333333333,25517.416666666664,1898252
2026-02-19T11:45:00+05:30,25679.35,25680.05,25658.25,25664.45,,25729.451558333003,25715.65715741843,25691.357032052005,25764.18333333333,25736.6,25791.766666666663,25883.21666666666,25947.08333333333,25700.316666666662,25581.283333333333,25517.416666666664,1723105
2026-02-19T11:50:00+05:30,25664.5,25664.65,25652.45,25658.65,,25716.481402499703,25710.22790433096,25684.815625641604,25764.18333333333,25736.6,25791.766666666663,25883.21666666666,25947.08333333333,25700.316666666662,25581.283333333333,25517.416666666664,2144155
2026-02-19T11:55:00+05:30,25657.2,25663.95,25650.55,25658.7,,25713.40826224973,25705.32048487087,25679.592500513285,25764.18333333333,25736.6,25791.766666666663,25883.21666666666,25947.08333333333,25700.316666666662,25581.283333333333,25517.416666666664,2525725
2026-02-19T12:00:00+05:30,25658.65,25661.6,25641.7,25652.1,,25708.16243602476,25700.25186726412,25674.094000410627,25764.18333333333,25736.6,25791.766666666663,25883.21666666666,25947.08333333333,25700.316666666662,25581.283333333333,25517.416666666664,2636131
2026-02-19T12:05:00+05:30,25652.95,25655.85,25636.85,25637.75,,25702.91119242228,25694.29930847706,25666.8252003285,25764.18333333333,25736.6,25791.766666666663,25883.21666666666,25947.08333333333,25700.316666666662,25581.283333333333,25517.416666666664,2467863
2026-02-19T12:10:00+05:30,25636.05,25636.55,25601,25603.5,,25680.705073180055,25685.65175528877,25654.1601602628,25764.18333333333,25736.6,25791.766666666663,25883.21666666666,25947.08333333333,25700.316666666662,25581.283333333333,25517.416666666664,3845974
2026-02-19T12:15:00+05:30,25602.85,25615.7,25586.75,25611.4,,25665.647065862046,25678.580159546982,25645.60812821024,25764.18333333333,25736.6,25791.766666666663,25883.21666666666,25947.08333333333,25700.316666666662,25581.283333333333,25517.416666666664,4499248
2026-02-19T12:20:00+05:30,25611.8,25639.7,25607.55,25633.35,,25665.647065862046,25674.272525304412,25643.156502568192,25764.18333333333,25736.6,25791.766666666663,25883.21666666666,25947.08333333333,25700.316666666662,25581.283333333333,25517.416666666664,3037368
2026-02-19T12:25:00+05:30,25631.9,25634.9,25614.05,25626,,25665.647065862046,25669.675141942087,25639.725202054553,25764.18333333333,25736.6,25791.766666666663,25883.21666666666,25947.08333333333,25700.316666666662,25581.283333333333,25517.416666666664,2756531
2026-02-19T12:30:00+05:30,25625.4,25630.7,25608.6,25614,,25665.647065862046,25664.37274747141,25634.580161643644,25764.18333333333,25736.6,25791.766666666663,25883.21666666666,25947.08333333333,25700.316666666662,25581.283333333333,25517.416666666664,1584065
2026-02-19T12:35:00+05:30,25613.75,25621.4,25591.85,25593.8,,25665.647065862046,25657.651533426513,25626.424129314913,25764.18333333333,25736.6,25791.766666666663,25883.21666666666,25947.08333333333,25700.316666666662,25581.283333333333,25517.416666666664,2970565
2026-02-19T12:40:00+05:30,25594.2,25602.55,25569.35,25582.55,,25658.18736517088,25650.49900643351,25617.64930345193,25764.18333333333,25736.6,25791.766666666663,25883.21666666666,25947.08333333333,25700.316666666662,25581.283333333333,25517.416666666664,2848657
2026-02-19T12:45:00+05:30,25580.7,25585.55,25567.75,25584.05,,25647.003628653798,25644.17052963032,25610.929442761542,25764.18333333333,25736.6,25791.766666666663,25883.21666666666,25947.08333333333,25700.316666666662,25581.283333333333,25517.416666666664,2269743
2026-02-19T12:50:00+05:30,25584.45,25613.4,25580.05,25592.2,,25647.003628653798,25639.220955379813,25607.183554209234,25764.18333333333,25736.6,25791.766666666663,25883.21666666666,25947.08333333333,25700.316666666662,25581.283333333333,25517.416666666664,2869441
2026-02-19T12:55:00+05:30,25593.35,25602.4,25590,25597.5,,25647.003628653798,25635.247531057925,25605.246843367386,25764.18333333333,25736.6,25791.766666666663,25883.21666666666,25947.08333333333,25700.316666666662,25581.283333333333,25517.416666666664,1940091
2026-02-19T13:00:00+05:30,25598.4,25599.95,25586.25,25598.45,,25647.003628653798,25631.743004290503,25603.887474693907,25764.18333333333,25736.6,25791.766666666663,25883.21666666666,25947.08333333333,25700.316666666662,25581.283333333333,25517.416666666664,1912845
2026-02-19T13:05:00+05:30,25597.75,25629.8,25597.5,25628,,25647.003628653798,25631.386527691408,25608.709979755127,25764.18333333333,25736.6,25791.766666666663,25883.21666666666,25947.08333333333,25700.316666666662,25581.283333333333,25517.416666666664,3936266
2026-02-19T13:10:00+05:30,25628.75,25631.4,25618.5,25624.55,,25647.003628653798,25630.735429816035,25611.8779838041,25764.18333333333,25736.6,25791.766666666663,25883.21666666666,25947.08333333333,25700.316666666662,25581.283333333333,25517.416666666664,5722114
2026-02-19T13:15:00+05:30,25623.85,25624.55,25598.5,25607,,25647.003628653798,25628.474912690697,25610.90238704328,25764.18333333333,25736.6,25791.766666666663,25883.21666666666,25947.08333333333,25700.316666666662,25581.283333333333,25517.416666666664,2614658
2026-02-19T13:20:00+05:30,25606.75,25634.3,25604.55,25630.75,,25647.003628653798,25628.691587672536,25614.871909634625,25764.18333333333,25736.6,25791.766666666663,25883.21666666666,25947.08333333333,25700.316666666662,25581.283333333333,25517.416666666664,3960720
2026-02-19T13:25:00+05:30,25630.6,25636.25,25604.7,25619.7,,25647.003628653798,25627.835245989438,25615.8375277077,25764.18333333333,25736.6,25791.766666666663,25883.21666666666,25947.08333333333,25700.316666666662,25581.283333333333,25517.416666666664,3295324
2026-02-19T13:30:00+05:30,25617.95,25620.55,25575.85,25591.3,,25647.003628653798,25624.355698752348,25610.930022166158,25764.18333333333,25736.6,25791.766666666663,25883.21666666666,25947.08333333333,25700.316666666662,25581.283333333333,25517.416666666664,4604311
2026-02-19T13:35:00+05:30,25591.05,25606.8,25578.65,25600.95,,25647.003628653798,25622.126584585458,25608.934017732925,25764.18333333333,25736.6,25791.766666666663,25883.21666666666,25947.08333333333,25700.316666666662,25581.283333333333,25517.416666666664,3510320
2026-02-19T13:40:00+05:30,25600.55,25608.9,25594.5,25600.55,,25647.003628653798,25620.071671767793,25607.25721418634,25764.18333333333,25736.6,25791.766666666663,25883.21666666666,25947.08333333333,25700.316666666662,25581.283333333333,25517.416666666664,2690223
2026-02-19T13:45:00+05:30,25600.5,25605.7,25584,25587.3,,25647.003628653798,25616.95056017086,25603.26577134907,25764.18333333333,25736.6,25791.766666666663,25883.21666666666,25947.08333333333,25700.316666666662,25581.283333333333,25517.416666666664,7392456
2026-02-19T13:50:00+05:30,25587.6,25591.25,25564.55,25579.95,,25647.003628653798,25613.426697297444,25598.602617079257,25764.18333333333,25736.6,25791.766666666663,25883.21666666666,25947.08333333333,25700.316666666662,25581.283333333333,25517.416666666664,3357975
2026-02-19T13:55:00+05:30,25581.9,25582.7,25561.7,25562.45,,25646.109806719196,25608.571773745305,25591.372093663405,25764.18333333333,25736.6,25791.766666666663,25883.21666666666,25947.08333333333,25700.316666666662,25581.283333333333,25517.416666666664,2346734
2026-02-19T14:00:00+05:30,25561.65,25569.2,25549.35,25552.5,,25631.74882604728,25603.23160481718,25583.597674930723,25764.18333333333,25736.6,25791.766666666663,25883.21666666666,25947.08333333333,25700.316666666662,25581.283333333333,25517.416666666664,4808326
2026-02-19T14:05:00+05:30,25552.55,25568.4,25545.3,25566.65,,25629.006443442548,25599.74764245364,25580.208139944578,25764.18333333333,25736.6,25791.766666666663,25883.21666666666,25947.08333333333,25700.316666666662,25581.283333333333,25517.416666666664,3655120
2026-02-19T14:10:00+05:30,25566.1,25577.45,25559.9,25571.4,,25629.006443442548,25597.047866981866,25578.446511955663,25764.18333333333,25736.6,25791.766666666663,25883.21666666666,25947.08333333333,25700.316666666662,25581.283333333333,25517.416666666664,3579064
2026-02-19T14:15:00+05:30,25570.9,25601.7,25568.3,25598.6,,25629.006443442548,25597.19568917407,25582.47720956453,25764.18333333333,25736.6,25791.766666666663,25883.21666666666,25947.08333333333,25700.316666666662,25581.283333333333,25517.416666666664,4909081
2026-02-19T14:20:00+05:30,25599.75,25609.95,25571.15,25580.95,,25629.006443442548,25595.648480681302,25582.171767651624,25764.18333333333,25736.6,25791.766666666663,25883.21666666666,25947.08333333333,25700.316666666662,25581.283333333333,25517.416666666664,5885727
2026-02-19T14:25:00+05:30,25579.65,25580.45,25544.9,25547.1,,25629.006443442548,25591.02481585451,25575.1574141213,25764.18333333333,25736.6,25791.766666666663,25883.21666666666,25947.08333333333,25700.316666666662,25581.283333333333,25517.416666666664,2722053
2026-02-19T14:30:00+05:30,25545.85,25572.05,25545.85,25564.55,,25629.006443442548,25588.50340482075,25573.03593129704,25764.18333333333,25736.6,25791.766666666663,25883.21666666666,25947.08333333333,25700.316666666662,25581.283333333333,25517.416666666664,2771802
2026-02-19T14:35:00+05:30,25564.05,25575.55,25561.15,25567.9,,25629.006443442548,25586.5411757902,25572.00874503763,25764.18333333333,25736.6,25791.766666666663,25883.21666666666,25947.08333333333,25700.316666666662,25581.283333333333,25517.416666666664,2707443
2026-02-19T14:40:00+05:30,25568.15,25573.15,25518.2,25518.25,,25629.006443442548,25580.037254286373,25561.256996030104,25764.18333333333,25736.6,25791.766666666663,25883.21666666666,25947.08333333333,25700.316666666662,25581.283333333333,25517.416666666664,4367946
2026-02-19T14:45:00+05:30,25517.55,25522.2,25488,25515.9,,25592.298919990735,25573.92894435434,25552.185596824085,25764.18333333333,25736.6,25791.766666666663,25883.21666666666,25947.08333333333,25700.316666666662,25581.283333333333,25517.416666666664,6716065
2026-02-19T14:50:00+05:30,25513.85,25525.6,25512.2,25522.7,,25592.298919990735,25569.049997272974,25546.288477459268,25764.18333333333,25736.6,25791.766666666663,25883.21666666666,25947.08333333333,25700.316666666662,25581.283333333333,25517.416666666664,3726295
2026-02-19T14:55:00+05:30,25520.55,25535.4,25511.1,25523.35,,25592.298919990735,25564.69761658031,25541.700781967415,25764.18333333333,25736.6,25791.766666666663,25883.21666666666,25947.08333333333,25700.316666666662,25581.283333333333,25517.416666666664,3814376
2026-02-19T15:00:00+05:30,25521.75,25521.75,25465.8,25504.65,,25584.42521267325,25558.978795953615,25534.290625573933,25764.18333333333,25736.6,25791.766666666663,25883.21666666666,25947.08333333333,25700.316666666662,25581.283333333333,25517.416666666664,14850145
2026-02-19T15:05:00+05:30,25504.4,25512.3,25448.6,25489.4,,25581.145191405918,25552.352243958034,25525.312500459146,25764.18333333333,25736.6,25791.766666666663,25883.21666666666,25947.08333333333,25700.316666666662,25581.283333333333,25517.416666666664,11356460
2026-02-19T15:10:00+05:30,25488.05,25498.95,25440.25,25447.6,,25577.83567226533,25542.375839771554,25509.770000367316,25764.18333333333,25736.6,25791.766666666663,25883.21666666666,25947.08333333333,25700.316666666662,25581.283333333333,25517.416666666664,12562620
2026-02-19T15:15:00+05:30,25447.55,25447.55,25407.8,25410.15,,25537.027105038796,25529.782902650455,25489.846000293852,25764.18333333333,25736.6,25791.766666666663,25883.21666666666,25947.08333333333,25700.316666666662,25581.283333333333,25517.416666666664,12192775
2026-02-19T15:20:00+05:30,25410.3,25412.95,25389.75,25404.45,,25506.726894534917,25517.846435731364,25472.76680023508,25764.18333333333,25736.6,25791.766666666663,25883.21666666666,25947.08333333333,25700.316666666662,25581.283333333333,25517.416666666664,11560541
2026-02-19T15:25:00+05:30,25403.45,25419.3,25388.75,25416.45,,25506.726894534917,25508.189632328376,25461.503440188066,25764.18333333333,25736.6,25791.766666666663,25883.21666666666,25947.08333333333,25700.316666666662,25581.283333333333,25517.416666666664,11431974
2026-02-20T09:15:00+05:30,25400.3,25485.85,25386.2,25452.9,,25506.726894534917,25502.923953059006,25459.78275215045,25576.13333333333,25515.24166666666,25637.025,25763.516666666663,26072.683333333334,25266.966666666664,25079.583333333332,24770.416666666664,15866714
2026-02-20T09:20:00+05:30,25453.25,25479.45,25431.55,25431.55,,25506.726894534917,25496.126433720052,25454.13620172036,25576.13333333333,25515.24166666666,25637.025,25763.516666666663,26072.683333333334,25266.966666666664,25079.583333333332,24770.416666666664,6604678
2026-02-20T09:25:00+05:30,25432,25432,25379.75,25382.1,,25506.726894534917,25485.26677336576,25439.728961376288,25576.13333333333,25515.24166666666,25637.025,25763.516666666663,26072.683333333334,25266.966666666664,25079.583333333332,24770.416666666664,5791912
2026-02-20T09:30:00+05:30,25381.75,25468.85,25381.75,25466.35,,25506.726894534917,25483.465175902355,25445.05316910103,25576.13333333333,25515.24166666666,25637.025,25763.516666666663,26072.683333333334,25266.966666666664,25079.583333333332,24770.416666666664,5887185
2026-02-20T09:35:00+05:30,25466.6,25479.4,25456.7,25469.15,,25506.726894534917,25482.101825816415,25449.872535280825,25576.13333333333,25515.24166666666,25637.025,25763.516666666663,26072.683333333334,25266.966666666664,25079.583333333332,24770.416666666664,6840664
2026-02-20T09:40:00+05:30,25469.45,25486.9,25450.35,25482.3,,25506.726894534917,25482.120699548184,25456.35802822466,25576.13333333333,25515.24166666666,25637.025,25763.516666666663,26072.683333333334,25266.966666666664,25079.583333333332,24770.416666666664,3950220
2026-02-20T09:45:00+05:30,25481.65,25515.35,25480.6,25507.9,25379.754808594076,,25484.575871019784,25466.66642257973,25576.13333333333,25515.24166666666,25637.025,25763.516666666663,26072.683333333334,25266.966666666664,25079.583333333332,24770.416666666664,3906639
2026-02-20T09:50:00+05:30,25508.05,25524.4,25496.6,25504.05,25385.82564326483,,25486.430549970282,25474.143138063784,25576.13333333333,25515.24166666666,25637.025,25763.516666666663,26072.683333333334,25266.966666666664,25079.583333333332,24770.416666666664,3151530
2026-02-20T09:55:00+05:30,25503.9,25524.7,25498.55,25520.8,25391.573078938345,,25489.703830925493,25483.474510451026,25576.13333333333,25515.24166666666,25637.025,25763.516666666663,26072.683333333334,25266.966666666664,25079.583333333332,24770.416666666664,2905012
2026-02-20T10:00:00+05:30,25520.25,25523.45,25491.95,25496.35,25391.573078938345,,25490.33679940878,25486.04960836082,25576.13333333333,25515.24166666666,25637.025,25763.516666666663,26072.683333333334,25266.966666666664,25079.583333333332,24770.416666666664,3793773
2026-02-20T10:05:00+05:30,25497.45,25512.6,25468.95,25475.1,25391.573078938345,,25488.88567565556,25483.859686688655,25576.13333333333,25515.24166666666,25637.025,25763.516666666663,26072.683333333334,25266.966666666664,25079.583333333332,24770.416666666664,3828714
2026-02-20T10:10:00+05:30,25475.4,25501.8,25474.3,25480.45,25391.573078938345,,25488.08227797408,25483.177749350925,25576.13333333333,25515.24166666666,25637.025,25763.516666666663,26072.683333333334,25266.966666666664,25079.583333333332,24770.416666666664,3654285
2026-02-20T10:15:00+05:30,25479.9,25543.7,25479.9,25538.05,25391.573078938345,,25492.841108643217,25494.15219948074,25576.13333333333,25515.24166666666,25637.025,25763.516666666663,26072.683333333334,25266.966666666664,25079.583333333332,24770.416666666664,3099457
2026-02-20T10:20:00+05:30,25538.55,25555.05,25531.5,25544.85,25425.665641132306,,25497.794336391482,25504.291759584594,25576.13333333333,25515.24166666666,25637.025,25763.516666666663,26072.683333333334,25266.966666666664,25079.583333333332,24770.416666666664,3111954
2026-02-20T10:25:00+05:30,25543.75,25572.65,25543.75,25550.8,25443.681577019073,,25502.842494830387,25513.593407667675,25576.13333333333,25515.24166666666,25637.025,25763.516666666663,26072.683333333334,25266.966666666664,25079.583333333332,24770.416666666664,3068343
2026-02-20T10:30:00+05:30,25550.95,25578.5,25550.95,25570.85,25453.348419317164,,25509.319400084634,25525.04472613414,25576.13333333333,25515.24166666666,25637.025,25763.516666666663,26072.683333333334,25266.966666666664,25079.583333333332,24770.416666666664,3103037
2026-02-20T10:35:00+05:30,25570.5,25578.4,25564.15,25578.4,25466.76107738545,,25515.89850483848,25535.71578090731,25576.13333333333,25515.24166666666,25637.025,25763.516666666663,26072.683333333334,25266.966666666664,25079.583333333332,24770.416666666664,2752169
2026-02-20T10:40:00+05:30,25576.65,25603.8,25576.3,25596.65,25487.737469646905,,25523.58912342529,25547.902624725848,25576.13333333333,25515.24166666666,25637.025,25763.516666666663,26072.683333333334,25266.966666666664,25079.583333333332,24770.416666666664,2743067
2026-02-20T10:45:00+05:30,25595.6,25606.5,25581.95,25588.75,25494.778722682215,,25529.79492119431,25556.07209978068,25576.13333333333,25515.24166666666,25637.025,25763.516666666663,26072.683333333334,25266.966666666664,25079.583333333332,24770.416666666664,2963987
2026-02-20T10:50:00+05:30,25588.85,25593.95,25577.05,25587.95,25494.778722682215,,25535.333500128185,25562.44767982454,25576.13333333333,25515.24166666666,25637.025,25763.516666666663,26072.683333333334,25266.966666666664,25079.583333333332,24770.416666666664,2548450
2026-02-20T10:55:00+05:30,25588.3,25593.85,25574.05,25584.2,25494.778722682215,,25539.98745249693,25566.798143859633,25576.13333333333,25515.24166666666,25637.025,25763.516666666663,26072.683333333334,25266.966666666664,25079.583333333332,24770.416666666664,2622678
2026-02-20T11:00:00+05:30,25584.85,25590.3,25569.3,25579.2,25494.778722682215,,25543.721980830556,25569.278515087706,25576.13333333333,25515.24166666666,25637.025,25763.516666666663,26072.683333333334,25266.966666666664,25079.583333333332,24770.416666666664,3058029
2026-02-20T11:05:00+05:30,25579.55,25586.35,25564.85,25571,25494.778722682215,,25546.31988741812,25569.622812070163,25576.13333333333,25515.24166666666,25637.025,25763.516666666663,26072.683333333334,25266.966666666664,25079.583333333332,24770.416666666664,3017372
2026-02-20T11:10:00+05:30,25570.4,25583.9,25560.75,25561.85,25494.778722682215,,25547.798945759252,25568.06824965613,25576.13333333333,25515.24166666666,25637.025,25763.516666666663,26072.683333333334,25266.966666666664,25079.583333333332,24770.416666666664,2909604
2026-02-20T11:15:00+05:30,25561.7,25582.95,25561.7,25577.8,25494.778722682215,,25550.656189020276,25570.014599724906,25576.13333333333,25515.24166666666,25637.025,25763.516666666663,26072.683333333334,25266.966666666664,25079.583333333332,24770.416666666664,2616018
2026-02-20T11:20:00+05:30,25577.65,25583.2,25562.15,25568.85,25494.778722682215,,25552.388932923106,25569.781679779924,25576.13333333333,25515.24166666666,25637.025,25763.516666666663,26072.683333333334,25266.966666666664,25079.583333333332,24770.416666666664,2988491
2026-02-20T11:25:00+05:30,25568.4,25597.05,25563.4,25585.5,25497.877826635126,,25555.542367882812,25572.92534382394,25576.13333333333,25515.24166666666,25637.025,25763.516666666663,26072.683333333334,25266.966666666664,25079.583333333332,24770.416666666664,3175969
2026-02-20T11:30:00+05:30,25586.2,25602.6,25580.25,25593.9,25510.607543971615,,25559.1954757035,25577.12027505915,25576.13333333333,25515.24166666666,25637.025,25763.516666666663,26072.683333333334,25266.966666666664,25079.583333333332,24770.416666666664,2561934
2026-02-20T11:35:00+05:30,25593.25,25605.2,25586.05,25599.65,25517.14428957445,,25563.04828754126,25581.62622004732,25576.13333333333,25515.24166666666,25637.025,25763.516666666663,26072.683333333334,25266.966666666664,25079.583333333332,24770.416666666664,2306208
2026-02-20T11:40:00+05:30,25599.75,25607.2,25595.45,25600.85,25527.167360617008,,25566.64845063257,25585.470976037857,25576.13333333333,25515.24166666666,25637.025,25763.516666666663,26072.683333333334,25266.966666666664,25079.583333333332,24770.416666666664,2463685
2026-02-20T11:45:00+05:30,25600.25,25620.7,25586.95,25592.4,25527.167360617008,,25569.100979143754,25586.856780830287,25576.13333333333,25515.24166666666,25637.025,25763.516666666663,26072.683333333334,25266.966666666664,25079.583333333332,24770.416666666664,2766101
2026-02-20T11:50:00+05:30,25592.3,25600.85,25582.65,25583.85,25527.167360617008,,25570.50564779673,25586.25542466423,25576.13333333333,25515.24166666666,25637.025,25763.516666666663,26072.683333333334,25266.966666666664,25079.583333333332,24770.416666666664,3152167
2026-02-20T11:55:00+05:30,25583.6,25610.75,25581.1,25598.15,25527.167360617008,,25573.13844324466,25588.634339731383,25576.13333333333,25515.24166666666,25637.025,25763.516666666663,26072.683333333334,25266.966666666664,25079.583333333332,24770.416666666664,2145798
2026-02-20T12:00:00+05:30,25597.8,25602.05,25580.55,25587.3,25527.167360617008,,25574.487162935646,25588.367471785106,25576.13333333333,25515.24166666666,25637.025,25763.516666666663,26072.683333333334,25266.966666666664,25079.583333333332,24770.416666666664,2203591
2026-02-20T12:05:00+05:30,25586.75,25594.05,25582.8,25592.8,25527.167360617008,,25576.23124265606,25589.253977428085,25576.13333333333,25515.24166666666,25637.025,25763.516666666663,26072.683333333334,25266.966666666664,25079.583333333332,24770.416666666664,2737714
2026-02-20T12:10:00+05:30,25592.45,25604.5,25591.2,25603.1,25530.142117718664,,25578.79017192691,25592.023181942466,25576.13333333333,25515.24166666666,25637.025,25763.516666666663,26072.683333333334,25266.966666666664,25079.583333333332,24770.416666666664,1996785
2026-02-20T12:15:00+05:30,25602.45,25640.1,25602.1,25634.9,25548.762905946794,,25584.13396507673,25600.598545553974,25576.13333333333,25515.24166666666,25637.025,25763.516666666663,26072.683333333334,25266.966666666664,25079.583333333332,24770.416666666664,4252454
2026-02-20T12:20:00+05:30,25635.2,25651.55,25635.2,25648.1,25573.27661535212,,25590.225968402756,25610.09883644318,25576.13333333333,25515.24166666666,25637.025,25763.516666666663,26072.683333333334,25266.966666666664,25079.583333333332,24770.416666666664,3775730
2026-02-20T12:25:00+05:30,25648.05,25663.55,25646.65,25653.45,25586.941453816904,,25596.24730474535,25618.769069154543,25576.13333333333,25515.24166666666,25637.025,25763.516666666663,26072.683333333334,25266.966666666664,25079.583333333332,24770.416666666664,4547372
2026-02-20T12:30:00+05:30,25652.95,25658.35,25640.6,25643,25586.941453816904,,25600.69994238865,25623.615255323635,25576.13333333333,25515.24166666666,25637.025,25763.516666666663,26072.683333333334,25266.966666666664,25079.583333333332,24770.416666666664,2957656
2026-02-20T12:35:00+05:30,25643.35,25649.2,25632,25632.75,25586.941453816904,,25603.752328827824,25625.442204258907,25576.13333333333,25515.24166666666,25637.025,25763.516666666663,26072.683333333334,25266.966666666664,25079.583333333332,24770.416666666664,2654207
2026-02-20T12:40:00+05:30,25633.35,25636.95,25604.95,25606.8,25586.941453816904,,25604.042583225175,25621.713763407126,25576.13333333333,25515.24166666666,25637.025,25763.516666666663,26072.683333333334,25266.966666666664,25079.583333333332,24770.416666666664,3033082
2026-02-20T12:45:00+05:30,25605.95,25623.85,25588.45,25608.55,25586.941453816904,,25604.471861013255,25619.081010725702,25576.13333333333,25515.24166666666,25637.025,25763.516666666663,26072.683333333334,25266.966666666664,25079.583333333332,24770.416666666664,3392881
2026-02-20T12:50:00+05:30,25607.55,25613.7,25600.65,25612.25,25586.941453816904,,25605.21263615485,25617.71480858056,25576.13333333333,25515.24166666666,25637.025,25763.516666666663,26072.683333333334,25266.966666666664,25079.583333333332,24770.416666666664,2044670
2026-02-20T12:55:00+05:30,25612.1,25613.2,25573.3,25594.6,25586.941453816904,,25604.201908902007,25613.09184686445,25576.13333333333,25515.24166666666,25637.025,25763.516666666663,26072.683333333334,25266.966666666664,25079.583333333332,24770.416666666664,3070899
2026-02-20T13:00:00+05:30,25594.25,25609.75,25585.5,25587.9,25586.941453816904,,25602.649346149436,25608.053477491558,25576.13333333333,25515.24166666666,25637.025,25763.516666666663,26072.683333333334,25266.966666666664,25079.583333333332,24770.416666666664,2845632
2026-02-20T13:05:00+05:30,25588.25,25588.9,25560.8,25561.95,,25649.64290676559,25598.773217944727,25598.832781993246,25576.13333333333,25515.24166666666,25637.025,25763.516666666663,26072.683333333334,25266.966666666664,25079.583333333332,24770.416666666664,2706340
2026-02-20T13:10:00+05:30,25562.35,25566.3,25535.75,25554.6,,25627.503616089034,25594.566244807134,25589.986225594595,25576.13333333333,25515.24166666666,25637.025,25763.516666666663,26072.683333333334,25266.966666666664,25079.583333333332,24770.416666666664,4281982
2026-02-20T13:15:00+05:30,25554.5,25559.15,25538.9,25546.3,,25623.93075448013,25589.969459587406,25581.248980475677,25576.13333333333,25515.24166666666,25637.025,25763.516666666663,26072.683333333334,25266.966666666664,25079.583333333332,24770.416666666664,4286790
2026-02-20T13:20:00+05:30,25545.65,25551.45,25532,25549.85,,25614.975179032117,25586.14855867432,25574.96918438054,25576.13333333333,25515.24166666666,25637.025,25763.516666666663,26072.683333333334,25266.966666666664,25079.583333333332,24770.416666666664,3265361
2026-02-20T13:25:00+05:30,25549.2,25573.3,25540.3,25568.5,,25614.975179032117,25584.46774356248,25573.67534750443,25576.13333333333,25515.24166666666,25637.025,25763.516666666663,26072.683333333334,25266.966666666664,25079.583333333332,24770.416666666664,2899270
2026-02-20T13:30:00+05:30,25567.5,25593.5,25565.65,25593.5,,25614.975179032117,25585.32795846129,25577.640278003546,25576.13333333333,25515.24166666666,25637.025,25763.516666666663,26072.683333333334,25266.966666666664,25079.583333333332,24770.416666666664,3515395
2026-02-20T13:35:00+05:30,25593.7,25609.6,25568.7,25573.2,,25614.975179032117,25584.17291479831,25576.752222402836,25576.13333333333,25515.24166666666,25637.025,25763.516666666663,26072.683333333334,25266.966666666664,25079.583333333332,24770.416666666664,3014043
2026-02-20T13:40:00+05:30,25574.75,25580.1,25556,25573,,25614.975179032117,25583.10882767466,25576.00177792227,25576.13333333333,25515.24166666666,25637.025,25763.516666666663,26072.683333333334,25266.966666666664,25079.583333333332,24770.416666666664,2665995
2026-02-20T13:45:00+05:30,25572.85,25587.4,25568.75,25580.9,,25614.975179032117,25582.898463134217,25576.981422337816,25576.13333333333,25515.24166666666,25637.025,25763.516666666663,26072.683333333334,25266.966666666664,25079.583333333332,24770.416666666664,2350411
2026-02-20T13:50:00+05:30,25581.55,25583.25,25565.15,25565.2,,25614.975179032117,25581.21289521667,25574.625137870255,25576.13333333333,25515.24166666666,25637.025,25763.516666666663,26072.683333333334,25266.966666666664,25079.583333333332,24770.416666666664,1736067
2026-02-20T13:55:00+05:30,25564.9,25602.9,25561.4,25601.15,,25614.975179032117,25583.1116671008,25579.930110296205,25576.13333333333,25515.24166666666,25637.025,25763.516666666663,26072.683333333334,25266.966666666664,25079.583333333332,24770.416666666664,2283606
2026-02-20T14:00:00+05:30,25600.75,25611.8,25593,25593,,25614.975179032117,25584.0534130912,25582.544088236966,25576.13333333333,25515.24166666666,25637.025,25763.516666666663,26072.683333333334,25266.966666666664,25079.583333333332,24770.416666666664,2708258
2026-02-20T14:05:00+05:30,25592.2,25601.85,25577.45,25596.15,,25614.975179032117,25585.205468987275,25585.265270589574,25576.13333333333,25515.24166666666,25637.025,25763.516666666663,26072.683333333334,25266.966666666664,25079.583333333332,24770.416666666664,2624747
2026-02-20T14:10:00+05:30,25595.85,25602.15,25591.8,25602.15,,25614.975179032117,25586.81923384563,25588.64221647166,25576.13333333333,25515.24166666666,25637.025,25763.516666666663,26072.683333333334,25266.966666666664,25079.583333333332,24770.416666666664,3263855
2026-02-20T14:15:00+05:30,25601.65,25632.8,25601.65,25630.55,25542.281105562946,,25590.984068717473,25597.023773177327,25576.13333333333,25515.24166666666,25637.025,25763.516666666663,26072.683333333334,25266.966666666664,25079.583333333332,24770.416666666664,3833295
2026-02-20T14:20:00+05:30,25630.5,25634.15,25602.5,25604.55,25542.281105562946,,25592.27606217295,25598.52901854186,25576.13333333333,25515.24166666666,25637.025,25763.516666666663,26072.683333333334,25266.966666666664,25079.583333333332,24770.416666666664,3639836
2026-02-20T14:25:00+05:30,25604.35,25607.3,25587.05,25591.1,25542.281105562946,,25592.164056251717,25597.043214833488,25576.13333333333,25515.24166666666,25637.025,25763.516666666663,26072.683333333334,25266.966666666664,25079.583333333332,24770.416666666664,4126398
2026-02-20T14:30:00+05:30,25592,25604.85,25585.9,25600.75,25542.281105562946,,25592.981765180124,25597.78457186679,25576.13333333333,25515.24166666666,25637.025,25763.516666666663,26072.683333333334,25266.966666666664,25079.583333333332,24770.416666666664,3114648
2026-02-20T14:35:00+05:30,25600.7,25617.45,25595.75,25607.75,25542.281105562946,,25594.3882637344,25599.777657493432,25576.13333333333,25515.24166666666,25637.025,25763.516666666663,26072.683333333334,25266.966666666664,25079.583333333332,24770.416666666664,3062233
2026-02-20T14:40:00+05:30,25607.5,25637.6,25607.05,25625.55,25547.784185273864,,25597.356048140646,25604.932125994746,25576.13333333333,25515.24166666666,25637.025,25763.516666666663,26072.683333333334,25266.966666666664,25079.583333333332,24770.416666666664,3003218
2026-02-20T14:45:00+05:30,25625.95,25652.85,25625.95,25649.85,25564.12326674648,,25602.355472127252,25613.9157007958,25576.13333333333,25515.24166666666,25637.025,25763.516666666663,26072.683333333334,25266.966666666664,25079.583333333332,24770.416666666664,3079688
2026-02-20T14:50:00+05:30,25649.95,25650.6,25614.6,25632.55,25564.12326674648,,25605.231141448465,25617.64256063664,25576.13333333333,25515.24166666666,25637.025,25763.516666666663,26072.683333333334,25266.966666666664,25079.583333333332,24770.416666666664,3517479
2026-02-20T14:55:00+05:30,25632.1,25642.8,25629.15,25642.8,25564.12326674648,,25608.809127977183,25622.67404850931,25576.13333333333,25515.24166666666,25637.025,25763.516666666663,26072.683333333334,25266.966666666664,25079.583333333332,24770.416666666664,3712672
2026-02-20T15:00:00+05:30,25646.9,25649.65,25595.3,25598,25564.12326674648,,25607.77968721745,25617.739238807448,25576.13333333333,25515.24166666666,25637.025,25763.516666666663,26072.683333333334,25266.966666666664,25079.583333333332,24770.416666666664,10269013
2026-02-20T15:05:00+05:30,25597.05,25598.8,25570.35,25574.2,25564.12326674648,,25604.58162176817,25609.03139104596,25576.13333333333,25515.24166666666,25637.025,25763.516666666663,26072.683333333334,25266.966666666664,25079.583333333332,24770.416666666664,10406516
2026-02-20T15:10:00+05:30,25573.7,25576.05,25563,25571.95,25564.12326674648,,25601.47384826644,25601.615112836767,25576.13333333333,25515.24166666666,25637.025,25763.516666666663,26072.683333333334,25266.966666666664,25079.583333333332,24770.416666666664,11248010
2026-02-20T15:15:00+05:30,25570.85,25572.6,25552.3,25554.45,,25639.932358896982,25596.995386526778,25592.182090269413,25576.13333333333,25515.24166666666,25637.025,25763.516666666663,26072.683333333334,25266.966666666664,25079.583333333332,24770.416666666664,12709576
2026-02-20T15:20:00+05:30,25553,25568.35,25538.9,25567,,25632.194123007284,25594.138683048037,25587.14567221553,25576.13333333333,25515.24166666666,25637.025,25763.516666666663,26072.683333333334,25266.966666666664,25079.583333333332,24770.416666666664,12999084
2026-02-20T15:25:00+05:30,25566.3,25577.45,25551.65,25565.9,,25632.194123007284,25591.44928466251,25582.896537772423,25576.13333333333,25515.24166666666,25637.025,25763.516666666663,26072.683333333334,25266.966666666664,25079.583333333332,24770.416666666664,11525797